movieId,title,genres,director,actors,year,avg_rating,num_ratings
19995,Avatar,Action|Adventure|Fantasy|Science Fiction,James Cameron,Sam Worthington|Zoe Saldana|Sigourney Weaver|Stephen Lang|Michelle Rodriguez,2009,7.2,11800
285,Pirates of the Caribbean: At World's End,Adventure|Fantasy|Action,Gore Verbinski,Johnny Depp|Orlando Bloom|Keira Knightley|Stellan Skarsgård|Chow Yun-fat,2007,6.9,4500
206647,Spectre,Action|Adventure|Crime,Sam Mendes,Daniel Craig|Christoph Waltz|Léa Seydoux|Ralph Fiennes|Monica Bellucci,2015,6.3,4466
49026,The Dark Knight Rises,Action|Crime|Drama|Thriller,Christopher Nolan,Christian Bale|Michael Caine|Gary Oldman|Anne Hathaway|Tom Hardy,2012,7.6,9106
49529,John Carter,Action|Adventure|Science Fiction,Andrew Stanton,Taylor Kitsch|Lynn Collins|Samantha Morton|Willem Dafoe|Thomas Haden Church,2012,6.1,2124
559,Spider-Man 3,Fantasy|Action|Adventure,Sam Raimi,Tobey Maguire|Kirsten Dunst|James Franco|Thomas Haden Church|Topher Grace,2007,5.9,3576
38757,Tangled,Animation|Family,Byron Howard,Zachary Levi|Mandy Moore|Donna Murphy|Ron Perlman|M.C. Gainey,2010,7.4,3330
99861,Avengers: Age of Ultron,Action|Adventure|Science Fiction,Joss Whedon,Robert Downey Jr.|Chris Hemsworth|Mark Ruffalo|Chris Evans|Scarlett Johansson,2015,7.3,6767
767,Harry Potter and the Half-Blood Prince,Adventure|Fantasy|Family,David Yates,Daniel Radcliffe|Rupert Grint|Emma Watson|Tom Felton|Michael Gambon,2009,7.4,5293
209112,Batman v Superman: Dawn of Justice,Action|Adventure|Fantasy,Zack Snyder,Ben Affleck|Henry Cavill|Gal Gadot|Amy Adams|Jesse Eisenberg,2016,5.7,7004
1452,Superman Returns,Adventure|Fantasy|Action|Science Fiction,Bryan Singer,Brandon Routh|Kevin Spacey|Kate Bosworth|James Marsden|Parker Posey,2006,5.4,1400
10764,Quantum of Solace,Adventure|Action|Thriller|Crime,Marc Forster,Daniel Craig|Olga Kurylenko|Mathieu Amalric|Judi Dench|Giancarlo Giannini,2008,6.1,2965
58,Pirates of the Caribbean: Dead Man's Chest,Adventure|Fantasy|Action,Gore Verbinski,Johnny Depp|Orlando Bloom|Keira Knightley|Stellan Skarsgård|Bill Nighy,2006,7.0,5246
57201,The Lone Ranger,Action|Adventure|Western,Gore Verbinski,Johnny Depp|Armie Hammer|William Fichtner|Helena Bonham Carter|James Badge Dale,2013,5.9,2311
49521,Man of Steel,Action|Adventure|Fantasy|Science Fiction,Zack Snyder,Henry Cavill|Amy Adams|Michael Shannon|Kevin Costner|Diane Lane,2013,6.5,6359
2454,The Chronicles of Narnia: Prince Caspian,Adventure|Family|Fantasy,Andrew Adamson,Ben Barnes|William Moseley|Anna Popplewell|Skandar Keynes|Georgie Henley,2008,6.3,1630
24428,The Avengers,Science Fiction|Action|Adventure,Joss Whedon,Robert Downey Jr.|Chris Evans|Mark Ruffalo|Chris Hemsworth|Scarlett Johansson,2012,7.4,11776
1865,Pirates of the Caribbean: On Stranger Tides,Adventure|Action|Fantasy,Rob Marshall,Johnny Depp|Penélope Cruz|Ian McShane|Kevin McNally|Geoffrey Rush,2011,6.4,4948
41154,Men in Black 3,Action|Comedy|Science Fiction,Barry Sonnenfeld,Will Smith|Tommy Lee Jones|Josh Brolin|Michael Stuhlbarg|Emma Thompson,2012,6.2,4160
122917,The Hobbit: The Battle of the Five Armies,Action|Adventure|Fantasy,Peter Jackson,Martin Freeman|Ian McKellen|Richard Armitage|Ken Stott|Graham McTavish,2014,7.1,4760
1930,The Amazing Spider-Man,Action|Adventure|Fantasy,Marc Webb,Andrew Garfield|Emma Stone|Rhys Ifans|Denis Leary|Campbell Scott,2012,6.5,6586
20662,Robin Hood,Action|Adventure,Ridley Scott,Russell Crowe|Cate Blanchett|Max von Sydow|William Hurt|Mark Strong,2010,6.2,1398
57158,The Hobbit: The Desolation of Smaug,Adventure|Fantasy,Peter Jackson,Martin Freeman|Ian McKellen|Richard Armitage|Ken Stott|Graham McTavish,2013,7.6,4524
2268,The Golden Compass,Adventure|Fantasy,Chris Weitz,Dakota Blue Richards|Nicole Kidman|Daniel Craig|Sam Elliott|Eva Green,2007,5.8,1303
254,King Kong,Adventure|Drama|Action,Peter Jackson,Naomi Watts|Jack Black|Adrien Brody|Thomas Kretschmann|Colin Hanks,2005,6.6,2337
597,Titanic,Drama|Romance|Thriller,James Cameron,Kate Winslet|Leonardo DiCaprio|Frances Fisher|Billy Zane|Kathy Bates,1997,7.5,7562
271110,Captain America: Civil War,Adventure|Action|Science Fiction,Anthony Russo,Chris Evans|Robert Downey Jr.|Scarlett Johansson|Sebastian Stan|Anthony Mackie,2016,7.1,7241
44833,Battleship,Thriller|Action|Adventure|Science Fiction,Peter Berg,Taylor Kitsch|Alexander Skarsgård|Rihanna|Brooklyn Decker|Tadanobu Asano,2012,5.5,2114
135397,Jurassic World,Action|Adventure|Science Fiction|Thriller,Colin Trevorrow,Chris Pratt|Bryce Dallas Howard|Irrfan Khan|Vincent D'Onofrio|Nick Robinson,2015,6.5,8662
37724,Skyfall,Action|Adventure|Thriller,Sam Mendes,Daniel Craig|Judi Dench|Javier Bardem|Ralph Fiennes|Naomie Harris,2012,6.9,7604
558,Spider-Man 2,Action|Adventure|Fantasy,Sam Raimi,Tobey Maguire|Kirsten Dunst|James Franco|Alfred Molina|Rosemary Harris,2004,6.7,4321
68721,Iron Man 3,Action|Adventure|Science Fiction,Shane Black,Robert Downey Jr.|Gwyneth Paltrow|Don Cheadle|Guy Pearce|Rebecca Hall,2013,6.8,8806
12155,Alice in Wonderland,Family|Fantasy|Adventure,Tim Burton,Mia Wasikowska|Johnny Depp|Anne Hathaway|Helena Bonham Carter|Crispin Glover,2010,6.4,4645
36668,X-Men: The Last Stand,Adventure|Action|Science Fiction|Thriller,Brett Ratner,Hugh Jackman|Halle Berry|Ian McKellen|Patrick Stewart|Famke Janssen,2006,6.3,3525
62211,Monsters University,Animation|Family,Dan Scanlon,Billy Crystal|John Goodman|Steve Buscemi|Helen Mirren|Noah Johnston,2013,7.0,3528
8373,Transformers: Revenge of the Fallen,Science Fiction|Action|Adventure,Michael Bay,Shia LaBeouf|Megan Fox|Josh Duhamel|Rainn Wilson|Tyrese Gibson,2009,6.0,3138
91314,Transformers: Age of Extinction,Science Fiction|Action|Adventure,Michael Bay,Mark Wahlberg|Stanley Tucci|Kelsey Grammer|Nicola Peltz|Jack Reynor,2014,5.8,3095
68728,Oz: The Great and Powerful,Fantasy|Adventure|Family,Sam Raimi,James Franco|Mila Kunis|Rachel Weisz|Michelle Williams|Zach Braff,2013,5.7,3530
102382,The Amazing Spider-Man 2,Action|Adventure|Fantasy,Marc Webb,Andrew Garfield|Emma Stone|Jamie Foxx|Dane DeHaan|Campbell Scott,2014,6.5,4179
20526,TRON: Legacy,Adventure|Action|Science Fiction,Joseph Kosinski,Garrett Hedlund|Jeff Bridges|Olivia Wilde|Bruce Boxleitner|Yaya DaCosta,2010,6.3,2841
49013,Cars 2,Animation|Family|Adventure|Comedy,John Lasseter,Owen Wilson|Larry the Cable Guy|Michael Caine|Emily Mortimer|John Turturro,2011,5.8,2033
44912,Green Lantern,Adventure|Action|Thriller|Science Fiction,Martin Campbell,Ryan Reynolds|Blake Lively|Peter Sarsgaard|Tim Robbins|Mark Strong,2011,5.1,2487
10193,Toy Story 3,Animation|Family|Comedy,Lee Unkrich,Tom Hanks|Tim Allen|Ned Beatty|Joan Cusack|Michael Keaton,2010,7.6,4597
534,Terminator Salvation,Action|Science Fiction|Thriller,McG,Christian Bale|Sam Worthington|Anton Yelchin|Moon Bloodgood|Bryce Dallas Howard,2009,5.9,2463
168259,Furious 7,Action,James Wan,Vin Diesel|Paul Walker|Dwayne Johnson|Michelle Rodriguez|Tyrese Gibson,2015,7.3,4176
72190,World War Z,Action|Drama|Horror|Science Fiction|Thriller,Marc Forster,Brad Pitt|Mireille Enos|Abigail Hargrove|Sterling Jerins|James Badge Dale,2013,6.7,5560
127585,X-Men: Days of Future Past,Action|Adventure|Fantasy|Science Fiction,Bryan Singer,Hugh Jackman|James McAvoy|Michael Fassbender|Jennifer Lawrence|Halle Berry,2014,7.5,6032
54138,Star Trek Into Darkness,Action|Adventure|Science Fiction,J.J. Abrams,Chris Pine|Zachary Quinto|Zoe Saldana|Karl Urban|Simon Pegg,2013,7.4,4418
81005,Jack the Giant Slayer,Action|Family|Fantasy,Bryan Singer,Nicholas Hoult|Eleanor Tomlinson|Ewan McGregor|Stanley Tucci|Ian McShane,2013,5.5,2598
64682,The Great Gatsby,Drama|Romance,Baz Luhrmann,Leonardo DiCaprio|Tobey Maguire|Carey Mulligan|Joel Edgerton|Elizabeth Debicki,2013,7.3,3769
9543,Prince of Persia: The Sands of Time,Adventure|Fantasy|Action|Romance,Mike Newell,Jake Gyllenhaal|Gemma Arterton|Ben Kingsley|Alfred Molina|Steve Toussaint,2010,6.2,2317
68726,Pacific Rim,Action|Science Fiction|Adventure,Guillermo del Toro,Idris Elba|Charlie Hunnam|Charlie Day|Ron Perlman|Burn Gorman,2013,6.7,4794
38356,Transformers: Dark of the Moon,Action|Science Fiction|Adventure,Michael Bay,Shia LaBeouf|John Malkovich|Ken Jeong|Frances McDormand|Josh Duhamel,2011,6.1,3299
217,Indiana Jones and the Kingdom of the Crystal Skull,Adventure|Action,Steven Spielberg,Harrison Ford|Cate Blanchett|Shia LaBeouf|Ray Winstone|Karen Allen,2008,5.7,2495
105864,The Good Dinosaur,Adventure|Animation|Family,Peter Sohn,Raymond Ochoa|Jack Bright|Jeffrey Wright|Frances McDormand|Maleah Nipay-Padilla,2015,6.6,1736
62177,Brave,Animation|Adventure|Comedy|Family|Action|Fantasy,Brenda Chapman,Kelly Macdonald|Julie Walters|Billy Connolly|Emma Thompson|Kevin McKidd,2012,6.7,4641
188927,Star Trek Beyond,Action|Adventure|Science Fiction,Justin Lin,Chris Pine|Zachary Quinto|Karl Urban|Simon Pegg|Zoe Saldana,2016,6.6,2568
10681,WALL·E,Animation|Family,Andrew Stanton,Ben Burtt|Elissa Knight|Jeff Garlin|Fred Willard|John Ratzenberger,2008,7.8,6296
5174,Rush Hour 3,Action|Comedy|Crime|Thriller,Brett Ratner,Chris Tucker|Jackie Chan|Hiroyuki Sanada|Max von Sydow|Yvan Attal,2007,6.1,783
14161,2012,Action|Adventure|Science Fiction,Roland Emmerich,John Cusack|Amanda Peet|Chiwetel Ejiofor|Thandie Newton|Oliver Platt,2009,5.6,4903
17979,A Christmas Carol,Animation|Drama,Robert Zemeckis,Gary Oldman|Jim Carrey|Steve Valentine|Daryl Sabara|Sage Ryan,2009,6.6,1095
76757,Jupiter Ascending,Science Fiction|Fantasy|Action|Adventure,Lilly Wachowski,Mila Kunis|Channing Tatum|Sean Bean|Eddie Redmayne|Douglas Booth,2015,5.2,2768
258489,The Legend of Tarzan,Action|Adventure,David Yates,Alexander Skarsgård|Margot Robbie|Christoph Waltz|Samuel L. Jackson|Djimon Hounsou,2016,5.5,2430
411,"The Chronicles of Narnia: The Lion, the Witch and the Wardrobe",Adventure|Family|Fantasy,Andrew Adamson,William Moseley|Anna Popplewell|Skandar Keynes|Georgie Henley|Liam Neeson,2005,6.7,2629
246655,X-Men: Apocalypse,Science Fiction,Bryan Singer,James McAvoy|Michael Fassbender|Jennifer Lawrence|Nicholas Hoult|Oscar Isaac,2016,6.4,4721
155,The Dark Knight,Drama|Action|Crime|Thriller,Christopher Nolan,Christian Bale|Heath Ledger|Aaron Eckhart|Michael Caine|Maggie Gyllenhaal,2008,8.2,12002
14160,Up,Animation|Comedy|Family|Adventure,Pete Docter,Ed Asner|Christopher Plummer|Jordan Nagai|Bob Peterson|Delroy Lindo,2009,7.7,6870
15512,Monsters vs Aliens,Animation|Family|Adventure|Science Fiction,Conrad Vernon,Seth Rogen|Reese Witherspoon|Hugh Laurie|Paul Rudd|Kiefer Sutherland,2009,6.0,1423
1726,Iron Man,Action|Science Fiction|Adventure,Jon Favreau,Robert Downey Jr.|Terrence Howard|Jeff Bridges|Shaun Toub|Gwyneth Paltrow,2008,7.4,8776
44826,Hugo,Adventure|Drama|Family,Martin Scorsese,Ben Kingsley|Sacha Baron Cohen|Asa Butterfield|Chloë Grace Moretz|Ray Winstone,2011,7.0,2141
8487,Wild Wild West,Action|Adventure|Comedy|Science Fiction|Western,Barry Sonnenfeld,Will Smith|Kevin Kline|Kenneth Branagh|Salma Hayek|M. Emmet Walsh,1999,5.1,1020
1735,The Mummy: Tomb of the Dragon Emperor,Adventure|Action|Fantasy,Rob Cohen,Brendan Fraser|Jet Li|John Hannah|Maria Bello|Luke Ford,2008,5.2,1387
297761,Suicide Squad,Action|Adventure|Crime|Fantasy|Science Fiction,David Ayer,Will Smith|Margot Robbie|Joel Kinnaman|Viola Davis|Jared Leto,2016,5.9,7458
2698,Evan Almighty,Fantasy|Comedy|Family,Tom Shadyac,Steve Carell|Lauren Graham|John Goodman|Jimmy Bennett|John Michael Higgins,2007,5.3,1151
137113,Edge of Tomorrow,Action|Science Fiction,Doug Liman,Tom Cruise|Emily Blunt|Brendan Gleeson|Bill Paxton|Jonas Armstrong,2014,7.6,4858
9804,Waterworld,Adventure|Action,Kevin Reynolds,Kevin Costner|Chaim Girafi|Rick Aviles|R. D. Call|Zitto Kazann,1995,5.9,992
14869,G.I. Joe: The Rise of Cobra,Adventure|Action|Thriller|Science Fiction,Stephen Sommers,Dennis Quaid|Channing Tatum|Marlon Wayans|Sienna Miller|Joseph Gordon-Levitt,2009,5.6,1962
150540,Inside Out,Drama|Comedy|Animation|Family,Pete Docter,Amy Poehler|Phyllis Smith|Richard Kind|Bill Hader|Lewis Black,2015,8.0,6560
278927,The Jungle Book,Family|Adventure|Drama|Fantasy,Jon Favreau,Neel Sethi|Bill Murray|Ben Kingsley|Idris Elba|Scarlett Johansson,2016,6.7,2892
10138,Iron Man 2,Adventure|Action|Science Fiction,Jon Favreau,Robert Downey Jr.|Gwyneth Paltrow|Don Cheadle|Scarlett Johansson|Mickey Rourke,2010,6.6,6849
58595,Snow White and the Huntsman,Adventure|Fantasy|Drama,Rupert Sanders,Kristen Stewart|Charlize Theron|Chris Hemsworth|Sam Claflin|Ian McShane,2012,5.8,3118
102651,Maleficent,Fantasy|Adventure|Action|Family|Romance,Robert Stromberg,Angelina Jolie|Elle Fanning|Sharlto Copley|Sam Riley|Juno Temple,2014,7.0,4496
119450,Dawn of the Planet of the Apes,Science Fiction|Action|Drama|Thriller,Matt Reeves,Andy Serkis|Jason Clarke|Gary Oldman|Keri Russell|Toby Kebbell,2014,7.3,4410
79698,The Lovers,Action|Adventure|Science Fiction|Romance,Roland Joffé,Josh Hartnett|Simone Kessell|Tamsin Egerton|Alice Englert|Bipasha Basu,2015,4.8,34
64686,47 Ronin,Drama|Action|Adventure|Fantasy,Carl Rinsch,Keanu Reeves|Hiroyuki Sanada|Kou Shibasaki|Tadanobu Asano|Min Tanaka,2013,5.9,1326
100402,Captain America: The Winter Soldier,Action|Adventure|Science Fiction,Anthony Russo,Chris Evans|Samuel L. Jackson|Scarlett Johansson|Robert Redford|Sebastian Stan,2014,7.6,5764
10192,Shrek Forever After,Comedy|Adventure|Fantasy|Animation|Family,Mike Mitchell,Mike Myers|Eddie Murphy|Cameron Diaz|Antonio Banderas|Julie Andrews,2010,6.0,1959
158852,Tomorrowland,Adventure|Family|Mystery|Science Fiction,Brad Bird,Britt Robertson|George Clooney|Raffey Cassidy|Thomas Robinson|Hugh Laurie,2015,6.2,2846
177572,Big Hero 6,Adventure|Family|Animation|Action|Comedy,Chris Williams,Scott Adsit|Ryan Potter|Daniel Henney|T.J. Miller|Jamie Chung,2014,7.8,6135
82690,Wreck-It Ralph,Family|Animation|Comedy|Adventure,Rich Moore,John C. Reilly|Sarah Silverman|Jack McBrayer|Jane Lynch|Alan Tudyk,2012,7.1,4570
5255,The Polar Express,Adventure|Animation|Family|Fantasy,Robert Zemeckis,Tom Hanks|Michael Jeter|Nona Gaye|Peter Scolari|Eddie Deezen,2004,6.4,1474
47933,Independence Day: Resurgence,Action|Adventure|Science Fiction,Roland Emmerich,Liam Hemsworth|Jeff Goldblum|Bill Pullman|Maika Monroe|Sela Ward,2016,4.9,2491
10191,How to Train Your Dragon,Fantasy|Adventure|Animation|Family,Chris Sanders,Jay Baruchel|Gerard Butler|Craig Ferguson|America Ferrera|Jonah Hill,2010,7.5,4227
296,Terminator 3: Rise of the Machines,Action|Thriller|Science Fiction,Jonathan Mostow,Arnold Schwarzenegger|Nick Stahl|Claire Danes|Kristanna Loken|David Andrews,2003,5.9,2143
118340,Guardians of the Galaxy,Action|Science Fiction|Adventure,James Gunn,Chris Pratt|Zoe Saldana|Dave Bautista|Vin Diesel|Bradley Cooper,2014,7.9,9742
157336,Interstellar,Adventure|Drama|Science Fiction,Christopher Nolan,Matthew McConaughey|Jessica Chastain|Anne Hathaway|Michael Caine|Casey Affleck,2014,8.1,10867
27205,Inception,Action|Thriller|Science Fiction|Mystery|Adventure,Christopher Nolan,Leonardo DiCaprio|Joseph Gordon-Levitt|Ellen Page|Tom Hardy|Ken Watanabe,2010,8.1,13752
315011,Shin Godzilla,Action|Adventure|Drama|Horror|Science Fiction,Hideaki Anno,Hiroki Hasegawa|Yutaka Takenouchi|Satomi Ishihara|Kengo Kora|Matsuo Satoru,2016,6.5,143
49051,The Hobbit: An Unexpected Journey,Adventure|Fantasy|Action,Peter Jackson,Ian McKellen|Martin Freeman|Richard Armitage|Andy Serkis|Cate Blanchett,2012,7.0,8297
9799,The Fast and the Furious,Action|Crime|Thriller,Rob Cohen,Paul Walker|Vin Diesel|Michelle Rodriguez|Jordana Brewster|Rick Yune,2001,6.6,3428
4922,The Curious Case of Benjamin Button,Fantasy|Drama|Thriller|Mystery|Romance,David Fincher,Cate Blanchett|Brad Pitt|Tilda Swinton|Julia Ormond|Elle Fanning,2008,7.3,3292
49538,X-Men: First Class,Action|Science Fiction|Adventure,Matthew Vaughn,James McAvoy|Michael Fassbender|Jennifer Lawrence|Kevin Bacon|Rose Byrne,2011,7.1,5181
131634,The Hunger Games: Mockingjay - Part 2,Action|Adventure|Science Fiction,Francis Lawrence,Jennifer Lawrence|Josh Hutcherson|Liam Hemsworth|Woody Harrelson|Elizabeth Banks,2015,6.6,3984
27022,The Sorcerer's Apprentice,Fantasy|Adventure|Action|Comedy|Drama,Jon Turteltaub,Nicolas Cage|Jay Baruchel|Monica Bellucci|Alfred Molina|Teresa Palmer,2010,5.8,1470
503,Poseidon,Adventure|Action|Drama|Thriller,Wolfgang Petersen,Kurt Russell|Richard Dreyfuss|Josh Lucas|Jacinda Barrett|Emmy Rossum,2006,5.5,583
241259,Alice Through the Looking Glass,Fantasy,James Bobin,Johnny Depp|Mia Wasikowska|Anne Hathaway|Helena Bonham Carter|Alan Rickman,2016,6.5,1725
810,Shrek the Third,Fantasy|Adventure|Animation|Comedy|Family,Chris Miller,Mike Myers|Eddie Murphy|Cameron Diaz|Julie Andrews|Antonio Banderas,2007,6.0,2278
68735,Warcraft,Action|Adventure|Fantasy,Duncan Jones,Paula Patton|Travis Fimmel|Ben Foster|Robert Kazinsky|Dominic Cooper,2016,6.3,2268
87101,Terminator Genisys,Science Fiction|Action|Thriller|Adventure,Alan Taylor,Arnold Schwarzenegger|Jason Clarke|Emilia Clarke|Jai Courtney|J.K. Simmons,2015,5.8,3631
10140,The Chronicles of Narnia: The Voyage of the Dawn Treader,Adventure|Family|Fantasy,Michael Apted,Skandar Keynes|Georgie Henley|Simon Pegg|Gary Sweet|Arthur Angel,2010,6.2,1514
676,Pearl Harbor,History|Romance|War,Michael Bay,Ben Affleck|Josh Hartnett|Kate Beckinsale|Cuba Gooding Jr.|Jon Voight,2001,6.6,1791
1858,Transformers,Adventure|Science Fiction|Action,Michael Bay,Shia LaBeouf|Josh Duhamel|Megan Fox|Rachael Taylor|Tyrese Gibson,2007,6.6,4040
1966,Alexander,War|History|Action|Adventure|Drama|Romance,Oliver Stone,Colin Farrell|Angelina Jolie|Val Kilmer|Jared Leto|Jonathan Rhys Meyers,2004,5.6,927
675,Harry Potter and the Order of the Phoenix,Adventure|Fantasy|Family|Mystery,David Yates,Daniel Radcliffe|Rupert Grint|Emma Watson|Michael Gambon|Ralph Fiennes,2007,7.4,5494
674,Harry Potter and the Goblet of Fire,Adventure|Fantasy|Family,Mike Newell,Daniel Radcliffe|Rupert Grint|Emma Watson|Ralph Fiennes|Michael Gambon,2005,7.5,5608
8960,Hancock,Fantasy|Action,Peter Berg,Will Smith|Charlize Theron|Jason Bateman|Jae Head|Eddie Marsan,2008,6.2,2961
6479,I Am Legend,Drama|Horror|Action|Thriller|Science Fiction,Francis Lawrence,Will Smith|Alice Braga|Charlie Tahan|Salli Richardson-Whitfield|Willow Smith,2007,6.9,4853
118,Charlie and the Chocolate Factory,Adventure|Comedy|Family|Fantasy,Tim Burton,Johnny Depp|Freddie Highmore|David Kelly|AnnaSophia Robb|Julia Winter,2005,6.7,3624
2062,Ratatouille,Animation|Comedy|Family|Fantasy,Jan Pinkava,Patton Oswalt|Ian Holm|Lou Romano|Brian Dennehy|Peter Sohn,2007,7.5,4369
272,Batman Begins,Action|Crime|Drama,Christopher Nolan,Christian Bale|Michael Caine|Liam Neeson|Katie Holmes|Gary Oldman,2005,7.5,7359
10527,Madagascar: Escape 2 Africa,Family|Animation,Eric Darnell,Ben Stiller|Jada Pinkett Smith|David Schwimmer|Chris Rock|Cedric the Entertainer,2008,6.2,1810
18360,Night at the Museum: Battle of the Smithsonian,Adventure|Fantasy|Action|Comedy|Family,Shawn Levy,Ben Stiller|Amy Adams|Owen Wilson|Hank Azaria|Robin Williams,2009,5.9,1971
2080,X-Men Origins: Wolverine,Adventure|Action|Thriller|Science Fiction,Gavin Hood,Hugh Jackman|Liev Schreiber|Danny Huston|Lynn Collins|Ryan Reynolds,2009,6.2,4021
605,The Matrix Revolutions,Adventure|Action|Thriller|Science Fiction,Lilly Wachowski,Keanu Reeves|Laurence Fishburne|Carrie-Anne Moss|Hugo Weaving|Mary Alice,2003,6.4,3096
109445,Frozen,Animation|Adventure|Family,Chris Buck,Kristen Bell|Idina Menzel|Jonathan Groff|Josh Gad|Santino Fontana,2013,7.3,5295
604,The Matrix Reloaded,Adventure|Action|Thriller|Science Fiction,Lilly Wachowski,Keanu Reeves|Carrie-Anne Moss|Laurence Fishburne|Hugo Weaving|Helmut Bakaitis,2003,6.7,3443
76338,Thor: The Dark World,Action|Adventure|Fantasy,Alan Taylor,Chris Hemsworth|Natalie Portman|Tom Hiddleston|Anthony Hopkins|Christopher Eccleston,2013,6.8,4755
76341,Mad Max: Fury Road,Action|Adventure|Science Fiction|Thriller,George Miller,Tom Hardy|Charlize Theron|Nicholas Hoult|Hugh Keays-Byrne|Josh Helman,2015,7.2,9427
13448,Angels & Demons,Thriller|Mystery,Ron Howard,Tom Hanks|Ewan McGregor|Ayelet Zurer|Stellan Skarsgård|Pierfrancesco Favino,2009,6.5,2129
10195,Thor,Adventure|Fantasy|Action,Kenneth Branagh,Chris Hemsworth|Natalie Portman|Tom Hiddleston|Anthony Hopkins|Stellan Skarsgård,2011,6.6,6525
13053,Bolt,Animation|Family|Adventure|Comedy,Chris Williams,John Travolta|Miley Cyrus|Susie Essman|Mark Walton|Malcolm McDowell,2008,6.3,1750
19585,G-Force,Fantasy|Action|Adventure|Family|Comedy,Hoyt Yeatman,Sam Rockwell|Penélope Cruz|Tracy Morgan|Jon Favreau|Steve Buscemi,2009,5.1,510
57165,Wrath of the Titans,Adventure,Jonathan Liebesman,Sam Worthington|Liam Neeson|Ralph Fiennes|Edgar Ramírez|Toby Kebbell,2012,5.5,1431
62213,Dark Shadows,Comedy|Fantasy,Tim Burton,Johnny Depp|Michelle Pfeiffer|Helena Bonham Carter|Jackie Earle Haley|Jonny Lee Miller,2012,5.7,2320
177677,Mission: Impossible - Rogue Nation,Action|Adventure|Thriller,Christopher McQuarrie,Tom Cruise|Rebecca Ferguson|Simon Pegg|Jeremy Renner|Ving Rhames,2015,7.1,3224
7978,The Wolfman,Drama|Horror|Thriller,Joe Johnston,Benicio del Toro|Anthony Hopkins|Emily Blunt|Hugo Weaving|Cristina Contes,2010,5.5,549
5559,Bee Movie,Family|Animation|Adventure|Comedy,Steve Hickner,Jerry Seinfeld|Renée Zellweger|Jim Cummings|Matthew Broderick|Patrick Warburton,2007,5.7,1171
49444,Kung Fu Panda 2,Animation|Family,Jennifer Yuh Nelson,Jack Black|Angelina Jolie|Dustin Hoffman|Gary Oldman|Jackie Chan,2011,6.7,1880
10196,The Last Airbender,Action|Adventure|Family|Fantasy,M. Night Shyamalan,Noah Ringer|Nicola Peltz|Jackson Rathbone|Dev Patel|Shaun Toub,2010,4.7,1151
956,Mission: Impossible III,Adventure|Action|Thriller,J.J. Abrams,Tom Cruise|Philip Seymour Hoffman|Ving Rhames|Billy Crudup|Jonathan Rhys Meyers,2006,6.5,2028
117251,White House Down,Action|Drama|Thriller,Roland Emmerich,Channing Tatum|Jamie Foxx|Joey King|Maggie Gyllenhaal|Richard Jenkins,2013,6.4,1891
50321,Mars Needs Moms,Adventure|Animation|Family,Simon Wells,Seth Green|Joan Cusack|Dan Fogler|Breckin Meyer|Elisabeth Harnois,2011,5.5,199
11619,Flushed Away,Adventure|Animation|Comedy|Family,David Bowers,Hugh Jackman|Kate Winslet|Ian McKellen|Jean Reno|Bill Nighy,2006,6.0,874
266647,Pan,Adventure|Family|Fantasy,Joe Wright,Levi Miller|Garrett Hedlund|Hugh Jackman|Rooney Mara|Amanda Seyfried,2015,5.9,954
82703,Mr. Peabody & Sherman,Animation|Adventure|Family,Rob Minkoff,Ty Burrell|Max Charles|Ariel Winter|Allison Janney|Ellie Kemper,2014,6.7,843
652,Troy,Adventure|Drama|War,Wolfgang Petersen,Brad Pitt|Orlando Bloom|Eric Bana|Brian Cox|Sean Bean,2004,6.9,2759
80321,Madagascar 3: Europe's Most Wanted,Animation|Family,Conrad Vernon,Ben Stiller|Sacha Baron Cohen|David Schwimmer|Frances McDormand|Chris Rock,2012,6.4,1808
36669,Die Another Day,Adventure|Action|Thriller,Lee Tamahori,Pierce Brosnan|Halle Berry|Rosamund Pike|Rick Yune|Toby Stephens,2002,5.8,1092
43074,Ghostbusters,Action|Fantasy|Comedy,Paul Feig,Melissa McCarthy|Kristen Wiig|Kate McKinnon|Leslie Jones|Chris Hemsworth,2016,5.3,2142
95,Armageddon,Action|Thriller|Science Fiction|Adventure,Michael Bay,Bruce Willis|Billy Bob Thornton|Ben Affleck|Liv Tyler|Will Patton,1998,6.4,2482
608,Men in Black II,Action|Adventure|Comedy|Science Fiction,Barry Sonnenfeld,Tommy Lee Jones|Will Smith|Rip Torn|Lara Flynn Boyle|Johnny Knoxville,2002,6.0,3114
2310,Beowulf,Adventure|Action|Animation,Robert Zemeckis,Ray Winstone|Angelina Jolie|Anthony Hopkins|Robin Wright|John Malkovich,2007,5.5,841
140300,Kung Fu Panda 3,Action|Adventure|Animation|Comedy|Family,Jennifer Yuh Nelson,Jack Black|Bryan Cranston|Dustin Hoffman|Angelina Jolie|J.K. Simmons,2016,6.7,1603
56292,Mission: Impossible - Ghost Protocol,Action|Thriller|Adventure,Brad Bird,Tom Cruise|Jeremy Renner|Simon Pegg|Paula Patton|Anil Kapoor,2011,6.8,3972
81188,Rise of the Guardians,Fantasy|Animation|Family,Peter Ramsey,Chris Pine|Alec Baldwin|Jude Law|Isla Fisher|Hugh Jackman,2012,7.1,1922
7552,Fun with Dick and Jane,Comedy,Dean Parisot,Jim Carrey|Téa Leoni|Alec Baldwin|Richard Jenkins|Angie Harmon,2005,5.9,627
616,The Last Samurai,Drama|Action|War|History,Edward Zwick,Tom Cruise|Ken Watanabe|William Atherton|Chad Lindberg|Billy Connolly,2003,7.3,1895
147441,Exodus: Gods and Kings,Adventure|Drama|Action,Ridley Scott,Christian Bale|Joel Edgerton|John Turturro|Aaron Paul|Ben Mendelsohn,2014,5.6,1921
13475,Star Trek,Science Fiction|Action|Adventure,J.J. Abrams,Chris Pine|Zachary Quinto|Leonard Nimoy|Eric Bana|Bruce Greenwood,2009,7.4,4518
557,Spider-Man,Fantasy|Action,Sam Raimi,Tobey Maguire|Willem Dafoe|Kirsten Dunst|James Franco|Cliff Robertson,2002,6.8,5265
82702,How to Train Your Dragon 2,Fantasy|Action|Adventure|Animation|Comedy|Family,Dean DeBlois,Jay Baruchel|Gerard Butler|Kristen Wiig|Jonah Hill|Cate Blanchett,2014,7.6,3106
205584,Gods of Egypt,Fantasy,Alex Proyas,Brenton Thwaites|Nikolaj Coster-Waldau|Gerard Butler|Courtney Eaton|Elodie Yung,2016,5.3,1277
10048,Stealth,Action,Rob Cohen,Josh Lucas|Jessica Biel|Jamie Foxx|Sam Shepard|Richard Roxburgh,2005,4.9,331
13183,Watchmen,Action|Mystery|Science Fiction,Zack Snyder,Malin Åkerman|Billy Crudup|Carla Gugino|Jeffrey Dean Morgan|Patrick Wilson,2009,7.0,2811
944,Lethal Weapon 4,Action|Adventure|Comedy|Crime|Thriller,Richard Donner,Mel Gibson|Danny Glover|Joe Pesci|Rene Russo|Jet Li,1998,6.3,767
1927,Hulk,Drama|Action|Science Fiction,Ang Lee,Eric Bana|Jennifer Connelly|Sam Elliott|Josh Lucas|Nick Nolte,2003,5.3,1533
72559,G.I. Joe: Retaliation,Adventure|Action|Science Fiction|Thriller,Jon M. Chu,Dwayne Johnson|D.J. Cotrona|Adrianne Palicki|Bruce Willis|Ray Park,2013,5.4,3025
7364,Sahara,Action|Adventure|Comedy|Drama|Mystery,Breck Eisner,Matthew McConaughey|Penélope Cruz|Steve Zahn|William H. Macy|Lennie James,2005,5.7,434
2114,Final Fantasy: The Spirits Within,Adventure|Action|Animation|Fantasy|Science Fiction|Thriller,Hironobu Sakaguchi,Donald Sutherland|Ming-Na Wen|Alec Baldwin|Ving Rhames|Steve Buscemi,2001,5.9,433
1771,Captain America: The First Avenger,Action|Adventure|Science Fiction,Joe Johnston,Chris Evans|Hugo Weaving|Tommy Lee Jones|Hayley Atwell|Sebastian Stan,2011,6.6,7047
36643,The World Is Not Enough,Adventure|Action|Thriller,Michael Apted,Pierce Brosnan|Sophie Marceau|Robert Carlyle|Denise Richards|Robbie Coltrane,1999,6.0,862
8619,Master and Commander: The Far Side of the World,Adventure,Peter Weir,Russell Crowe|Paul Bettany|James D'Arcy|Billy Boyd|Joseph Morgan,2003,6.9,790
50620,The Twilight Saga: Breaking Dawn - Part 2,Adventure|Fantasy|Drama|Romance,Bill Condon,Kristen Stewart|Robert Pattinson|Taylor Lautner|Peter Facinelli|Elizabeth Reaser,2012,6.1,2553
65759,Happy Feet Two,Animation|Comedy|Family,George Miller,Elijah Wood|Robin Williams|Pink|E.G. Daily|Johnny A. Sanchez,2011,5.8,373
1724,The Incredible Hulk,Science Fiction|Action|Adventure,Louis Leterrier,Edward Norton|Liv Tyler|Tim Roth|William Hurt|Tim Blake Nelson,2008,6.1,3021
267935,The BFG,Adventure|Family|Fantasy,Steven Spielberg,Ruby Barnhill|Mark Rylance|Rebecca Hall|Jemaine Clement|Bill Hader,2016,6.0,1000
281957,The Revenant,Western|Drama|Adventure|Thriller,Alejandro González Iñárritu,Leonardo DiCaprio|Tom Hardy|Will Poulter|Domhnall Gleeson|Paul Anderson,2015,7.3,6396
77950,Turbo,Animation|Family,David Soren,Ryan Reynolds|Paul Giamatti|Michael Peña|Samuel L. Jackson|Luis Guzmán,2013,6.1,1074
44896,Rango,Animation|Comedy|Family|Western|Adventure,Gore Verbinski,Johnny Depp|Isla Fisher|Ned Beatty|Bill Nighy|Alfred Molina,2011,6.6,2051
270946,Penguins of Madagascar,Family|Animation|Adventure|Comedy,Eric Darnell,Tom McGrath|Chris Miller|Christopher Knights|Conrad Vernon|John Malkovich,2014,6.5,1346
2503,The Bourne Ultimatum,Action|Drama|Mystery|Thriller,Paul Greengrass,Matt Damon|Julia Stiles|David Strathairn|Scott Glenn|Paddy Considine,2007,7.3,2888
9502,Kung Fu Panda,Adventure|Animation|Family|Comedy,Mark Osborne,Jack Black|Dustin Hoffman|Angelina Jolie|Jackie Chan|Lucy Liu,2008,6.9,3145
102899,Ant-Man,Science Fiction|Action|Adventure,Peyton Reed,Paul Rudd|Michael Douglas|Evangeline Lilly|Corey Stoll|Bobby Cannavale,2015,7.0,5880
101299,The Hunger Games: Catching Fire,Adventure|Action|Science Fiction,Francis Lawrence,Jennifer Lawrence|Josh Hutcherson|Liam Hemsworth|Woody Harrelson|Elizabeth Banks,2013,7.4,6495
228161,Home,Fantasy|Comedy|Animation|Science Fiction|Family,Tim Johnson,Jim Parsons|Rihanna|Steve Martin|Jennifer Lopez|Matt Jones,2015,6.8,1519
74,War of the Worlds,Adventure|Thriller|Science Fiction,Steven Spielberg,Tom Cruise|Dakota Fanning|Miranda Otto|Justin Chatwin|Tim Robbins,2005,6.2,2322
8961,Bad Boys II,Adventure|Action|Comedy|Thriller|Crime,Michael Bay,Martin Lawrence|Will Smith|Jordi Mollà|Gabrielle Union|Peter Stormare,2003,6.3,1564
417859,Puss in Boots,Action|Adventure|Animation|Family|Fantasy,Chris Miller,Antonio Banderas|Salma Hayek|Zach Galifianakis|Billy Bob Thornton|Amy Sedaris,2011,6.4,451
27576,Salt,Action|Mystery|Thriller,Phillip Noyce,Angelina Jolie|Liev Schreiber|Chiwetel Ejiofor|Daniel Olbrychski|August Diehl,2010,6.2,2093
86834,Noah,Drama|Adventure,Darren Aronofsky,Russell Crowe|Jennifer Connelly|Emma Watson|Logan Lerman|Anthony Hopkins,2014,5.6,2350
17578,The Adventures of Tintin,Adventure|Animation|Mystery,Steven Spielberg,Jamie Bell|Andy Serkis|Daniel Craig|Nick Frost|Simon Pegg,2011,6.7,2061
673,Harry Potter and the Prisoner of Azkaban,Adventure|Fantasy|Family,Alfonso Cuarón,Daniel Radcliffe|Rupert Grint|Emma Watson|Gary Oldman|David Thewlis,2004,7.7,5877
6972,Australia,Drama,Baz Luhrmann,Nicole Kidman|Hugh Jackman|Essie Davis|David Wenham|Bryan Brown,2008,6.3,694
82700,After Earth,Science Fiction|Action|Adventure,M. Night Shyamalan,Jaden Smith|Will Smith|Sophie Okonedo|Zoë Kravitz|Glenn Morshower,2013,5.0,2532
10567,Dinosaur,Animation|Family,Ralph Zondag,D. B. Sweeney|Alfre Woodard|Ossie Davis|Max Casella|Hayden Panettiere,2000,6.2,542
181533,Night at the Museum: Secret of the Tomb,Adventure|Comedy|Fantasy|Family,Shawn Levy,Ben Stiller|Rami Malek|Rebel Wilson|Robin Williams|Owen Wilson,2014,6.1,1851
38055,Megamind,Animation|Action|Comedy|Family|Science Fiction,Tom McGrath,Will Ferrell|Brad Pitt|Tina Fey|Jonah Hill|David Cross,2010,6.7,1918
671,Harry Potter and the Philosopher's Stone,Adventure|Fantasy|Family,Chris Columbus,Daniel Radcliffe|Rupert Grint|Emma Watson|Richard Harris|Tom Felton,2001,7.5,7006
49524,R.I.P.D.,Fantasy|Action|Comedy|Crime,Robert Schwentke,Jeff Bridges|Ryan Reynolds|Kevin Bacon|Stephanie Szostak|Mary-Louise Parker,2013,5.4,1260
22,Pirates of the Caribbean: The Curse of the Black Pearl,Adventure|Fantasy|Action,Gore Verbinski,Johnny Depp|Geoffrey Rush|Orlando Bloom|Keira Knightley|Jack Davenport,2003,7.5,6985
131631,The Hunger Games: Mockingjay - Part 1,Science Fiction|Adventure|Thriller,Francis Lawrence,Jennifer Lawrence|Josh Hutcherson|Liam Hemsworth|Woody Harrelson|Donald Sutherland,2014,6.6,5584
591,The Da Vinci Code,Thriller|Mystery,Ron Howard,Tom Hanks|Audrey Tautou|Ian McKellen|Paul Bettany|Jean Reno,2006,6.5,2704
172385,Rio 2,Animation|Adventure|Comedy|Family,Carlos Saldanha,Jesse Eisenberg|Anne Hathaway|Leslie Mann|Jamie Foxx|Andy García,2014,6.3,978
36658,X2,Adventure|Action|Science Fiction|Thriller,Bryan Singer,Patrick Stewart|Hugh Jackman|Ian McKellen|Halle Berry|Famke Janssen,2003,6.8,3506
51497,Fast Five,Action|Thriller|Crime,Justin Lin,Vin Diesel|Paul Walker|Jordana Brewster|Tyrese Gibson|Ludacris,2011,7.1,2438
58574,Sherlock Holmes: A Game of Shadows,Adventure|Action|Crime|Mystery,Guy Ritchie,Robert Downey Jr.|Jude Law|Jared Harris|Noomi Rapace|Kelly Reilly,2011,7.0,3886
18823,Clash of the Titans,Adventure|Fantasy|Action,Louis Leterrier,Sam Worthington|Liam Neeson|Ralph Fiennes|Gemma Arterton|Jason Flemyng,2010,5.6,2233
861,Total Recall,Action|Adventure|Science Fiction,Paul Verhoeven,Arnold Schwarzenegger|Sharon Stone|Rachel Ticotin|Ronny Cox|Michael Ironside,1990,7.1,1710
1911,The 13th Warrior,Adventure|Fantasy|Action,John McTiernan,Antonio Banderas|Vladimir Kulich|Dennis Storhøi|Daniel Southern|Clive Russell,1999,6.4,510
49040,The Bourne Legacy,Action|Thriller,Tony Gilroy,Jeremy Renner|Rachel Weisz|Edward Norton|Scott Glenn|Stacy Keach,2012,6.0,2651
415,Batman & Robin,Action|Crime|Fantasy,Joel Schumacher,George Clooney|Chris O'Donnell|Arnold Schwarzenegger|Uma Thurman|Alicia Silverstone,1997,4.2,1418
8871,How the Grinch Stole Christmas,Family|Comedy|Fantasy,Ron Howard,Jim Carrey|Taylor Momsen|Jeffrey Tambor|Christine Baranski|Bill Irwin,2000,6.2,1386
435,The Day After Tomorrow,Action|Adventure|Science Fiction|Thriller,Roland Emmerich,Dennis Quaid|Jake Gyllenhaal|Emmy Rossum|Dash Mihok|Jay O. Sanders,2004,6.2,2392
955,Mission: Impossible II,Adventure|Action|Thriller,John Woo,Tom Cruise|Dougray Scott|Thandie Newton|Ving Rhames|Richard Roxburgh,2000,5.9,1928
2133,The Perfect Storm,Drama,Wolfgang Petersen,George Clooney|Mark Wahlberg|Diane Lane|John C. Reilly|William Fichtner,2000,6.2,597
1979,Fantastic 4: Rise of the Silver Surfer,Adventure|Fantasy|Action|Thriller,Tim Story,Ioan Gruffudd|Jessica Alba|Chris Evans|Michael Chiklis|Julian McMahon,2007,5.4,2589
87827,Life of Pi,Adventure|Drama|Action,Ang Lee,Suraj Sharma|Irrfan Khan|Ayush Tandon|Gautam Belur|Adil Hussain,2012,7.2,5797
1250,Ghost Rider,Thriller|Action|Fantasy|Horror,Mark Steven Johnson,Nicolas Cage|Eva Mendes|Wes Bentley|Donal Logue|Sam Elliott,2007,5.2,1712
324668,Jason Bourne,Action|Thriller,Paul Greengrass,Matt Damon|Alicia Vikander|Tommy Lee Jones|Vincent Cassel|Julia Stiles,2016,5.9,2341
9471,Charlie's Angels: Full Throttle,Action|Adventure|Comedy,McG,Cameron Diaz|Drew Barrymore|Lucy Liu|Bernie Mac|Robert Patrick,2003,5.2,914
70981,Prometheus,Science Fiction|Adventure|Mystery,Ridley Scott,Noomi Rapace|Michael Fassbender|Guy Pearce|Idris Elba|Logan Marshall-Green,2012,6.3,5080
10996,Stuart Little 2,Family|Adventure|Animation|Comedy,Rob Minkoff,Michael J. Fox|Geena Davis|Hugh Laurie|Jonathan Lipnicki|Anna Hoelck,2002,5.4,613
68724,Elysium,Science Fiction|Action|Drama|Thriller,Neill Blomkamp,Matt Damon|Jodie Foster|Sharlto Copley|Alice Braga|Diego Luna,2013,6.4,3439
2789,The Chronicles of Riddick,Action|Science Fiction,David Twohy,Vin Diesel|Thandie Newton|Karl Urban|Colm Feore|Linus Roache,2004,6.3,1570
97020,RoboCop,Action|Science Fiction,José Padilha,Joel Kinnaman|Gary Oldman|Michael Keaton|Abbie Cornish|Jackie Earle Haley,2014,5.7,2342
7459,Speed Racer,Action|Family|Science Fiction,Lilly Wachowski,Emile Hirsch|Christina Ricci|Matthew Fox|Susan Sarandon|Scott Porter,2008,5.7,354
42888,How Do You Know,Comedy|Drama|Romance,James L. Brooks,Reese Witherspoon|Paul Rudd|Owen Wilson|Jack Nicholson|Kathryn Hahn,2010,4.9,223
37834,Knight and Day,Action|Comedy,James Mangold,Tom Cruise|Cameron Diaz|Peter Sarsgaard|Viola Davis|Jordi Mollà,2010,5.9,1547
75612,Oblivion,Action|Science Fiction|Adventure|Mystery,Joseph Kosinski,Tom Cruise|Morgan Freeman|Olga Kurylenko|Andrea Riseborough|Nikolaj Coster-Waldau,2013,6.4,4800
1895,Star Wars: Episode III - Revenge of the Sith,Science Fiction|Adventure|Action,George Lucas,Ewan McGregor|Natalie Portman|Hayden Christensen|Ian McDiarmid|Samuel L. Jackson,2005,7.1,4116
1894,Star Wars: Episode II - Attack of the Clones,Adventure|Action|Science Fiction,George Lucas,Ewan McGregor|Natalie Portman|Hayden Christensen|Ian McDiarmid|Samuel L. Jackson,2002,6.4,3992
585,"Monsters, Inc.",Animation|Comedy|Family,Pete Docter,John Goodman|Billy Crystal|Mary Gibbs|Steve Buscemi|James Coburn,2001,7.5,5996
76170,The Wolverine,Action|Science Fiction|Adventure|Fantasy,James Mangold,Hugh Jackman|Hiroyuki Sanada|Famke Janssen|Will Yun Lee|Tao Okamoto,2013,6.3,4053
1893,Star Wars: Episode I - The Phantom Menace,Adventure|Action|Science Fiction,George Lucas,Liam Neeson|Ewan McGregor|Natalie Portman|Jake Lloyd|Ian McDiarmid,1999,6.3,4432
49519,The Croods,Adventure|Animation|Comedy|Family|Fantasy,Chris Sanders,Nicolas Cage|Emma Stone|Ryan Reynolds|Catherine Keener|Cloris Leachman,2013,6.8,2399
2395,Asterix at the Olympic Games,Fantasy|Adventure|Comedy|Family,Thomas Langmann,Clovis Cornillac|Gérard Depardieu|Franck Dubosc|José Garcia|Stéphane Rousseau,2008,5.0,471
12100,Windtalkers,Drama|Action|History|War,John Woo,Nicolas Cage|Adam Beach|Peter Stormare|Noah Emmerich|Mark Ruffalo,2002,5.8,341
290595,The Huntsman: Winter's War,Action|Adventure|Drama,Cedric Nicolas-Troyan,Chris Hemsworth|Charlize Theron|Emily Blunt|Jessica Chastain|Nick Frost,2016,6.0,1523
98566,Teenage Mutant Ninja Turtles,Science Fiction|Action|Adventure|Fantasy|Comedy,Jonathan Liebesman,Megan Fox|Will Arnett|William Fichtner|Alan Ritchson|Noel Fisher,2014,5.8,2636
49047,Gravity,Science Fiction|Thriller|Drama,Alfonso Cuarón,Sandra Bullock|George Clooney|Ed Harris|Orto Ignatiussen|Phaldut Sharma,2013,7.3,5751
9619,Dante's Peak,Action|Adventure|Thriller,Roger Donaldson,Pierce Brosnan|Linda Hamilton|Jamie Renée Smith|Jeremy Foley|Elizabeth Hoffman,1997,5.7,428
308531,Teenage Mutant Ninja Turtles: Out of the Shadows,Fantasy|Action|Adventure|Comedy,Dave Green,Megan Fox|Stephen Amell|Will Arnett|Laura Linney|Pete Ploszek,2016,5.8,963
166424,Fantastic Four,Action|Adventure|Science Fiction,Josh Trank,Miles Teller|Kate Mara|Michael B. Jordan|Jamie Bell|Toby Kebbell,2015,4.4,2278
1593,Night at the Museum,Action|Adventure|Comedy|Family|Fantasy,Shawn Levy,Ben Stiller|Jake Cherry|Carla Gugino|Robin Williams|Dick Van Dyke,2006,6.3,2862
254128,San Andreas,Action|Drama|Thriller,Brad Peyton,Dwayne Johnson|Alexandra Daddario|Carla Gugino|Ioan Gruffudd|Archie Panjabi,2015,6.0,2968
714,Tomorrow Never Dies,Adventure|Action|Thriller,Roger Spottiswoode,Pierce Brosnan|Jonathan Pryce|Michelle Yeoh|Teri Hatcher|Ricky Jay,1997,6.0,925
2024,The Patriot,Drama|History|War|Action,Roland Emmerich,Mel Gibson|Heath Ledger|Joely Richardson|Jason Isaacs|Tchéky Karyo,2000,6.8,1099
163,Ocean's Twelve,Thriller|Crime,Steven Soderbergh,George Clooney|Brad Pitt|Catherine Zeta-Jones|Julia Roberts|Andy García,2004,6.4,2124
787,Mr. & Mrs. Smith,Action|Comedy|Drama|Thriller,Doug Liman,Angelina Jolie|Brad Pitt|Vince Vaughn|Adam Brody|Kerry Washington,2005,6.5,2965
262500,Insurgent,Adventure|Science Fiction|Thriller,Robert Schwentke,Shailene Woodley|Theo James|Kate Winslet|Ansel Elgort|Miles Teller,2015,6.2,3829
2567,The Aviator,Drama,Martin Scorsese,Leonardo DiCaprio|Cate Blanchett|Kate Beckinsale|John C. Reilly|Alec Baldwin,2004,7.0,1489
38745,Gulliver's Travels,Comedy,Rob Letterman,Jack Black|Amanda Peet|Emily Blunt|Jason Segel|Chris O'Dowd,2010,4.9,621
40805,The Green Hornet,Action|Crime|Comedy,Michel Gondry,Seth Rogen|Jay Chou|Christoph Waltz|Cameron Diaz|Edward Furlong,2011,5.5,1251
53182,300: Rise of an Empire,Action|War,Noam Murro,Sullivan Stapleton|Eva Green|Lena Headey|Callan Mulvey|David Wenham,2014,6.1,2397
41513,The Smurfs,Animation|Family|Adventure|Comedy|Fantasy,Raja Gosnell,Hank Azaria|Neil Patrick Harris|Jayma Mays|Sofía Vergara|Tim Gunn,2011,5.5,1179
13700,Home on the Range,Animation|Family,Will Finn,Roseanne Barr|Judi Dench|Jennifer Tilly|Steve Buscemi|G. W. Bailey,2004,5.7,389
262504,Allegiant,Adventure|Science Fiction,Robert Schwentke,Shailene Woodley|Theo James|Zoë Kravitz|Miles Teller|Naomi Watts,2016,5.9,1998
39254,Real Steel,Action|Science Fiction|Drama,Shawn Levy,Hugh Jackman|Dakota Goyo|Evangeline Lilly|Anthony Mackie|Kevin Durand,2011,6.6,2692
77931,The Smurfs 2,Fantasy|Family|Comedy|Animation,Raja Gosnell,Hank Azaria|Neil Patrick Harris|Brendan Gleeson|Jayma Mays|Jonathan Winters,2013,5.5,695
1639,Speed 2: Cruise Control,Action|Adventure|Thriller,Jan de Bont,Sandra Bullock|Jason Patric|Willem Dafoe|Temuera Morrison|Mike Hagerty,1997,4.1,434
80274,Ender's Game,Science Fiction|Action|Adventure,Gavin Hood,Asa Butterfield|Harrison Ford|Hailee Steinfeld|Abigail Breslin|Ben Kingsley,2013,6.6,2303
1571,Live Free or Die Hard,Action|Thriller,Len Wiseman,Bruce Willis|Justin Long|Timothy Olyphant|Cliff Curtis|Maggie Q,2007,6.4,2089
120,The Lord of the Rings: The Fellowship of the Ring,Adventure|Fantasy|Action,Peter Jackson,Elijah Wood|Ian McKellen|Cate Blanchett|Orlando Bloom|Sean Bean,2001,8.0,8705
10204,Around the World in 80 Days,Action|Adventure|Comedy,Frank Coraci,Jackie Chan|Steve Coogan|Cécile de France|Robert Fyfe|Jim Broadbent,2004,5.7,672
8489,Ali,Drama,Michael Mann,Will Smith|Jamie Foxx|Jon Voight|Mario Van Peebles|Ron Silver,2001,6.7,447
10588,The Cat in the Hat,Comedy|Fantasy|Family,Bo Welch,Mike Myers|Dakota Fanning|Spencer Breslin|Kelly Preston|Alec Baldwin,2003,4.9,366
2048,"I, Robot",Action|Science Fiction,Alex Proyas,Will Smith|Bridget Moynahan|Alan Tudyk|James Cromwell|Bruce Greenwood,2004,6.7,3793
1495,Kingdom of Heaven,Drama|Action|Adventure|History|War,Ridley Scott,Orlando Bloom|Eva Green|Jeremy Irons|Marton Csokas|Brendan Gleeson,2005,6.6,1157
10137,Stuart Little,Animation|Fantasy|Family|Comedy,Rob Minkoff,Michael J. Fox|Geena Davis|Hugh Laurie|Jonathan Lipnicki|Nathan Lane,1999,5.8,959
10198,The Princess and the Frog,Romance|Family|Animation|Music,Ron Clements,Anika Noni Rose|Bruno Campos|Keith David|Michael-Leon Wooley|Jennifer Cody,2009,6.7,1247
286217,The Martian,Drama|Adventure|Science Fiction,Ridley Scott,Matt Damon|Jessica Chastain|Kristen Wiig|Jeff Daniels|Michael Peña,2015,7.6,7268
1635,The Island,Action|Thriller|Science Fiction|Adventure,Michael Bay,Ewan McGregor|Scarlett Johansson|Djimon Hounsou|Sean Bean|Steve Buscemi,2005,6.5,1770
24113,Town & Country,Comedy|Romance,Peter Chelsom,Warren Beatty|Diane Keaton|Goldie Hawn|Garry Shandling|Andie MacDowell,2001,3.7,16
9679,Gone in Sixty Seconds,Action|Crime|Thriller,Dominic Sena,Nicolas Cage|Angelina Jolie|Giovanni Ribisi|Delroy Lindo|Will Patton,2000,6.1,1485
98,Gladiator,Action|Drama|Adventure,Ridley Scott,Russell Crowe|Joaquin Phoenix|Connie Nielsen|Oliver Reed|Richard Harris,2000,7.9,5439
180,Minority Report,Action|Thriller|Science Fiction|Mystery,Steven Spielberg,Tom Cruise|Colin Farrell|Samantha Morton|Max von Sydow|Lois Smith,2002,7.1,2608
672,Harry Potter and the Chamber of Secrets,Adventure|Fantasy|Family,Chris Columbus,Daniel Radcliffe|Rupert Grint|Emma Watson|Richard Harris|Alan Rickman,2002,7.4,5815
36557,Casino Royale,Adventure|Action|Thriller,Martin Campbell,Daniel Craig|Eva Green|Mads Mikkelsen|Judi Dench|Jeffrey Wright,2006,7.3,3855
869,Planet of the Apes,Thriller|Science Fiction|Action|Adventure,Tim Burton,Mark Wahlberg|Tim Roth|Helena Bonham Carter|Michael Clarke Duncan|Kris Kristofferson,2001,5.6,1243
280,Terminator 2: Judgment Day,Action|Thriller|Science Fiction,James Cameron,Arnold Schwarzenegger|Linda Hamilton|Robert Patrick|Edward Furlong|Michael Edwards,1991,7.7,4185
11322,Public Enemies,History|Crime|Drama,Michael Mann,Christian Bale|Johnny Depp|Giovanni Ribisi|Billy Crudup|Marion Cotillard,2009,6.5,1344
4982,American Gangster,Drama|Crime,Ridley Scott,Denzel Washington|Russell Crowe|Chiwetel Ejiofor|Josh Brolin|Lymari Nadal,2007,7.4,1502
36955,True Lies,Action|Thriller,James Cameron,Arnold Schwarzenegger|Jamie Lee Curtis|Tom Arnold|Bill Paxton|Tia Carrere,1994,6.8,1116
18487,The Taking of Pelham 1 2 3,Thriller|Drama|Crime,Tony Scott,Denzel Washington|John Travolta|Luis Guzmán|Victor Gojcaj|John Turturro,2009,6.2,954
39451,Little Fockers,Comedy|Romance,Paul Weitz,Robert De Niro|Ben Stiller|Owen Wilson|Dustin Hoffman|Barbra Streisand,2010,5.4,1060
27581,The Other Guys,Action|Comedy|Crime,Adam McKay,Will Ferrell|Mark Wahlberg|Eva Mendes|Samuel L. Jackson|Dwayne Johnson,2010,6.1,1383
9268,Eraser,Action|Drama|Mystery|Thriller,Chuck Russell,Arnold Schwarzenegger|James Caan|Vanessa Williams|James Coburn|Robert Pastorelli,1996,5.6,543
68718,Django Unchained,Drama|Western,Quentin Tarantino,Jamie Foxx|Christoph Waltz|Leonardo DiCaprio|Kerry Washington|Samuel L. Jackson,2012,7.8,10099
10545,The Hunchback of Notre Dame,Drama|Animation|Family,Gary Trousdale,Tom Hulce|Demi Moore|Tony Jay|Kevin Kline|Paul Kandel,1996,6.8,1129
11688,The Emperor's New Groove,Adventure|Animation|Comedy|Family|Fantasy,Mark Dindal,David Spade|John Goodman|Eartha Kitt|Patrick Warburton|Wendie Malick,2000,7.2,1490
76163,The Expendables 2,Action|Adventure|Thriller,Simon West,Sylvester Stallone|Jason Statham|Dolph Lundgren|Bruce Willis|Arnold Schwarzenegger,2012,6.1,2896
2059,National Treasure,Adventure|Action|Thriller|Mystery,Jon Turteltaub,Nicolas Cage|Diane Kruger|Justin Bartha|Sean Bean|Jon Voight,2004,6.4,1926
2486,Eragon,Fantasy|Action|Adventure|Family,Stefen Fangmeier,Ed Speleers|Jeremy Irons|Sienna Guillory|Robert Carlyle|Djimon Hounsou,2006,4.9,967
16523,Where the Wild Things Are,Family|Fantasy,Spike Jonze,Max Records|Catherine Keener|Lauren Ambrose|James Gandolfini|Catherine O'Hara,2009,6.4,572
116711,Epic,Animation|Adventure|Family|Fantasy,Chris Wedge,Josh Hutcherson|Amanda Seyfried|Colin Farrell|Jason Sudeikis|Aziz Ansari,2013,6.4,1121
37710,The Tourist,Action|Thriller|Romance,Florian Henckel von Donnersmarck,Johnny Depp|Angelina Jolie|Paul Bettany|Timothy Dalton|Steven Berkoff,2010,6.0,1699
9946,End of Days,Action|Fantasy|Horror|Mystery,Peter Hyams,Arnold Schwarzenegger|Gabriel Byrne|Kevin Pollak|Robin Tunney|CCH Pounder,1999,5.5,482
1372,Blood Diamond,Drama|Thriller|Action,Edward Zwick,Leonardo DiCaprio|Djimon Hounsou|Jennifer Connelly|Kagiso Kuypers|Arnold Vosloo,2006,7.3,2281
106646,The Wolf of Wall Street,Crime|Drama|Comedy,Martin Scorsese,Leonardo DiCaprio|Jonah Hill|Margot Robbie|Kyle Chandler|Rob Reiner,2013,7.9,6571
414,Batman Forever,Action|Crime|Fantasy,Joel Schumacher,Val Kilmer|Tommy Lee Jones|Jim Carrey|Nicole Kidman|Chris O'Donnell,1995,5.2,1498
563,Starship Troopers,Adventure|Action|Thriller|Science Fiction,Paul Verhoeven,Casper Van Dien|Dina Meyer|Denise Richards|Jake Busey|Neil Patrick Harris,1997,6.7,1560
83542,Cloud Atlas,Drama|Science Fiction,Tom Tykwer,Tom Hanks|Halle Berry|Jim Broadbent|Hugo Weaving|Jim Sturgess,2012,6.6,2977
41216,Legend of the Guardians: The Owls of Ga'Hoole,Animation|Adventure|Family|Fantasy,Zack Snyder,Emily Barclay|Abbie Cornish|Essie Davis|Joel Edgerton|Deborra-Lee Furness,2010,6.5,703
314,Catwoman,Action|Crime,Pitof,Halle Berry|Benjamin Bratt|Sharon Stone|Lambert Wilson|Frances Conroy,2004,4.2,808
184315,Hercules,Action|Adventure,Brett Ratner,Dwayne Johnson|Ian McShane|John Hurt|Rufus Sewell|Aksel Hennie,2014,5.6,1680
9016,Treasure Planet,Adventure|Animation|Family|Fantasy|Science Fiction,Ron Clements,Joseph Gordon-Levitt|Brian Murray|David Hyde Pierce|Emma Thompson|Michael Wincott,2002,7.2,948
18162,Land of the Lost,Adventure|Comedy|Science Fiction,Brad Silberling,Will Ferrell|Anna Friel|Danny McBride|Jorma Taccone|Matt Lauer,2009,5.3,381
138103,The Expendables 3,Action|Adventure|Thriller,Patrick Hughes,Sylvester Stallone|Jason Statham|Harrison Ford|Arnold Schwarzenegger|Mel Gibson,2014,6.1,1795
257088,Point Break,Action|Crime|Thriller,Ericson Core,Edgar Ramírez|Luke Bracey|Teresa Palmer|Delroy Lindo|Ray Winstone,2015,5.5,783
10214,Son of the Mask,Fantasy|Comedy|Family|Adventure,Lawrence Guterman,Jamie Kennedy|Alan Cumming|Traylor Howard|Kal Penn|Steven Wright,2005,3.6,338
205775,In the Heart of the Sea,Thriller|Drama|Adventure|Action|History,Ron Howard,Chris Hemsworth|Benjamin Walker|Cillian Murphy|Brendan Gleeson|Ben Whishaw,2015,6.5,1276
11692,The Adventures of Pluto Nash,Action|Comedy|Science Fiction,Ron Underwood,Eddie Murphy|Randy Quaid|Rosario Dawson|Joe Pantoliano|Jay Mohr,2002,4.4,142
22972,Green Zone,War|Action|Adventure|Drama|Thriller,Paul Greengrass,Matt Damon|Greg Kinnear|Brendan Gleeson|Amy Ryan|Jason Isaacs,2010,6.4,717
227973,The Peanuts Movie,Animation,Steve Martino,Noah Schnapp|Bill Melendez|Venus Schultheis|Hadley Belle Miller|Madisyn Shipman,2015,6.5,604
29193,The Spanish Prisoner,Crime|Drama|Mystery|Thriller,David Mamet,Steve Martin|Campbell Scott|Ben Gazzara|Rebecca Pidgeon|Ricky Jay,1997,7.1,73
1734,The Mummy Returns,Adventure|Action|Fantasy,Stephen Sommers,Brendan Fraser|Rachel Weisz|John Hannah|Arnold Vosloo|Oded Fehr,2001,6.0,2206
3131,Gangs of New York,Drama|History|Crime,Martin Scorsese,Leonardo DiCaprio|Daniel Day-Lewis|Cameron Diaz|Liam Neeson|Brendan Gleeson,2002,7.1,1910
76758,The Flowers of War,Drama|History|War,Zhang Yimou,Christian Bale|Ni Ni|Tong Dawei|Zhang Xinyi|Shigeo Kobayashi,2011,7.1,187
9408,Surf's Up,Animation|Comedy|Family,Ash Brannon,Shia LaBeouf|Jeff Bridges|Zooey Deschanel|Jon Heder|James Woods,2007,5.9,601
9890,The Stepford Wives,Action|Comedy|Science Fiction,Frank Oz,Nicole Kidman|Matthew Broderick|Bette Midler|Glenn Close|Christopher Walken,2004,5.4,334
855,Black Hawk Down,Action|History|War,Ridley Scott,Josh Hartnett|Ewan McGregor|Jason Isaacs|Tom Sizemore|William Fichtner,2001,7.2,1811
77953,The Campaign,Comedy,Jay Roach,Will Ferrell|Zach Galifianakis|Dylan McDermott|Jason Sudeikis|Sarah Baker,2012,5.6,578
18,The Fifth Element,Adventure|Fantasy|Action|Thriller|Science Fiction,Luc Besson,Bruce Willis|Gary Oldman|Ian Holm|Milla Jovovich|Chris Tucker,1997,7.3,3885
37786,Sex and the City 2,Comedy|Drama|Romance,Michael Patrick King,Sarah Jessica Parker|Kristin Davis|Cynthia Nixon|Kim Cattrall|Chris Noth,2010,5.4,426
10501,The Road to El Dorado,Adventure|Animation|Comedy|Family,Don Michael Paul,Kenneth Branagh|Kevin Kline|Rosie Perez|Armand Assante|Edward James Olmos,2000,7.0,858
57800,Ice Age: Continental Drift,Animation|Comedy|Adventure|Family,Steve Martino,John Leguizamo|Ray Romano|Chris Wedge|Denis Leary|Seann William Scott,2012,6.2,2672
150689,Cinderella,Romance|Fantasy|Family|Drama,Kenneth Branagh,Lily James|Cate Blanchett|Richard Madden|Helena Bonham Carter|Stellan Skarsgård,2015,6.7,2374
7980,The Lovely Bones,Fantasy|Drama,Peter Jackson,Rachel Weisz|Mark Wahlberg|Susan Sarandon|Saoirse Ronan|Stanley Tucci,2009,6.6,1065
12,Finding Nemo,Animation|Family,Andrew Stanton,Albert Brooks|Ellen DeGeneres|Alexander Gould|Willem Dafoe|Brad Garrett,2003,7.6,6122
122,The Lord of the Rings: The Return of the King,Adventure|Fantasy|Action,Peter Jackson,Elijah Wood|Ian McKellen|Viggo Mortensen|Liv Tyler|Orlando Bloom,2003,8.1,8064
121,The Lord of the Rings: The Two Towers,Adventure|Fantasy|Action,Peter Jackson,Elijah Wood|Ian McKellen|Viggo Mortensen|Liv Tyler|Orlando Bloom,2002,8.0,7487
68737,Seventh Son,Adventure|Fantasy,Sergei Bodrov,Jeff Bridges|Julianne Moore|Ben Barnes|Alicia Vikander|Kit Harington,2014,5.2,957
1995,Lara Croft: Tomb Raider,Adventure|Fantasy|Action|Thriller,Simon West,Angelina Jolie|Jon Voight|Iain Glen|Noah Taylor|Daniel Craig,2001,5.7,2192
157353,Transcendence,Thriller|Science Fiction|Drama|Mystery,Wally Pfister,Johnny Depp|Paul Bettany|Rebecca Hall|Kate Mara|Morgan Freeman,2014,5.9,2295
331,Jurassic Park III,Adventure|Action|Thriller|Science Fiction,Joe Johnston,Sam Neill|William H. Macy|Téa Leoni|Trevor Morgan|Alessandro Nivola,2001,5.7,2077
61791,Rise of the Planet of the Apes,Thriller|Action|Drama|Science Fiction,Rupert Wyatt,James Franco|Freida Pinto|John Lithgow|Brian Cox|Tom Felton,2011,7.0,4347
8204,The Spiderwick Chronicles,Adventure|Family|Fantasy,Mark Waters,Freddie Highmore|Mary-Louise Parker|Nick Nolte|Sarah Bolger|Andrew McCarthy,2008,6.3,572
47964,A Good Day to Die Hard,Action|Thriller,John Moore,Bruce Willis|Jai Courtney|Sebastian Koch|Mary Elizabeth Winstead|Юлия Снигирь,2013,5.2,3493
10733,The Alamo,Western|History|War,John Lee Hancock,Dennis Quaid|Billy Bob Thornton|Jason Patric|Patrick Wilson|Emilio Echevarría,2004,5.8,106
9806,The Incredibles,Action|Adventure|Animation|Family,Brad Bird,Craig T. Nelson|Holly Hunter|Samuel L. Jackson|Jason Lee|Dominique Louis,2004,7.4,5152
1408,Cutthroat Island,Action|Adventure,Renny Harlin,Geena Davis|Matthew Modine|Frank Langella|Maury Chaykin|Patrick Malahide,1995,5.7,136
32657,Percy Jackson & the Olympians: The Lightning Thief,Adventure|Fantasy|Family,Chris Columbus,Logan Lerman|Brandon T. Jackson|Alexandra Daddario|Jake Abel|Sean Bean,2010,6.0,2010
607,Men in Black,Action|Adventure|Comedy|Science Fiction,Barry Sonnenfeld,Tommy Lee Jones|Will Smith|Linda Fiorentino|Vincent D'Onofrio|Rip Torn,1997,6.9,4412
863,Toy Story 2,Animation|Comedy|Family,John Lasseter,Tom Hanks|Tim Allen|Joan Cusack|Kelsey Grammer|Don Rickles,1999,7.3,3806
44048,Unstoppable,Action|Thriller,Tony Scott,Denzel Washington|Chris Pine|Rosario Dawson|Ethan Suplee|Kevin Corrigan,2010,6.3,1165
5175,Rush Hour 2,Action|Comedy|Crime|Thriller,Brett Ratner,"Chris Tucker|Jackie Chan|Zhang Ziyi|Roselyn Sánchez|Ernie Reyes, Jr.",2001,6.4,1054
2655,What Lies Beneath,Drama|Horror|Mystery|Thriller,Robert Zemeckis,Harrison Ford|Michelle Pfeiffer|Diana Scarwid|James Remar|Miranda Otto,2000,6.3,488
22794,Cloudy with a Chance of Meatballs,Animation|Comedy|Family,Phil Lord,Bill Hader|Anna Faris|James Caan|Mr. T|Benjamin Bratt,2009,6.5,1747
8355,Ice Age: Dawn of the Dinosaurs,Animation|Comedy|Family|Adventure,Carlos Saldanha,Ray Romano|John Leguizamo|Denis Leary|Queen Latifah|Simon Pegg,2009,6.5,2271
116745,The Secret Life of Walter Mitty,Adventure|Comedy|Drama|Fantasy,Ben Stiller,Ben Stiller|Kristen Wiig|Patton Oswalt|Shirley MacLaine|Adam Scott,2013,7.0,3144
4327,Charlie's Angels,Action|Adventure|Comedy|Crime|Thriller,McG,Cameron Diaz|Lucy Liu|Drew Barrymore|Bill Murray|John Forsythe,2000,5.6,1232
1422,The Departed,Drama|Thriller|Crime,Martin Scorsese,Leonardo DiCaprio|Matt Damon|Jack Nicholson|Mark Wahlberg|Martin Sheen,2006,7.9,4339
10674,Mulan,Animation|Family|Adventure,Tony Bancroft,Eddie Murphy|Jackie Chan|Ming-Na Wen|Lea Salonga|June Foray,1998,7.6,2008
7446,Tropic Thunder,Action|Comedy,Ben Stiller,Ben Stiller|Jack Black|Robert Downey Jr.|Nick Nolte|Steve Coogan,2008,6.5,1667
65754,The Girl with the Dragon Tattoo,Thriller|Crime|Mystery|Drama,David Fincher,Daniel Craig|Rooney Mara|Christopher Plummer|Goran Visnjic|Stellan Skarsgård,2011,7.2,2434
1572,Die Hard: With a Vengeance,Action|Thriller,John McTiernan,Bruce Willis|Jeremy Irons|Samuel L. Jackson|Graham Greene|Colleen Camp,1995,6.9,2066
10528,Sherlock Holmes,Action|Adventure|Crime|Mystery,Guy Ritchie,Robert Downey Jr.|Jude Law|Rachel McAdams|Mark Strong|Eddie Marsan,2009,7.0,5766
271969,Ben-Hur,Drama,Timur Bekmambetov,Jack Huston|Toby Kebbell|Rodrigo Santoro|Nazanin Boniadi|Ayelet Zurer,2016,5.3,621
10865,Atlantis: The Lost Empire,Animation|Family|Adventure|Science Fiction,Gary Trousdale,Michael J. Fox|Corey Burton|Claudia Christian|James Garner|John Mahoney,2001,6.7,1224
258509,Alvin and the Chipmunks: The Road Chip,Adventure|Animation|Comedy|Family,Walt Becker,Jason Lee|Justin Long|Bella Thorne|Matthew Gray Gubler|Jesse McCartney,2015,5.8,428
2253,Valkyrie,Drama|Thriller|History|War,Bryan Singer,Tom Cruise|Carice van Houten|Kenneth Branagh|Bill Nighy|Terence Stamp,2008,6.7,1173
10661,You Don't Mess with the Zohan,Comedy|Action,Dennis Dugan,Adam Sandler|John Turturro|Emmanuelle Chriqui|Nick Swardson|Lainie Kazan,2008,5.5,1048
257344,Pixels,Action|Comedy|Science Fiction,Chris Columbus,Adam Sandler|Michelle Monaghan|Peter Dinklage|Josh Gad|Kevin James,2015,5.6,2513
644,A.I. Artificial Intelligence,Drama|Science Fiction|Adventure,Steven Spielberg,Haley Joel Osment|Frances O'Connor|Sam Robards|Jake Thomas|Jude Law,2001,6.8,1974
10756,The Haunted Mansion,Thriller|Fantasy|Comedy|Family|Mystery,Rob Minkoff,Eddie Murphy|Terence Stamp|Nathaniel Parker|Marsha Thomason|Jennifer Tilly,2003,5.2,466
686,Contact,Drama|Science Fiction|Mystery,Robert Zemeckis,Jodie Foster|Matthew McConaughey|James Woods|John Hurt|Tom Skerritt,1997,7.2,1308
9383,Hollow Man,Action|Science Fiction|Thriller,Paul Verhoeven,Kevin Bacon|Elisabeth Shue|Josh Brolin|Kim Dickens|Rhona Mitra,2000,5.6,634
179,The Interpreter,Crime|Thriller,Sydney Pollack,Nicole Kidman|Sean Penn|Catherine Keener|Jesper Christensen|Yvan Attal,2005,6.2,392
76285,Percy Jackson: Sea of Monsters,Adventure|Family|Fantasy,Thor Freudenthal,Logan Lerman|Alexandra Daddario|Douglas Smith|Leven Rambin|Brandon T. Jackson,2013,5.9,1648
1996,Lara Croft Tomb Raider: The Cradle of Life,Action|Adventure|Fantasy|Thriller,Jan de Bont,Angelina Jolie|Gerard Butler|Noah Taylor|Djimon Hounsou|Til Schweiger,2003,5.5,1418
291805,Now You See Me 2,Action|Adventure|Comedy|Crime|Mystery|Thriller,Jon M. Chu,Jesse Eisenberg|Woody Harrelson|Mark Ruffalo|Dave Franco|Morgan Freeman,2016,6.7,3235
10003,The Saint,Thriller|Action|Romance|Science Fiction|Adventure,Phillip Noyce,Val Kilmer|Elisabeth Shue|Rade Serbedzija|Henry Goodman|Alun Armstrong,1997,5.9,302
1535,Spy Game,Action|Crime|Thriller,Tony Scott,Robert Redford|Brad Pitt|Catherine McCormack|Stephen Dillane|Larry Bryggman,2001,6.8,579
2067,Mission to Mars,Science Fiction,Brian De Palma,Gary Sinise|Tim Robbins|Don Cheadle|Connie Nielsen|Jerry O'Connell,2000,5.7,369
46195,Rio,Animation|Adventure|Comedy|Family,Carlos Saldanha,Jesse Eisenberg|Anne Hathaway|Leslie Mann|Jane Lynch|Will.i.am,2011,6.5,2166
2277,Bicentennial Man,Comedy|Science Fiction,Chris Columbus,Robin Williams|Sam Neill|Embeth Davidtz|Oliver Platt|Kiersten Warren,1999,6.9,963
10357,Volcano,Science Fiction|Action|Drama|Thriller,Mick Jackson,Tommy Lee Jones|Anne Heche|Gaby Hoffmann|Don Cheadle|Joshua Fardon,1997,5.2,376
4477,The Devil's Own,Crime|Thriller|Drama,Alan J. Pakula,Harrison Ford|Brad Pitt|Margaret Colin|Rubén Blades|Treat Williams,1997,5.9,290
8665,K-19: The Widowmaker,Drama|History|Thriller,Kathryn Bigelow,Harrison Ford|Liam Neeson|Peter Sarsgaard|Joss Ackland|John Shrapnel,2002,6.1,264
9387,Conan the Barbarian,Adventure|Fantasy|Action,John Milius,Arnold Schwarzenegger|James Earl Jones|Max von Sydow|Sandahl Bergman|Cassandra Gava,1982,6.6,650
921,Cinderella Man,Romance|Drama|History,Ron Howard,Russell Crowe|Renée Zellweger|Paul Giamatti|Craig Bierko|Paddy Considine,2005,7.3,616
49852,The Nutcracker: The Untold Story,Fantasy|Action|Family,Andrei Konchalovsky,Elle Fanning|Nathan Lane|John Turturro|Frances de la Tour|Charlie Rowe,2010,5.4,50
4464,Seabiscuit,Drama|History,Gary Ross,Jeff Bridges|David McCullough|Chris Cooper|Tobey Maguire|Elizabeth Banks,2003,6.7,216
664,Twister,Action|Adventure|Drama,Jan de Bont,Helen Hunt|Bill Paxton|Cary Elwes|Jami Gertz|Philip Seymour Hoffman,1996,6.1,950
8358,Cast Away,Adventure|Drama,Robert Zemeckis,Tom Hanks|Helen Hunt|Chris Noth|Paul Sanchez|Lari White,2000,7.5,3218
9836,Happy Feet,Animation|Comedy,George Miller,Elijah Wood|Robin Williams|Brittany Murphy|Hugh Jackman|Nicole Kidman,2006,5.9,1410
2502,The Bourne Supremacy,Action|Drama|Thriller,Paul Greengrass,Matt Damon|Franka Potente|Brian Cox|Julia Stiles|Karl Urban,2004,7.2,2825
9772,Air Force One,Action|Thriller,Wolfgang Petersen,Harrison Ford|Gary Oldman|Glenn Close|Wendy Crewson|William H. Macy,1997,6.2,840
161,Ocean's Eleven,Thriller|Crime,Steven Soderbergh,George Clooney|Brad Pitt|Matt Damon|Andy García|Julia Roberts,2001,7.2,3783
52451,The Three Musketeers,Adventure|Action|Thriller,Paul W.S. Anderson,Milla Jovovich|Orlando Bloom|Logan Lerman|Ray Stevenson|Matthew Macfadyen,2011,5.6,924
76492,Hotel Transylvania,Animation|Comedy|Family|Fantasy,Genndy Tartakovsky,Adam Sandler|Steve Buscemi|David Spade|Kevin James|Selena Gomez,2012,6.8,2566
4523,Enchanted,Comedy|Family|Fantasy|Romance,Kevin Lima,Amy Adams|Patrick Dempsey|James Marsden|Timothy Spall|Rachel Covey,2007,6.6,1449
59961,Safe House,Action|Thriller,Daniel Espinosa,Denzel Washington|Ryan Reynolds|Vera Farmiga|Joel Kinnaman|Brendan Gleeson,2012,6.3,1345
10481,102 Dalmatians,Comedy|Family,Kevin Lima,Glenn Close|Ioan Gruffudd|Alice Evans|Tim McInnerny|Gérard Depardieu,2000,5.1,313
59108,Tower Heist,Action|Comedy,Brett Ratner,Ben Stiller|Eddie Murphy|Casey Affleck|Alan Alda|Matthew Broderick,2011,5.8,932
1581,The Holiday,Comedy|Romance,Nancy Meyers,Cameron Diaz|Kate Winslet|Jude Law|Jack Black|Eli Wallach,2006,6.7,1225
9798,Enemy of the State,Action|Drama|Thriller,Tony Scott,Will Smith|Gene Hackman|Jon Voight|Regina King|Ian Hart,1998,6.7,1240
22897,It's Complicated,Comedy|Romance,Nancy Meyers,Meryl Streep|Alec Baldwin|Steve Martin|John Krasinski|Lake Bell,2009,6.2,360
298,Ocean's Thirteen,Crime|Thriller,Steven Soderbergh,George Clooney|Brad Pitt|Matt Damon|Al Pacino|Bernie Mac,2007,6.5,1999
7484,Open Season,Adventure|Animation|Family,Jill Culton,Martin Lawrence|Ashton Kutcher|Gary Sinise|Debra Messing|Billy Connolly,2006,6.1,656
157350,Divergent,Adventure|Action|Science Fiction,Neil Burger,Shailene Woodley|Theo James|Kate Winslet|Miles Teller|Ray Stevenson,2014,6.9,4663
853,Enemy at the Gates,War,Jean-Jacques Annaud,Jude Law|Rachel Weisz|Ed Harris|Joseph Fiennes|Bob Hoskins,2001,7.2,999
10159,The Rundown,Adventure|Action|Comedy|Thriller,Peter Berg,"Dwayne Johnson|Seann William Scott|Rosario Dawson|Christopher Walken|Ernie Reyes, Jr.",2003,6.4,514
9593,Last Action Hero,Adventure|Fantasy|Action|Comedy|Family,John McTiernan,Arnold Schwarzenegger|F. Murray Abraham|Art Carney|Charles Dance|Frank McRae,1993,6.1,712
1904,Memoirs of a Geisha,Drama|History|Romance,Rob Marshall,Zhang Ziyi|Gong Li|Youki Kudoh|Tsai Chin|Suzuka Ohgo,2005,7.3,652
9615,The Fast and the Furious: Tokyo Drift,Action|Crime|Drama|Thriller,Justin Lin,Lucas Black|Nathalie Kelley|Sung Kang|Shad Moss|Brian Tee,2006,6.1,1705
51052,Arthur Christmas,Drama|Animation|Family|Comedy,Barry Cook,James McAvoy|Hugh Laurie|Bill Nighy|Jim Broadbent|Imelda Staunton,2011,6.7,333
297,Meet Joe Black,Fantasy|Drama|Mystery,Martin Brest,Brad Pitt|Anthony Hopkins|Claire Forlani|Jeffrey Tambor|Marcia Gay Harden,1998,6.9,1147
9884,Collateral Damage,Action|Thriller|Drama,Andrew Davis,Arnold Schwarzenegger|Francesca Neri|Elias Koteas|Cliff Curtis|John Turturro,2002,5.5,427
16858,All That Jazz,Drama|Music,Bob Fosse,Roy Scheider|Jessica Lange|Leland Palmer|Ann Reinking|Ben Vereen,1979,7.3,85
62764,Mirror Mirror,Adventure|Fantasy|Drama|Comedy|Science Fiction|Family,Tarsem Singh,Julia Roberts|Lily Collins|Armie Hammer|Nathan Lane|Martin Klebba,2012,5.5,1114
22538,Scott Pilgrim vs. the World,Action|Adventure|Comedy,Edgar Wright,Michael Cera|Mary Elizabeth Winstead|Kieran Culkin|Chris Evans|Anna Kendrick,2010,7.2,2126
9341,The Core,Action|Thriller|Adventure|Science Fiction,Jon Amiel,Aaron Eckhart|Hilary Swank|Delroy Lindo|Stanley Tucci|Tchéky Karyo,2003,5.4,516
12107,Nutty Professor II: The Klumps,Fantasy|Comedy|Romance|Science Fiction,Peter Segal,Eddie Murphy|Janet Jackson|Larry Miller|John Ales|Richard Gant,2000,4.7,332
9637,Scooby-Doo,Mystery|Adventure|Comedy,Raja Gosnell,Freddie Prinze Jr.|Sarah Michelle Gellar|Matthew Lillard|Linda Cardellini|Rowan Atkinson,2002,5.4,820
49049,Dredd,Action|Science Fiction,Pete Travis,Karl Urban|Olivia Thirlby|Lena Headey|Wood Harris|Jason Cope,2012,6.6,1940
9339,Click,Comedy|Drama|Fantasy|Romance,Frank Coraci,Adam Sandler|Kate Beckinsale|Christopher Walken|David Hasselhoff|Henry Winkler,2006,6.0,2104
16281,Creepshow,Horror|Comedy|Fantasy,George A. Romero,Hal Holbrook|Adrienne Barbeau|Fritz Weaver|Leslie Nielsen|Carrie Nye,1982,6.7,226
39691,Cats & Dogs 2 : The Revenge of Kitty Galore,Comedy|Family,Brad Peyton,James Marsden|Nick Nolte|Christina Applegate|Bette Midler|Pascale Hutton,2010,4.9,119
8247,Jumper,Adventure|Fantasy|Science Fiction,Doug Liman,Hayden Christensen|Jamie Bell|Samuel L. Jackson|Rachel Bilson|Michael Rooker,2008,5.9,1799
11253,Hellboy II: The Golden Army,Adventure|Fantasy|Science Fiction,Guillermo del Toro,Ron Perlman|Selma Blair|Jeffrey Tambor|Doug Jones|John Hurt,2008,6.5,1527
1949,Zodiac,Crime|Drama|Mystery|Thriller,David Fincher,Jake Gyllenhaal|Robert Downey Jr.|Mark Ruffalo|Anthony Edwards|Brian Cox,2007,7.3,2023
8452,The 6th Day,Science Fiction,Roger Spottiswoode,Arnold Schwarzenegger|Michael Rapaport|Tony Goldwyn|Michael Rooker|Sarah Wynter,2000,5.7,595
310,Bruce Almighty,Fantasy|Comedy,Tom Shadyac,Jim Carrey|Jennifer Aniston|Philip Baker Hall|Catherine Bell|Lisa Ann Walter,2003,6.4,3012
27578,The Expendables,Thriller|Adventure|Action,Sylvester Stallone,Sylvester Stallone|Jason Statham|Dolph Lundgren|Eric Roberts|Randy Couture,2010,6.0,2926
954,Mission: Impossible,Adventure|Action|Thriller,Brian De Palma,Tom Cruise|Jon Voight|Emmanuelle Béart|Henry Czerny|Jean Reno,1996,6.7,2631
70160,The Hunger Games,Science Fiction|Adventure|Fantasy,Gary Ross,Jennifer Lawrence|Josh Hutcherson|Liam Hemsworth|Woody Harrelson|Elizabeth Banks,2012,6.9,9455
45243,The Hangover Part II,Comedy,Todd Phillips,Bradley Cooper|Ed Helms|Zach Galifianakis|Justin Bartha|Ken Jeong,2011,6.2,3739
364,Batman Returns,Action|Fantasy,Tim Burton,Michael Keaton|Danny DeVito|Michelle Pfeiffer|Christopher Walken|Michael Gough,1992,6.6,1673
7518,Over the Hedge,Comedy|Animation|Family,Karey Kirkpatrick,Bruce Willis|Garry Shandling|Steve Carell|Wanda Sykes|William Shatner,2006,6.3,1074
11544,Lilo & Stitch,Animation|Family,Chris Sanders,Chris Sanders|Daveigh Chase|Tia Carrere|David Ogden Stiers|Kevin McDonald,2002,7.1,1314
9986,Charlotte's Web,Comedy|Family|Fantasy,Gary Winick,Julia Roberts|Steve Buscemi|John Cleese|Oprah Winfrey|Cedric the Entertainer,2006,5.8,288
8656,Deep Impact,Action|Drama|Romance,Mimi Leder,Robert Duvall|Téa Leoni|Elijah Wood|Vanessa Redgrave|Morgan Freeman,1998,5.9,855
146216,RED 2,Action|Comedy|Crime|Thriller,Dean Parisot,Bruce Willis|Catherine Zeta-Jones|Anthony Hopkins|Helen Mirren|John Malkovich,2013,6.4,1526
9291,The Longest Yard,Comedy|Drama,Peter Segal,Adam Sandler|Chris Rock|Burt Reynolds|Michael Irvin|Nelly,2005,6.2,785
55301,Alvin and the Chipmunks: Chipwrecked,Comedy|Fantasy|Family|Music|Animation,Mike Mitchell,Jason Lee|David Cross|Jenny Slate|Andy Buckley|Justin Long,2011,5.4,484
109418,Grown Ups 2,Comedy,Dennis Dugan,Adam Sandler|Kevin James|Chris Rock|David Spade|Salma Hayek,2013,5.8,1155
11665,Get Smart,Action|Comedy|Thriller,Peter Segal,Steve Carell|Anne Hathaway|Dwayne Johnson|Alan Arkin|Terence Stamp,2008,6.0,1051
6964,Something's Gotta Give,Drama|Comedy|Romance,Nancy Meyers,Jack Nicholson|Diane Keaton|Keanu Reeves|Frances McDormand|Amanda Peet,2003,6.3,410
11324,Shutter Island,Drama|Thriller|Mystery,Martin Scorsese,Leonardo DiCaprio|Mark Ruffalo|Ben Kingsley|Emily Mortimer|Michelle Williams,2010,7.8,6336
12193,Four Christmases,Comedy|Romance|Drama,Seth Gordon,Vince Vaughn|Reese Witherspoon|Robert Duvall|Sissy Spacek|Jon Voight,2008,5.3,331
9928,Robots,Animation|Comedy|Family|Science Fiction,Chris Wedge,Robin Williams|Ewan McGregor|Halle Berry|Mel Brooks|Paula Abdul,2005,6.0,1333
754,Face/Off,Action|Crime|Science Fiction|Thriller,John Woo,John Travolta|Nicolas Cage|Joan Allen|Alessandro Nivola|Gina Gershon,1997,6.8,1583
10202,Bedtime Stories,Fantasy|Comedy|Family|Romance,Adam Shankman,Adam Sandler|Keri Russell|Guy Pearce|Courteney Cox|Lucy Lawless,2008,5.9,901
4147,Road to Perdition,Thriller|Crime|Drama,Sam Mendes,Tom Hanks|Tyler Hoechlin|Jennifer Jason Leigh|Liam Aiken|Paul Newman,2002,7.3,1077
50546,Just Go with It,Romance|Comedy,Dennis Dugan,Adam Sandler|Jennifer Aniston|Nicole Kidman|Nick Swardson|Brooklyn Decker,2011,6.3,1543
1701,Con Air,Action|Thriller|Crime,Simon West,Nicolas Cage|John Cusack|John Malkovich|Ving Rhames|Nick Chinlund,1997,6.5,1270
13027,Eagle Eye,Mystery|Thriller|Action,D.J. Caruso,Shia LaBeouf|Michelle Monaghan|Rosario Dawson|Michael Chiklis|Anthony Mackie,2008,6.3,1018
2289,Cold Mountain,Drama,Anthony Minghella,Jude Law|Nicole Kidman|Renée Zellweger|Eileen Atkins|Brendan Gleeson,2003,6.7,533
20504,The Book of Eli,Action|Thriller|Science Fiction,Albert Hughes,Denzel Washington|Gary Oldman|Mila Kunis|Ray Stevenson|Jennifer Beals,2010,6.6,2164
9574,Flubber,Comedy|Family|Science Fiction,Les Mayfield,Robin Williams|Marcia Gay Harden|Christopher McDonald|Raymond J. Barry|Clancy Brown,1997,5.3,695
11618,The Haunting,Horror|Thriller|Fantasy|Mystery,Jan de Bont,Liam Neeson|Catherine Zeta-Jones|Owen Wilson|Lili Taylor|Bruce Dern,1999,5.2,369
2300,Space Jam,Animation|Comedy|Drama|Family|Fantasy,Joe Pytka,Michael Jordan|Wayne Knight|Billy West|Dee Bradley Baker|Theresa Randle,1996,6.5,1288
12096,The Pink Panther,Action|Comedy|Crime|Mystery|Family,Shawn Levy,Steve Martin|Kevin Kline|Jean Reno|Beyoncé Knowles|Emily Mortimer,2006,5.6,550
10200,The Day the Earth Stood Still,Drama|Science Fiction|Thriller,Scott Derrickson,Keanu Reeves|Jennifer Connelly|Kathy Bates|Jaden Smith|John Cleese,2008,5.2,1043
8834,Conspiracy Theory,Action|Drama|Mystery|Thriller,Richard Donner,Mel Gibson|Julia Roberts|Patrick Stewart|Cylk Cozart|Steve Kahan,1997,6.5,431
228150,Fury,War|Drama|Action,David Ayer,Brad Pitt|Shia LaBeouf|Logan Lerman|Michael Peña|Jon Bernthal,2014,7.4,3946
6068,Six Days Seven Nights,Action|Adventure|Comedy|Romance,Ivan Reitman,Harrison Ford|Anne Heche|David Schwimmer|Jacqueline Obradors|Temuera Morrison,1998,5.6,332
41515,Yogi Bear,Comedy|Family|Animation|Adventure,Eric Brevig,Dan Aykroyd|Justin Timberlake|Anna Faris|Tom Cavanagh|Christine Taylor,2010,5.2,220
9023,Spirit: Stallion of the Cimarron,Western|Animation|Adventure|Comedy|Family,Kelly Asbury,Matt Damon|James Cromwell|Daniel Studi|Chopper Bernet|Jeff LeBeau,2002,7.4,831
38317,Zookeeper,Comedy|Romance|Family,Frank Coraci,Kevin James|Rosario Dawson|Sylvester Stallone|Nick Nolte|Jon Favreau,2011,5.3,498
2157,Lost in Space,Adventure|Family|Science Fiction,Stephen Hopkins,Gary Oldman|William Hurt|Matt LeBlanc|Mimi Rogers|Heather Graham,1998,5.0,388
14462,The Manchurian Candidate,Drama|Thriller|Mystery,Jonathan Demme,Denzel Washington|Meryl Streep|Liev Schreiber|Jon Voight|Kimberly Elise,2004,6.2,393
161795,Déjà Vu,Romance|Drama,Henry Jaglom,Stephen Dillane|Victoria Foyt|Vanessa Redgrave|Michael Brandon|Glynis Barber,1998,8.0,1
159824,Hotel Transylvania 2,Animation|Comedy|Family,Genndy Tartakovsky,Adam Sandler|Andy Samberg|Selena Gomez|Kevin James|Steve Buscemi,2015,6.7,1497
49948,Fantasia 2000,Animation|Family|Music,James Algar,Steve Martin|Itzhak Perlman|Quincy Jones|Bette Midler|James Earl Jones,1999,7.0,292
2135,The Time Machine,Science Fiction|Adventure|Action,Simon Wells,Guy Pearce|Mark Addy|Phyllida Law|Sienna Guillory|Laura Kirk,2002,5.8,631
9822,Mighty Joe Young,Action|Adventure|Family|Fantasy,Ron Underwood,Charlize Theron|Rade Serbedzija|Bill Paxton|Regina King|Peter Firth,1998,5.9,208
9705,Swordfish,Action|Crime|Thriller,Dominic Sena,John Travolta|Hugh Jackman|Halle Berry|Don Cheadle|Sam Shepard,2001,6.1,932
1656,The Legend of Zorro,Action|Adventure,Martin Campbell,Antonio Banderas|Catherine Zeta-Jones|Adrián Alonso Barona|Julio Oscar Mechoso|Nick Chinlund,2005,5.9,893
12159,What Dreams May Come,Drama|Fantasy|Romance,Vincent Ward,Robin Williams|Cuba Gooding Jr.|Annabella Sciorra|Max von Sydow|Jessica Brooks Grant,1998,6.8,577
9678,Little Nicky,Comedy|Fantasy|Romance,Steven Brill,Adam Sandler|Patricia Arquette|Harvey Keitel|Rhys Ifans|Tom Lister Jr.,2000,5.2,438
4442,The Brothers Grimm,Adventure|Fantasy|Action|Comedy|Thriller,Terry Gilliam,Heath Ledger|Matt Damon|Mackenzie Crook|Roger Ashton-Griffiths|Peter Stormare,2005,5.6,818
75,Mars Attacks!,Comedy|Fantasy|Science Fiction,Tim Burton,Jack Nicholson|Glenn Close|Annette Bening|Pierce Brosnan|Danny DeVito,1996,6.1,1509
330770,Evolution,Mystery|Drama|Horror,Lucile Hadzihalilovic,Max Brebant|Roxane Duran|Julie-Marie Parmentier|Mathieu Goldfeld|Nissim Renard,2015,6.4,47
9433,The Edge,Action|Adventure|Drama,Lee Tamahori,Alec Baldwin|Anthony Hopkins|Elle Macpherson|Harold Perrineau|L.Q. Jones,1997,6.7,349
19959,Surrogates,Action|Science Fiction|Thriller,Jonathan Mostow,Bruce Willis|Radha Mitchell|Rosamund Pike|James Cromwell|Ving Rhames,2009,5.9,1195
11973,Thirteen Days,Drama|Thriller,Roger Donaldson,Kevin Costner|Bruce Greenwood|Steven Culp|Dylan Baker|Shawn Driscoll,2000,6.9,189
11228,Daylight,Action|Adventure|Thriller,Rob Cohen,Sylvester Stallone|Amy Brenneman|Viggo Mortensen|Dan Hedaya|Jay O. Sanders,1996,5.8,378
77951,Walking With Dinosaurs,Animation|Family|Adventure,Barry Cook,Charlie Rowe|Justin Long|Karl Urban|Angourie Rice|John Leguizamo,2013,5.2,133
5491,Battlefield Earth,Action|Science Fiction|War,Roger Christian,John Travolta|Barry Pepper|Forest Whitaker|Kim Coates|Sabine Karsenti,2000,3.0,255
10715,Looney Tunes: Back in Action,Animation|Comedy|Family,Joe Dante,Brendan Fraser|Jenna Elfman|Steve Martin|Timothy Dalton|Heather Locklear,2003,5.6,297
10197,Nine,Drama|Music|Romance,Rob Marshall,Judi Dench|Daniel Day-Lewis|Marion Cotillard|Penélope Cruz|Sophia Loren,2009,5.1,165
9562,Timeline,Action|Adventure|Science Fiction,Richard Donner,Paul Walker|Frances O'Connor|Gerard Butler|Billy Connolly|David Thewlis,2003,5.4,318
9922,The Postman,Drama|Adventure,Kevin Costner,Kevin Costner|Will Patton|Olivia Williams|Larenz Tate|Tom Petty,1997,6.1,299
9447,Babe: Pig in the City,Adventure|Comedy|Drama|Family|Fantasy,George Miller,James Cromwell|Mary Stein|Mickey Rooney|Magda Szubanski|E.G. Daily,1998,5.2,305
274854,The Last Witch Hunter,Fantasy|Action|Adventure,Breck Eisner,Vin Diesel|Rose Leslie|Elijah Wood|Ólafur Darri Ólafsson|Rena Owen,2015,5.7,1316
8870,Red Planet,Thriller|Action|Science Fiction,Antony Hoffman,Val Kilmer|Carrie-Anne Moss|Benjamin Bratt|Tom Sizemore|Simon Baker,2000,5.4,267
9992,Arthur and the Invisibles,Adventure|Fantasy|Animation|Family,Luc Besson,Freddie Highmore|Mia Farrow|Ron Crawford|Penny Balfour|Doug Rand,2006,6.0,639
36970,Oceans,Documentary|Family,Jacques Perrin,Pierce Brosnan|Jacques Perrin|Rie Miyazawa|Aldo Baglio|Matthias Brandt,2009,7.3,111
10077,A Sound of Thunder,Thriller|Science Fiction|Adventure|Action,Peter Hyams,Heike Makatsch|Armin Rohde|David Oyelowo|Wilfried Hochholdinger|Edward Burns,2005,4.8,111
76649,Pompeii,Action|Adventure|History|Romance|Drama,Paul W.S. Anderson,Kit Harington|Carrie-Anne Moss|Emily Browning|Adewale Akinnuoye-Agbaje|Jessica Lucas,2014,5.2,1267
293644,Top Cat Begins,Comedy|Animation,Andrés Couturier,Jason Harris|David Hoffman|Bill Lobley|Darin De Paul|Marieve Herington,2015,5.3,9
453,A Beautiful Mind,Drama|Romance,Ron Howard,Russell Crowe|Ed Harris|Jennifer Connelly|Christopher Plummer|Paul Bettany,2001,7.7,3009
8587,The Lion King,Family|Animation|Drama,Roger Allers,Jonathan Taylor Thomas|Matthew Broderick|James Earl Jones|Jeremy Irons|Moira Kelly,1994,8.0,5376
72545,Journey 2: The Mysterious Island,Adventure|Action|Science Fiction,Brad Peyton,Dwayne Johnson|Josh Hutcherson|Kristin Davis|Vanessa Hudgens|Luis Guzmán,2012,5.8,1030
109451,Cloudy with a Chance of Meatballs 2,Animation|Family|Comedy,Cody Cameron,Bill Hader|Anna Faris|James Caan|Will Forte|Andy Samberg,2013,6.4,915
9533,Red Dragon,Crime|Thriller|Horror,Brett Ratner,Anthony Hopkins|Edward Norton|Ralph Fiennes|Harvey Keitel|Emily Watson,2002,6.7,1115
2023,Hidalgo,Western|Adventure,Joe Johnston,Viggo Mortensen|Zuleikha Robinson|Omar Sharif|Adam Alexi-Malle|Louise Lombard,2004,6.5,318
71880,Jack and Jill,Comedy,Dennis Dugan,Adam Sandler|Katie Holmes|Al Pacino|Eugenio Derbez|Tim Meadows,2011,4.1,604
584,2 Fast 2 Furious,Action|Crime|Thriller,John Singleton,Paul Walker|Tyrese Gibson|Eva Mendes|Cole Hauser|Ludacris,2003,6.2,2028
309809,The Little Prince,Adventure|Animation|Fantasy,Mark Osborne,Jeff Bridges|Rachel McAdams|Paul Rudd|Marion Cotillard|James Franco,2015,7.6,756
4858,The Invasion,Science Fiction|Thriller,Oliver Hirschbiegel,Nicole Kidman|Daniel Craig|Jeremy Northam|Jeffrey Wright|Jackson Bond,2007,5.7,359
17711,The Adventures of Rocky & Bullwinkle,Action|Adventure|Animation|Comedy|Family,Des McAnuff,Rene Russo|Jason Alexander|Piper Perabo|Randy Quaid|Robert De Niro,2000,3.9,87
328111,The Secret Life of Pets,Animation|Family,Chris Renaud,Louis C.K.|Eric Stonestreet|Kevin Hart|Jenny Slate|Lake Bell,2016,5.9,3462
8698,The League of Extraordinary Gentlemen,Fantasy|Action|Thriller|Science Fiction,Stephen Norrington,Sean Connery|Peta Wilson|Shane West|Stuart Townsend|Jason Flemyng,2003,5.7,1155
93456,Despicable Me 2,Animation|Comedy|Family,Pierre Coffin,Steve Carell|Kristen Wiig|Benjamin Bratt|Miranda Cosgrove|Russell Brand,2013,7.0,4637
602,Independence Day,Action|Adventure|Science Fiction,Roland Emmerich,Will Smith|Bill Pullman|Jeff Goldblum|Mary McDonnell|Judd Hirsch,1996,6.7,3260
330,The Lost World: Jurassic Park,Adventure|Action|Science Fiction,Steven Spielberg,Jeff Goldblum|Julianne Moore|Pete Postlethwaite|Richard Attenborough|Vince Vaughn,1997,6.2,2487
953,Madagascar,Family|Animation,Eric Darnell,Ben Stiller|Chris Rock|David Schwimmer|Jada Pinkett Smith|Sacha Baron Cohen,2005,6.6,3237
9693,Children of Men,Drama|Action|Thriller|Science Fiction,Alfonso Cuarón,Clive Owen|Michael Caine|Julianne Moore|Charlie Hunnam|Chiwetel Ejiofor,2006,7.4,2071
36657,X-Men,Adventure|Action|Science Fiction,Bryan Singer,Patrick Stewart|Hugh Jackman|Ian McKellen|Halle Berry|Famke Janssen,2000,6.8,4097
8909,Wanted,Action|Thriller|Crime,Timur Bekmambetov,Angelina Jolie|James McAvoy|Morgan Freeman|Thomas Kretschmann|Terence Stamp,2008,6.4,2528
9802,The Rock,Action|Adventure|Thriller,Michael Bay,Sean Connery|Nicolas Cage|Ed Harris|John Spencer|David Morse,1996,6.9,1456
950,Ice Age: The Meltdown,Animation|Family|Comedy|Adventure,Carlos Saldanha,Ray Romano|John Leguizamo|Denis Leary|Queen Latifah|Seann William Scott,2006,6.5,2951
1824,50 First Dates,Comedy|Romance,Peter Segal,Adam Sandler|Drew Barrymore|Rob Schneider|Sean Astin|Lusia Strus,2004,6.6,2105
2976,Hairspray,Family|Comedy|Music|Romance,Adam Shankman,John Travolta|Michelle Pfeiffer|Christopher Walken|James Marsden|Queen Latifah,2007,6.5,709
11026,Exorcist: The Beginning,Horror|Mystery|Thriller,Renny Harlin,Stellan Skarsgård|Izabella Scorupco|James D'Arcy|Julian Wadham|Remy Sweeney,2004,4.7,183
332,Inspector Gadget,Action|Adventure|Comedy|Family,David Kellogg,Matthew Broderick|Rupert Everett|Joely Fisher|Michelle Trachtenberg|Andy Dick,1999,4.3,318
75656,Now You See Me,Thriller|Crime,Louis Leterrier,Jesse Eisenberg|Mark Ruffalo|Woody Harrelson|Mélanie Laurent|Isla Fisher,2013,7.3,5487
38365,Grown Ups,Comedy,Dennis Dugan,Adam Sandler|Salma Hayek|Maria Bello|Steve Buscemi|Maya Rudolph,2010,6.0,1705
594,The Terminal,Comedy|Drama,Steven Spielberg,Tom Hanks|Catherine Zeta-Jones|Stanley Tucci|Chi McBride|Diego Luna,2004,7.0,1910
15189,Hotel for Dogs,Comedy|Family,Thor Freudenthal,Emma Roberts|Jake T. Austin|Don Cheadle|Johnny Simmons|Kyla Pratt,2009,5.7,202
11678,Vertical Limit,Action|Adventure|Thriller,Martin Campbell,Chris O'Donnell|Robin Tunney|Bill Paxton|Scott Glenn|Izabella Scorupco,2000,5.9,283
6538,Charlie Wilson's War,Comedy|Drama|History,Mike Nichols,Tom Hanks|Philip Seymour Hoffman|Julia Roberts|Amy Adams|Om Puri,2007,6.5,338
10555,Shark Tale,Animation|Action|Comedy|Family,Vicky Jenson,Will Smith|Robert De Niro|Renée Zellweger|Jack Black|Angelina Jolie,2004,5.8,1557
1125,Dreamgirls,Drama,Bill Condon,Jamie Foxx|Beyoncé Knowles|Eddie Murphy|Danny Glover|Jennifer Hudson,2006,6.6,284
4551,Be Cool,Comedy|Crime,F. Gary Gray,John Travolta|Uma Thurman|Vince Vaughn|Cedric the Entertainer|André Benjamin,2005,5.4,292
612,Munich,Drama|Action|History|Thriller,Steven Spielberg,Eric Bana|Daniel Craig|Ciarán Hinds|Mathieu Kassovitz|Hanns Zischler,2005,6.9,696
9567,Tears of the Sun,Action|Drama|War,Antoine Fuqua,Bruce Willis|Monica Bellucci|Cole Hauser|Eamonn Walker|Johnny Messner,2003,6.4,573
37821,Killers,Action|Comedy|Thriller|Romance,Robert Luketic,Katherine Heigl|Ashton Kutcher|Tom Selleck|Catherine O'Hara|Alex Borstein,2010,5.7,772
203801,The Man from U.N.C.L.E.,Comedy|Action|Adventure,Guy Ritchie,Henry Cavill|Armie Hammer|Alicia Vikander|Elizabeth Debicki|Luca Calvani,2015,7.1,2265
2539,Spanglish,Comedy,James L. Brooks,Adam Sandler|Téa Leoni|Paz Vega|Cloris Leachman|Shelbie Bruce,2004,5.8,369
9297,Monster House,Animation|Comedy|Family|Fantasy,Gil Kenan,Ryan Newman|Steve Buscemi|Mitchel Musso|Sam Lerner|Spencer Locke,2006,6.3,874
3172,Bandits,Action|Comedy|Crime|Romance,Barry Levinson,Bruce Willis|Billy Bob Thornton|Cate Blanchett|Troy Garity|William Converse-Roberts,2001,6.2,302
6520,First Knight,Action|Adventure|Drama|Romance,Jerry Zucker,Sean Connery|Richard Gere|Julia Ormond|Ben Cross|Liam Cunningham,1995,5.9,311
1439,Anna and the King,Drama|History|Romance,Andy Tennant,Jodie Foster|Chow Yun-fat|Bai Ling|Tom Felton|Randall Duk Kim,1999,6.4,197
37958,Immortals,Fantasy|Action|Drama,Tarsem Singh,Mickey Rourke|Kellan Lutz|Isabel Lucas|Henry Cavill|Luke Evans,2011,5.7,880
2026,Hostage,Mystery|Drama|Thriller|Crime,Florent-Emilio Siri,Bruce Willis|Kevin Pollak|Jimmy Bennett|Michelle Horn|Ben Foster,2005,6.2,512
7450,Titan A.E.,Animation|Action|Science Fiction|Family|Adventure,Gary Goldman,Matt Damon|Bill Pullman|Drew Barrymore|John Leguizamo|Nathan Lane,2000,6.3,313
11375,Hollywood Homicide,Action|Adventure|Comedy|Thriller,Ron Shelton,Harrison Ford|Josh Hartnett|Lena Olin|Bruce Greenwood|Isaiah Washington,2003,5.0,166
9425,Soldier,Action|War|Science Fiction,Paul W.S. Anderson,Kurt Russell|Jason Scott Lee|Jason Isaacs|Connie Nielsen|Sean Pertwee,1998,6.1,221
25769,Carriers,Action|Drama|Horror|Science Fiction|Thriller,Àlex Pastor,Lou Taylor Pucci|Chris Pine|Piper Perabo|Emily VanCamp|Christopher Meloni,2009,5.8,282
23685,Monkeybone,Adventure|Fantasy|Animation|Action|Comedy,Henry Selick,Brendan Fraser|Bridget Fonda|John Turturro|Chris Kattan|Giancarlo Esposito,2001,4.3,78
11866,Flight of the Phoenix,Action|Adventure|Drama|Thriller,John Moore,Dennis Quaid|Tyrese Gibson|Giovanni Ribisi|Miranda Otto|Hugh Laurie,2004,5.7,276
9741,Unbreakable,Science Fiction|Thriller|Drama,M. Night Shyamalan,Bruce Willis|Samuel L. Jackson|Robin Wright|Spencer Treat Clark|John Patrick Amedori,2000,6.9,1946
211672,Minions,Family|Animation|Adventure|Comedy,Kyle Balda,Sandra Bullock|Jon Hamm|Michael Keaton|Allison Janney|Steve Coogan,2015,6.4,4571
23629,Sucker Punch,Action|Fantasy|Thriller,Zack Snyder,Emily Browning|Abbie Cornish|Jena Malone|Vanessa Hudgens|Jamie Chung,2011,5.9,1623
8688,Snake Eyes,Crime|Mystery,Brian De Palma,Nicolas Cage|Gary Sinise|John Heard|Carla Gugino|Tamara Tunie,1998,5.8,327
10153,Sphere,Science Fiction,Barry Levinson,Dustin Hoffman|Sharon Stone|Samuel L. Jackson|Peter Coyote|Liev Schreiber,1998,5.8,476
153518,The Angry Birds Movie,Family|Animation,Fergal Reilly,Jason Sudeikis|Josh Gad|Danny McBride|Maya Rudolph|Bill Hader,2016,5.9,1022
8676,Fool's Gold,Romance|Comedy|Adventure,Andy Tennant,Matthew McConaughey|Kate Hudson|Donald Sutherland|Ewen Bremner|Alexis Dziena,2008,5.4,444
20829,Funny People,Comedy|Drama,Judd Apatow,Adam Sandler|Seth Rogen|Leslie Mann|Eric Bana|Jonah Hill,2009,5.7,390
4349,The Kingdom,Thriller|Action|Drama,Peter Berg,Jamie Foxx|Jennifer Garner|Chris Cooper|Jason Bateman|Ali Suliman,2007,6.5,513
9718,Talladega Nights: The Ballad of Ricky Bobby,Comedy,Adam McKay,Will Ferrell|John C. Reilly|Sacha Baron Cohen|Gary Cole|Michael Clarke Duncan,2006,6.2,491
10808,Dr. Dolittle 2,Comedy|Family|Romance|Fantasy,Steve Carr,Eddie Murphy|Kristen Wilson|Raven-Symoné|Kyla Pratt|Mandy Moore,2001,4.9,410
197,Braveheart,Action|Drama|History|War,Mel Gibson,Mel Gibson|Catherine McCormack|Sophie Marceau|Patrick McGoohan|Angus Macfadyen,1995,7.7,3336
25,Jarhead,Drama|War,Sam Mendes,Jamie Foxx|Jake Gyllenhaal|Scott MacDonald|Lucas Black|Peter Sarsgaard,2005,6.6,765
35,The Simpsons Movie,Animation|Comedy|Family,David Silverman,Dan Castellaneta|Julie Kavner|Nancy Cartwright|Yeardley Smith|Hank Azaria,2007,6.9,2264
11086,The Majestic,Drama|Romance,Frank Darabont,Jim Carrey|Martin Landau|Laurie Holden|David Ogden Stiers|Hal Holbrook,2001,6.6,188
10477,Driven,Action,Renny Harlin,Kip Pardue|Robert Sean Leonard|Til Schweiger|Estella Warren|Sylvester Stallone,2001,4.5,179
1997,Two Brothers,Adventure|Drama|Family,Jean-Jacques Annaud,Maï Anh Le|Guy Pearce|Oanh Nguyen|Jaran 'See Tao' Petcharoen|Stéphanie Lagarde,2004,6.9,180
6947,The Village,Drama|Mystery|Thriller,M. Night Shyamalan,Bryce Dallas Howard|Joaquin Phoenix|Adrien Brody|William Hurt|Sigourney Weaver,2004,6.2,1071
3050,Doctor Dolittle,Comedy|Family|Fantasy,Betty Thomas,Eddie Murphy|Ossie Davis|Oliver Platt|Peter Boyle|Richard Schiff,1998,5.4,686
2675,Signs,Drama|Thriller|Science Fiction|Mystery,M. Night Shyamalan,Mel Gibson|Joaquin Phoenix|Rory Culkin|Abigail Breslin|Cherry Jones,2002,6.4,1599
809,Shrek 2,Adventure|Animation|Comedy|Family|Fantasy,Andrew Adamson,Mike Myers|Eddie Murphy|Cameron Diaz|Julie Andrews|Antonio Banderas,2004,6.7,2988
920,Cars,Animation|Adventure|Comedy|Family,John Lasseter,Owen Wilson|Paul Newman|Bonnie Hunt|Larry the Cable Guy|Tony Shalhoub,2006,6.6,3877
4806,Runaway Bride,Comedy|Romance,Garry Marshall,Julia Roberts|Richard Gere|Joan Cusack|Rita Wilson|Héctor Elizondo,1999,5.7,455
7451,xXx,Action|Adventure|Thriller,Rob Cohen,Vin Diesel|Asia Argento|Samuel L. Jackson|Danny Trejo|Leila Arcieri,2002,5.8,1424
228165,The SpongeBob Movie: Sponge Out of Water,Animation|Adventure|Comedy|Family,Paul Tibbitt,Tom Kenny|Bill Fagerbakke|Rodger Bumpass|Clancy Brown|Carolyn Lawrence,2015,5.8,719
3595,Ransom,Action|Thriller,Ron Howard,Mel Gibson|Gary Sinise|Delroy Lindo|Rene Russo|Lili Taylor,1996,6.4,470
16869,Inglourious Basterds,Drama|Action|Thriller|War,Quentin Tarantino,Brad Pitt|Mélanie Laurent|Christoph Waltz|Eli Roth|Michael Fassbender,2009,7.9,6430
879,Hook,Adventure|Fantasy|Comedy|Family,Steven Spielberg,Robin Williams|Dustin Hoffman|Julia Roberts|Bob Hoskins|Maggie Smith,1991,6.6,1532
1573,Die Hard 2,Action|Thriller,Renny Harlin,Bruce Willis|Bonnie Bedelia|William Atherton|Reginald VelJohnson|Franco Nero,1990,6.6,1896
9257,S.W.A.T.,Action|Thriller|Crime,Clark Johnson,Samuel L. Jackson|Colin Farrell|Michelle Rodriguez|LL Cool J|Josh Charles,2003,5.8,770
1903,Vanilla Sky,Drama|Mystery|Romance|Science Fiction|Thriller,Cameron Crowe,Tom Cruise|Penélope Cruz|Cameron Diaz|Kurt Russell|Jason Lee,2001,6.5,1078
9697,Lady in the Water,Drama|Thriller|Fantasy|Mystery,M. Night Shyamalan,Paul Giamatti|Jeffrey Wright|Bob Balaban|Sarita Choudhury|Cindy Cheung,2006,5.3,409
395,AVP: Alien vs. Predator,Adventure|Science Fiction|Action,Paul W.S. Anderson,Sanaa Lathan|Raoul Bova|Ewen Bremner|Colin Salmon|Tommy Flanagan,2004,5.5,1217
23398,Alvin and the Chipmunks: The Squeakquel,Comedy|Family|Animation|Fantasy|Music,Betty Thomas,Zachary Levi|David Cross|Jason Lee|Justin Long|Matthew Gray Gubler,2009,5.4,666
10590,We Were Soldiers,Action|History|War,Randall Wallace,Mel Gibson|Greg Kinnear|Madeleine Stowe|Sam Elliott|Chris Klein,2002,6.7,521
117263,Olympus Has Fallen,Action|Thriller,Antoine Fuqua,Gerard Butler|Aaron Eckhart|Angela Bassett|Morgan Freeman|Radha Mitchell,2013,6.2,2981
200,Star Trek: Insurrection,Science Fiction|Action|Adventure|Thriller,Jonathan Frakes,Patrick Stewart|Jonathan Frakes|Brent Spiner|LeVar Burton|Michael Dorn,1998,6.3,391
44943,Battle: Los Angeles,Action|Science Fiction,Jonathan Liebesman,Aaron Eckhart|Ramón Rodríguez|Will Rothhaar|Cory Hardrict|Jim Parrack,2011,5.5,1448
587,Big Fish,Adventure|Fantasy|Drama,Tim Burton,Ewan McGregor|Albert Finney|Billy Crudup|Jessica Lange|Helena Bonham Carter,2003,7.6,1994
10395,Wolf,Fantasy,Mike Nichols,Jack Nicholson|Christopher Plummer|James Spader|Michelle Pfeiffer|Kate Nelligan,1994,6.0,216
57212,War Horse,Drama|War,Steven Spielberg,Tom Hiddleston|Benedict Cumberbatch|Toby Kebbell|Emily Watson|Jeremy Irvine,2011,7.0,992
152760,The Monuments Men,War|Drama|History|Action,George Clooney,Matt Damon|Cate Blanchett|George Clooney|Bill Murray|John Goodman,2014,5.8,1523
2756,The Abyss,Adventure|Action|Thriller|Science Fiction,James Cameron,Ed Harris|Mary Elizabeth Mastrantonio|Michael Biehn|Leo Burmester|Todd Graff,1989,7.1,808
33909,Wall Street: Money Never Sleeps,Drama|Crime,Oliver Stone,Michael Douglas|Shia LaBeouf|Josh Brolin|Carey Mulligan|Frank Langella,2010,5.8,493
49017,Dracula Untold,Horror|Action|Drama|Fantasy|War,Gary Shore,Luke Evans|Sarah Gadon|Dominic Cooper|Art Parkinson|Charles Dance,2014,6.2,2389
9882,The Siege,Drama|Action|Thriller|Crime,Edward Zwick,Denzel Washington|Annette Bening|Bruce Willis|Tony Shalhoub|Sami Bouajila,1998,6.0,352
2270,Stardust,Adventure|Fantasy|Romance|Family,Matthew Vaughn,Claire Danes|Charlie Cox|Michelle Pfeiffer|Robert De Niro|Sienna Miller,2007,7.1,1184
978,Seven Years in Tibet,Adventure|Drama|History,Jean-Jacques Annaud,Brad Pitt|Jamyang Jamtsho Wangchuk|David Thewlis|BD Wong|Mako,1997,7.0,630
44564,The Dilemma,Comedy|Drama,Ron Howard,Kevin James|Vince Vaughn|Winona Ryder|Jennifer Connelly|Queen Latifah,2011,5.2,304
3132,Bad Company,Action|Adventure|Comedy|Thriller,Joel Schumacher,Anthony Hopkins|Chris Rock|Peter Stormare|Gabriel Macht|Kerry Washington,2002,5.4,228
8814,Doom,Adventure|Action|Horror,Andrzej Bartkowiak,Dwayne Johnson|Karl Urban|Rosamund Pike|Ben Daniels|Deobia Oparei,2005,5.0,609
8427,I Spy,Action|Adventure|Comedy|Thriller,Betty Thomas,Eddie Murphy|Owen Wilson|Famke Janssen|Keith Dallas|Malcolm McDowell,2002,5.2,269
52520,Underworld: Awakening,Fantasy|Action|Horror,Måns Mårlind,Kate Beckinsale|Stephen Rea|Michael Ealy|Theo James|India Eisley,2012,6.1,1862
80585,Rock of Ages,Comedy|Drama|Music|Romance,Adam Shankman,Julianne Hough|Diego Boneta|Tom Cruise|Alec Baldwin|Russell Brand,2012,6.0,385
10592,Hart's War,Drama|War,Gregory Hoblit,Bruce Willis|Colin Farrell|Terrence Howard|Marcel Iureș|Cole Hauser,2002,5.9,241
49021,Killer Elite,Action|Adventure|Thriller,Gary McKendry,Jason Statham|Clive Owen|Robert De Niro|Dominic Purcell|Yvonne Strahovski,2011,6.1,695
11535,Rollerball,Action|Science Fiction|Thriller,John McTiernan,Chris Klein|LL Cool J|Rebecca Romijn|Naveen Andrews|Jean Reno,2002,3.4,106
10550,Ballistic: Ecks vs. Sever,Action|Adventure|Thriller,Wych Kaosayananda,Antonio Banderas|Lucy Liu|Gregg Henry|Ray Park|Talisa Soto,2002,4.3,97
11258,Hard Rain,Thriller,Mikael Salomon,Morgan Freeman|Christian Slater|Randy Quaid|Minnie Driver|Ed Asner,1998,5.5,179
12610,Osmosis Jones,Adventure|Animation|Action|Comedy|Family,Bobby Farrelly,Chris Rock|Laurence Fishburne|David Hyde Pierce|Brandy Norwood|Bill Murray,2001,5.9,228
59981,Legends of Oz: Dorothy's Return,Animation|Music|Family,Dan St. Pierre,Lea Michele|Dan Aykroyd|Patrick Stewart|Hugh Dancy|Jim Belushi,2013,5.9,43
201088,Blackhat,Crime|Drama|Mystery,Michael Mann,Chris Hemsworth|Leehom Wang|Tang Wei|Viola Davis|Holt McCallany,2015,5.1,826
5137,Sky Captain and the World of Tomorrow,Mystery|Action|Thriller|Science Fiction|Adventure,Kerry Conran,Jude Law|Gwyneth Paltrow|Giovanni Ribisi|Angelina Jolie|Bai Ling,2004,5.7,439
3093,Basic Instinct 2,Crime|Mystery|Thriller,Michael Caton-Jones,Sharon Stone|David Morrissey|Charlotte Rampling|David Thewlis|Stan Collymore,2006,4.6,180
107846,Escape Plan,Action|Thriller,Mikael Håfström,Sylvester Stallone|Arnold Schwarzenegger|Jim Caviezel|Vinnie Jones|50 Cent,2013,6.7,1659
188207,The Legend of Hercules,Action|Adventure,Renny Harlin,Kellan Lutz|Liam McIntyre|Gaia Weiss|Scott Adkins|Roxanne McKee,2014,4.4,533
4614,The Sum of All Fears,Thriller|Action|Drama,Phil Alden Robinson,Ben Affleck|Morgan Freeman|James Cromwell|Ken Jenkins|Liev Schreiber,2002,5.9,437
24021,The Twilight Saga: Eclipse,Adventure|Fantasy|Drama|Romance,David Slade,Kristen Stewart|Robert Pattinson|Taylor Lautner|Ashley Greene|Peter Facinelli,2010,5.8,2301
11371,The Score,Action|Crime|Thriller,Frank Oz,Robert De Niro|Edward Norton|Marlon Brando|Angela Bassett|Paul Soles,2001,6.7,423
20352,Despicable Me,Animation|Family,Pierre Coffin,Steve Carell|Jason Segel|Russell Brand|Julie Andrews|Will Arnett,2010,7.1,6478
11517,Money Train,Action|Comedy|Crime,Joseph Ruben,Wesley Snipes|Woody Harrelson|Jennifer Lopez|Robert Blake|Chris Cooper,1995,5.4,222
214756,Ted 2,Comedy,Seth MacFarlane,Mark Wahlberg|Seth MacFarlane|Amanda Seyfried|Jessica Barth|Giovanni Ribisi,2015,6.2,2463
26428,Agora,Adventure|Drama|History,Alejandro Amenábar,Rachel Weisz|Max Minghella|Oscar Isaac|Ashraf Barhom|Michael Lonsdale,2009,6.9,395
9824,Mystery Men,Adventure|Fantasy|Action|Comedy|Science Fiction,Kinka Usher,Ben Stiller|Geoffrey Rush|Claire Forlani|William H. Macy|Hank Azaria,1999,5.7,250
48988,Hall Pass,Comedy,Bobby Farrelly,Owen Wilson|Jason Sudeikis|Jenna Fischer|Christina Applegate|Nicky Whelan,2011,5.4,611
9008,The Insider,Drama|Thriller,Michael Mann,Al Pacino|Russell Crowe|Christopher Plummer|Diane Venora|Bruce McGill,1999,7.3,481
300673,The Finest Hours,Action|Drama|History|Thriller,Craig Gillespie,Chris Pine|Casey Affleck|Ben Foster|Eric Bana|Holliday Grainger,2016,6.3,588
12113,Body of Lies,Action|Drama|Thriller,Ridley Scott,Leonardo DiCaprio|Russell Crowe|Mark Strong|Ali Suliman|Simon McBurney,2008,6.5,895
38778,Dinner for Schmucks,Comedy,Jay Roach,Steve Carell|Paul Rudd|Stephanie Szostak|Jemaine Clement|Zach Galifianakis,2010,5.5,531
72331,Abraham Lincoln: Vampire Hunter,Action|Fantasy|Horror,Timur Bekmambetov,Benjamin Walker|Dominic Cooper|Anthony Mackie|Mary Elizabeth Winstead|Rufus Sewell,2012,5.5,1269
1844,Entrapment,Romance|Drama|Mystery,Jon Amiel,Sean Connery|Catherine Zeta-Jones|Will Patton|Maury Chaykin|Ving Rhames,1999,6.0,602
846,The X Files,Mystery|Science Fiction|Thriller,Rob Bowman,David Duchovny|Gillian Anderson|Mitch Pileggi|William B. Davis|John Neville,1998,6.6,488
9703,The Last Legion,Action|Adventure|Fantasy|War,Doug Lefler,Colin Firth|Ben Kingsley|Aishwarya Rai Bachchan|Peter Mullan|Kevin McKidd,2007,5.0,207
857,Saving Private Ryan,Drama|History|War,Steven Spielberg,Tom Hanks|Matt Damon|Vin Diesel|Tom Sizemore|Barry Pepper,1998,7.9,5048
136797,Need for Speed,Action|Crime|Drama|Thriller,Scott Waugh,Aaron Paul|Dominic Cooper|Imogen Poots|Rami Malek|Ramón Rodríguez,2014,6.1,1520
3981,What Women Want,Comedy|Romance,Nancy Meyers,Helen Hunt|Mel Gibson|Marisa Tomei|Lauren Holly|Mark Feuerstein,2000,6.1,992
425,Ice Age,Animation|Comedy|Family|Adventure,Chris Wedge,Ray Romano|John Leguizamo|Denis Leary|Goran Visnjic|Jack Black,2002,7.1,3857
6171,Dreamcatcher,Drama|Horror|Science Fiction|Thriller,Lawrence Kasdan,Morgan Freeman|Thomas Jane|Jason Lee|Damian Lewis|Timothy Olyphant,2003,5.3,567
72976,Lincoln,History|Drama,Steven Spielberg,Daniel Day-Lewis|Sally Field|David Strathairn|Joseph Gordon-Levitt|James Spader,2012,6.7,1429
603,The Matrix,Action|Science Fiction,Lilly Wachowski,Keanu Reeves|Laurence Fishburne|Carrie-Anne Moss|Hugo Weaving|Gloria Foster,1999,7.9,8907
568,Apollo 13,Drama,Ron Howard,Tom Hanks|Bill Paxton|Kevin Bacon|Gary Sinise|Ed Harris,1995,7.3,1599
9021,The Santa Clause 2,Fantasy|Comedy|Family,Michael Lembeck,Tim Allen|Elizabeth Mitchell|David Krumholtz|Eric Lloyd|Spencer Breslin,2002,5.5,297
82695,Les Misérables,Drama|Music|Romance,Tom Hooper,Hugh Jackman|Russell Crowe|Anne Hathaway|Amanda Seyfried|Sacha Baron Cohen,2012,7.1,1884
9489,You've Got Mail,Comedy|Romance,Nora Ephron,Tom Hanks|Meg Ryan|Katie Sagona|Greg Kinnear|Parker Posey,1998,6.3,838
12133,Step Brothers,Comedy,Adam McKay,Will Ferrell|John C. Reilly|Mary Steenburgen|Richard Jenkins|Adam Scott,2008,6.5,1062
9342,The Mask of Zorro,Action|Adventure,Martin Campbell,Antonio Banderas|Anthony Hopkins|Catherine Zeta-Jones|Stuart Wilson|Diego Sieres,1998,6.3,1183
41733,Due Date,Comedy|Drama,Todd Phillips,Robert Downey Jr.|Zach Galifianakis|Michelle Monaghan|Jamie Foxx|Juliette Lewis,2010,6.2,1685
227306,Unbroken,Drama|War,Angelina Jolie,Jack O'Connell|Domhnall Gleeson|Garrett Hedlund|Miyavi|Finn Wittrock,2014,7.3,1400
5551,Space Cowboys,Action|Adventure|Thriller,Clint Eastwood,Clint Eastwood|Tommy Lee Jones|Donald Sutherland|James Garner|James Cromwell,2000,6.3,403
9350,Cliffhanger,Action|Adventure|Thriller,Renny Harlin,Sylvester Stallone|John Lithgow|Michael Rooker|Janine Turner|Rex Linn,1993,6.1,588
9208,Broken Arrow,Action|Adventure|Drama|Thriller,John Woo,John Travolta|Christian Slater|Samantha Mathis|Delroy Lindo|Bob Gunton,1996,5.7,453
4244,The Kid,Fantasy|Comedy|Family,Jon Turteltaub,Bruce Willis|Spencer Breslin|Emily Mortimer|Lily Tomlin|Chi McBride,2000,6.0,238
1852,World Trade Center,Drama|History|Thriller,Oliver Stone,Nicolas Cage|Maria Bello|Maggie Gyllenhaal|Michael Peña|Jay Hernandez,2006,5.9,447
11820,Mona Lisa Smile,Drama|Romance,Mike Newell,Julia Roberts|Kirsten Dunst|Julia Stiles|Maggie Gyllenhaal|Ginnifer Goodwin,2003,6.5,393
76493,The Dictator,Comedy,Larry Charles,Sacha Baron Cohen|Sayed Badreya|Aasif Mandvi|Megan Fox|Anna Faris,2012,5.9,1743
345,Eyes Wide Shut,Mystery|Drama,Stanley Kubrick,Tom Cruise|Nicole Kidman|Madison Eginton|Jackie Sawiris|Sydney Pollack,1999,7.1,1234
196867,Annie,Comedy|Drama|Family,Will Gluck,Quvenzhané Wallis|Jamie Foxx|Rose Byrne|Cameron Diaz|Bobby Cannavale,2014,6.0,466
256591,Focus,Romance|Comedy|Crime|Drama,Glenn Ficarra,Will Smith|Margot Robbie|Rodrigo Santoro|Robert Taylor|Gerald McRaney,2015,6.7,2542
59962,This Means War,Action|Comedy|Romance,McG,Reese Witherspoon|Chris Pine|Tom Hardy|Laura Vandervoort|Angela Bassett,2012,5.9,1389
36648,Blade: Trinity,Science Fiction|Action|Horror|Thriller|Adventure|Fantasy,David S. Goyer,Wesley Snipes|Kris Kristofferson|Dominic Purcell|Jessica Biel|Ryan Reynolds,2004,5.7,1252
1880,Red Dawn,Action|Thriller,John Milius,Patrick Swayze|C. Thomas Howell|Lea Thompson|Darren Dalton|Charlie Sheen,1984,6.4,215
9440,Primary Colors,Comedy|Drama,Mike Nichols,John Travolta|Emma Thompson|Billy Bob Thornton|Kathy Bates|Adrian Lester,1998,6.1,94
71679,Resident Evil: Retribution,Action|Horror|Science Fiction,Paul W.S. Anderson,Milla Jovovich|Sienna Guillory|Michelle Rodriguez|Aryana Engineer|Li Bingbing,2012,5.6,1600
10483,Death Race,Action|Thriller|Science Fiction,Paul W.S. Anderson,Jason Statham|Joan Allen|Ian McShane|Tyrese Gibson|Natalie Martinez,2008,6.0,1175
11412,The Long Kiss Goodnight,Crime|Action|Mystery|Thriller,Renny Harlin,Geena Davis|Samuel L. Jackson|Yvonne Zima|Craig Bierko|Tom Amandes,1996,6.5,314
11983,Proof of Life,Action|Adventure|Drama|Romance|Thriller,Taylor Hackford,Meg Ryan|Russell Crowe|David Morse|Pamela Reed|David Caruso,2000,6.0,208
6795,Zathura: A Space Adventure,Family|Fantasy|Science Fiction|Adventure,Jon Favreau,Jonah Bobo|Josh Hutcherson|Dax Shepard|Kristen Stewart|Tim Robbins,2005,6.1,779
550,Fight Club,Drama,David Fincher,Edward Norton|Brad Pitt|Meat Loaf|Jared Leto|Helena Bonham Carter,1999,8.3,9413
11170,We Are Marshall,Drama,McG,Matthew McConaughey|Matthew Fox|Anthony Mackie|David Strathairn|Ian McShane,2006,6.7,186
9292,Hudson Hawk,Action|Adventure|Comedy,Michael Lehmann,Bruce Willis|Danny Aiello|Andie MacDowell|James Coburn|Richard E. Grant,1991,5.4,269
10783,Lucky Numbers,Action|Adventure|Comedy|Crime|Romance|Thriller,Nora Ephron,John Travolta|Lisa Kudrow|Tim Roth|Ed O'Neill|Michael Rapaport,2000,4.9,52
100241,"I, Frankenstein",Horror|Thriller,Stuart Beattie,Aaron Eckhart|Yvonne Strahovski|Bill Nighy|Jai Courtney|Miranda Otto,2014,5.0,687
257,Oliver Twist,Crime|Drama|Family,Roman Polanski,Barney Clark|Ben Kingsley|Jamie Foreman|Harry Eden|Edward Hardwicke,2005,6.7,274
9947,Elektra,Action|Fantasy,Rob Bowman,Jennifer Garner|Goran Visnjic|Will Yun Lee|Cary-Hiroyuki Tagawa|Terence Stamp,2005,4.8,575
189,Sin City: A Dame to Kill For,Crime|Thriller,Robert Rodriguez,Mickey Rourke|Jessica Alba|Josh Brolin|Joseph Gordon-Levitt|Rosario Dawson,2014,6.3,1286
12618,Random Hearts,Drama|Romance,Sydney Pollack,Harrison Ford|Kristin Scott Thomas|Charles S. Dutton|Bonnie Hunt|Dennis Haysbert,1999,5.3,63
253412,Everest,Adventure|Drama,Baltasar Kormákur,Jason Clarke|Jake Gyllenhaal|Josh Brolin|John Hawkes|Sam Worthington,2015,6.7,1772
1427,Perfume: The Story of a Murderer,Crime|Fantasy|Drama,Tom Tykwer,Ben Whishaw|Simon Chandler|David Calder|Richard Felix|Birgit Minichmayr,2006,7.1,1165
818,Austin Powers in Goldmember,Comedy|Crime|Science Fiction,Jay Roach,Mike Myers|Beyoncé Knowles|Seth Green|Michael York|Mindy Sterling,2002,5.9,979
16577,Astro Boy,Animation|Action|Family|Science Fiction,David Bowers,Nicolas Cage|Kristen Bell|Bill Nighy|Donald Sutherland|Freddie Highmore,2009,6.1,409
329,Jurassic Park,Adventure|Science Fiction,Steven Spielberg,Sam Neill|Laura Dern|Jeff Goldblum|Richard Attenborough|Bob Peck,1993,7.6,4856
12160,Wyatt Earp,Drama|Action|Western,Lawrence Kasdan,Kevin Costner|Dennis Quaid|Gene Hackman|David Andrews|Linden Ashby,1994,6.5,202
9331,Clear and Present Danger,Action|Drama|Thriller,Phillip Noyce,Harrison Ford|Willem Dafoe|Anne Archer|Joaquim de Almeida|Henry Czerny,1994,6.4,386
300168,Dragon Blade,Action|Drama|Adventure,Daniel Lee,Jackie Chan|John Cusack|Adrien Brody|Sharni Vinson|Benny Urquidez,2015,5.9,145
9072,Little Man,Comedy|Crime,Keenen Ivory Wayans,Marlon Wayans|Shawn Wayans|Kerry Washington|John Witherspoon|Tracy Morgan,2006,5.3,261
3536,U-571,Action|Drama|Thriller|War,Jonathan Mostow,Matthew McConaughey|Bill Paxton|Harvey Keitel|Jon Bon Jovi|David Keith,2000,6.1,340
9087,The American President,Comedy|Drama|Romance,Rob Reiner,Michael Douglas|Annette Bening|Michael J. Fox|Martin Sheen|Anna Deavere Smith,1995,6.5,195
12177,The Love Guru,Comedy|Romance,Marco Schnabel,Mike Myers|Jessica Alba|Justin Timberlake|Romany Malco|Meagan Good,2008,4.3,242
12138,3000 Miles to Graceland,Action|Adventure|Comedy|Thriller|Crime,Demian Lichtenstein,Kurt Russell|Kevin Costner|Courteney Cox|Christian Slater|Kevin Pollak,2001,5.8,178
273248,The Hateful Eight,Crime|Drama|Mystery|Western,Quentin Tarantino,Samuel L. Jackson|Kurt Russell|Jennifer Jason Leigh|Walton Goggins|Demián Bichir,2015,7.6,4274
9955,Blades of Glory,Action|Comedy|Drama,Josh Gordon,Will Ferrell|Jon Heder|Will Arnett|Amy Poehler|Jenna Fischer,2007,5.9,569
50359,Hop,Animation|Comedy|Family,Tim Hill,Russell Brand|James Marsden|Kaley Cuoco|Hank Azaria|Elizabeth Perkins,2011,5.5,331
1271,300,Action|Adventure|War,Zack Snyder,Gerard Butler|Lena Headey|Dominic West|David Wenham|Vincent Regan,2006,7.0,4997
693,Meet the Fockers,Comedy|Romance,Jay Roach,Ben Stiller|Teri Polo|Robert De Niro|Dustin Hoffman|Barbra Streisand,2004,6.1,1373
14306,Marley & Me,Comedy|Family,David Frankel,Owen Wilson|Jennifer Aniston|Eric Dane|Kathleen Turner|Alan Arkin,2008,6.9,1343
497,The Green Mile,Fantasy|Drama|Crime,Frank Darabont,Tom Hanks|Michael Clarke Duncan|David Morse|Bonnie Hunt|James Cromwell,1999,8.2,4048
11199,Wild Hogs,Action|Adventure|Comedy,Walt Becker,Tim Allen|John Travolta|Martin Lawrence|William H. Macy|Ray Liotta,2007,5.6,648
9982,Chicken Little,Animation|Family|Comedy,Mark Dindal,Zach Braff|Joan Cusack|Dan Molina|Steve Zahn|Garry Marshall,2005,5.6,944
210577,Gone Girl,Mystery|Thriller|Drama,David Fincher,Ben Affleck|Rosamund Pike|Carrie Coon|Neil Patrick Harris|Tyler Perry,2014,7.9,5862
2501,The Bourne Identity,Action|Drama|Mystery|Thriller,Doug Liman,Matt Damon|Franka Potente|Chris Cooper|Clive Owen|Brian Cox,2002,7.3,3583
710,GoldenEye,Adventure|Action|Thriller,Martin Campbell,Pierce Brosnan|Sean Bean|Izabella Scorupco|Famke Janssen|Joe Don Baker,1995,6.6,1174
2275,The General's Daughter,Crime|Drama|Mystery|Thriller,Simon West,John Travolta|Madeleine Stowe|James Cromwell|Timothy Hutton|Leslie Stefanson,1999,6.1,205
37165,The Truman Show,Comedy|Drama,Peter Weir,Jim Carrey|Laura Linney|Noah Emmerich|Natascha McElhone|Ed Harris,1998,7.8,4537
9837,The Prince of Egypt,Adventure|Animation|Drama|Family|Music,Simon Wells,Val Kilmer|Ralph Fiennes|Patrick Stewart|Michelle Pfeiffer|Sandra Bullock,1998,6.8,817
10708,Daddy Day Care,Comedy|Family,Steve Carr,Eddie Murphy|Jeff Garlin|Steve Zahn|Regina King|Kevin Nealon,2003,5.6,506
136400,2 Guns,Action|Comedy|Crime,Baltasar Kormákur,Denzel Washington|Mark Wahlberg|Paula Patton|Bill Paxton|Fred Ward,2013,6.6,1589
10992,Cats & Dogs,Comedy|Family,Lawrence Guterman,Jeff Goldblum|Elizabeth Perkins|Alexander Pollock|Miriam Margolyes|Tobey Maguire,2001,5.0,352
9654,The Italian Job,Action|Crime,F. Gary Gray,Mark Wahlberg|Charlize Theron|Edward Norton|Seth Green|Jason Statham,2003,6.6,1919
2642,Two Weeks Notice,Romance|Comedy,Marc Lawrence,Sandra Bullock|Hugh Grant|Alicia Witt|Dana Ivey|Robert Klein,2002,5.9,487
8916,Antz,Adventure|Animation|Comedy|Family,Eric Darnell,Woody Allen|Dan Aykroyd|Anne Bancroft|Danny Glover|Gene Hackman,1998,6.0,1272
19899,Couples Retreat,Comedy|Romance,Peter Billingsley,Vince Vaughn|Malin Åkerman|Jason Bateman|Kristen Bell|Jon Favreau,2009,5.3,588
2119,Days of Thunder,Adventure,Tony Scott,Tom Cruise|Robert Duvall|Nicole Kidman|Randy Quaid|Cary Elwes,1990,5.9,353
9641,Cheaper by the Dozen 2,Comedy,Adam Shankman,Steve Martin|Eugene Levy|Bonnie Hunt|Tom Welling|Jonathan Bennett,2005,5.7,526
294254,Maze Runner: The Scorch Trials,Action,Wes Ball,Dylan O'Brien|Kaya Scodelario|Thomas Brodie-Sangster|Giancarlo Esposito|Aidan Gillen,2015,6.4,3040
38167,Eat Pray Love,Drama,Ryan Murphy,Julia Roberts|James Franco|Javier Bardem|Billy Crudup|Richard Jenkins,2010,5.8,636
5994,The Family Man,Comedy|Drama|Romance|Fantasy,Brett Ratner,Nicolas Cage|Téa Leoni|Don Cheadle|Saul Rubinek|Amber Valletta,2000,6.5,521
39514,RED,Action|Adventure|Comedy|Crime|Thriller,Robert Schwentke,Bruce Willis|John Malkovich|Helen Mirren|Mary-Louise Parker|Karl Urban,2010,6.6,2808
9563,Any Given Sunday,Drama,Oliver Stone,Al Pacino|Cameron Diaz|Dennis Quaid|James Woods|Jamie Foxx,1999,6.8,422
547,The Horse Whisperer,Drama|Romance,Robert Redford,Robert Redford|Kristin Scott Thomas|Sam Neill|Scarlett Johansson|Dianne Wiest,1998,6.7,292
1538,Collateral,Drama|Crime|Thriller,Michael Mann,Tom Cruise|Jamie Foxx|Jada Pinkett Smith|Mark Ruffalo|Peter Berg,2004,7.0,1451
9334,The Scorpion King,Action|Fantasy|Adventure,Chuck Russell,Dwayne Johnson|Kelly Hu|Michael Clarke Duncan|Steven Brand|Bernard Hill,2002,5.3,779
11128,Ladder 49,Drama|Action|Thriller,Jay Russell,Joaquin Phoenix|John Travolta|Jacinda Barrett|Robert Patrick|Morris Chestnut,2004,6.2,207
75780,Jack Reacher,Crime|Drama|Thriller,Christopher McQuarrie,Tom Cruise|Rosamund Pike|Richard Jenkins|David Oyelowo|Werner Herzog,2012,6.3,2998
8914,Deep Blue Sea,Action|Science Fiction|Thriller,Renny Harlin,Thomas Jane|Saffron Burrows|LL Cool J|Michael Rapaport|Samuel L. Jackson,1999,5.6,604
13576,This Is It,Music|Documentary,Kenny Ortega,Michael Jackson|Orianthi|Kenny Ortega|Dorian Holley|Patrick Woodroffe,2009,6.7,247
39538,Contagion,Drama|Thriller|Science Fiction,Steven Soderbergh,Matt Damon|Gwyneth Paltrow|Kate Winslet|Jude Law|Marion Cotillard,2011,6.2,1325
10628,Kangaroo Jack,Comedy|Adventure|Crime,David McNally,Jerry O'Connell|Anthony Anderson|Estella Warren|Christopher Walken|Michael Shannon,2003,4.3,203
14836,Coraline,Animation|Family,Henry Selick,Dakota Fanning|Teri Hatcher|Jennifer Saunders|Dawn French|Keith David,2009,7.3,1386
8645,The Happening,Thriller|Science Fiction,M. Night Shyamalan,Mark Wahlberg|Zooey Deschanel|John Leguizamo|Spencer Breslin|Betty Buckley,2008,4.9,950
9509,Man on Fire,Action|Drama|Thriller|Crime,Tony Scott,Denzel Washington|Dakota Fanning|Marc Anthony|Radha Mitchell|Christopher Walken,2004,7.3,1553
10067,The Shaggy Dog,Comedy|Family,Brian Robbins,Tim Allen|Kristin Davis|Danny Glover|Spencer Breslin|Robert Downey Jr.,2006,4.5,137
9384,Starsky & Hutch,Comedy|Crime,Todd Phillips,Ben Stiller|Owen Wilson|Snoop Dogg|Fred Williamson|Vince Vaughn,2004,5.6,644
9279,Jingle All the Way,Family|Comedy,Brian Levant,Arnold Schwarzenegger|Phil Hartman|Sinbad|Rita Wilson|Jake Lloyd,1996,5.5,575
1487,Hellboy,Fantasy|Action|Science Fiction,Guillermo del Toro,Ron Perlman|Selma Blair|Rupert Evans|John Hurt|Jeffrey Tambor,2004,6.5,2225
9422,A Civil Action,Drama,Steven Zaillian,John Travolta|Robert Duvall|Tony Shalhoub|William H. Macy|Zeljko Ivanek,1998,6.1,109
77174,ParaNorman,Family|Animation|Adventure|Comedy,Sam Fell,Kodi Smit-McPhee|Tucker Albrizzi|Jodelle Ferland|Anna Kendrick|Casey Affleck,2012,6.7,789
4824,The Jackal,Action|Thriller|Adventure|Crime,Michael Caton-Jones,Bruce Willis|Richard Gere|Sidney Poitier|Diane Venora|J.K. Simmons,1997,6.1,527
9620,Paycheck,Action|Adventure|Mystery|Science Fiction|Thriller,John Woo,Ben Affleck|Aaron Eckhart|Uma Thurman|Paul Giamatti|Colm Feore,2003,5.9,581
9302,Up Close & Personal,Drama|Romance,Jon Avnet,Robert Redford|Michelle Pfeiffer|Stockard Channing|Joe Mantegna|Kate Nelligan,1996,5.9,50
10199,The Tale of Despereaux,Adventure|Animation|Family,Robert Stevenhagen,Matthew Broderick|Dustin Hoffman|Emma Watson|Tracey Ullman|Kevin Kline,2008,5.8,258
10771,The Tuxedo,Thriller|Action|Comedy|Science Fiction,Kevin Donovan,Jackie Chan|Jennifer Love Hewitt|Jason Isaacs|Debi Mazar|Ritchie Coster,2002,5.3,483
3512,Under Siege 2: Dark Territory,Action|Thriller,Geoff Murphy,Steven Seagal|Eric Bogosian|Everett McGill|Katherine Heigl|Morris Chestnut,1995,5.6,210
137094,Jack Ryan: Shadow Recruit,Action|Drama|Thriller,Kenneth Branagh,Chris Pine|Keira Knightley|Kevin Costner|Kenneth Branagh|Lenn Kudrjawizki,2014,5.9,1173
274479,Joy,Drama|Comedy,David O. Russell,Jennifer Lawrence|Bradley Cooper|Robert De Niro|Dascha Polanco|Edgar Ramírez,2015,6.4,1581
267860,London Has Fallen,Action|Crime|Thriller,Babak Najafi,Gerard Butler|Aaron Eckhart|Morgan Freeman|Angela Bassett|Melissa Leo,2016,5.8,1621
8078,Alien: Resurrection,Science Fiction|Horror|Action,Jean-Pierre Jeunet,Sigourney Weaver|Winona Ryder|Brad Dourif|Ron Perlman|Michael Wincott,1997,5.9,1365
7485,Shooter,Action|Drama|Mystery|Thriller|Crime,Antoine Fuqua,Mark Wahlberg|Michael Peña|Danny Glover|Kate Mara|Elias Koteas,2007,6.9,1462
170687,The Boxtrolls,Animation|Comedy|Family|Fantasy,Anthony Stacchi,Ben Kingsley|Isaac Hempstead-Wright|Elle Fanning|Dee Bradley Baker|Toni Collette,2014,6.6,668
6435,Practical Magic,Drama|Fantasy|Comedy,Griffin Dunne,Sandra Bullock|Nicole Kidman|Evan Rachel Wood|Goran Visnjic|Stockard Channing,1998,6.3,338
137106,The Lego Movie,Adventure|Animation|Comedy|Family|Fantasy,Phil Lord,Chris Pratt|Will Ferrell|Elizabeth Banks|Will Arnett|Nick Offerman,2014,7.5,3070
10040,Miss Congeniality 2: Armed and Fabulous,Action|Comedy,John Pasquin,Sandra Bullock|Regina King|Enrique Murciano|William Shatner|Eileen Brennan,2005,5.3,425
6278,Reign of Fire,Adventure|Action|Fantasy,Rob Bowman,Christian Bale|Matthew McConaughey|Izabella Scorupco|Gerard Butler|Alexander Siddig,2002,6.0,669
82682,Gangster Squad,Crime|Drama|Action|Thriller,Ruben Fleischer,Josh Brolin|Ryan Gosling|Nick Nolte|Emma Stone|Sean Penn,2013,6.2,1778
17610,Year One,Comedy|Adventure,Harold Ramis,Jack Black|Michael Cera|Olivia Wilde|Oliver Platt|David Cross,2009,4.6,524
22954,Invictus,Drama|History,Clint Eastwood,Morgan Freeman|Matt Damon|Tony Kgoroge|Patrick Mofokeng|Matt Stern,2009,7.0,1125
16995,State of Play,Action,Kevin Macdonald,Russell Crowe|Ben Affleck|Rachel McAdams|Robin Wright|Jason Bateman,2009,6.7,484
16558,Duplicity,Romance|Comedy|Crime,Tony Gilroy,Clive Owen|Julia Roberts|Paul Giamatti|Tom Wilkinson|Lisa Roberts Gillan,2009,5.7,201
9849,My Favorite Martian,Comedy|Drama|Family|Science Fiction,Donald Petrie,Jeff Daniels|Elizabeth Hurley|Daryl Hannah|Christopher Lloyd|Wallace Shawn,1999,5.1,80
5820,The Sentinel,Action|Thriller|Crime,Clark Johnson,Michael Douglas|Kiefer Sutherland|Eva Longoria|Martin Donovan|Kim Basinger,2006,5.8,225
16866,Planet 51,Science Fiction|Animation|Family|Comedy|Adventure,Jorge Blanco,Dwayne Johnson|Seann William Scott|Jessica Biel|Justin Long|Gary Oldman,2009,5.6,556
201,Star Trek: Nemesis,Science Fiction|Action|Adventure|Thriller,Stuart Baird,Patrick Stewart|Jonathan Frakes|Brent Spiner|LeVar Burton|Michael Dorn,2002,6.1,479
11775,Intolerable Cruelty,Crime|Comedy|Romance,Joel Coen,George Clooney|Catherine Zeta-Jones|Edward Herrmann|Geoffrey Rush|Richard Jenkins,2003,5.8,391
87825,Trouble with the Curve,Drama|Romance,Robert Lorenz,Clint Eastwood|Amy Adams|Justin Timberlake|John Goodman|Matthew Lillard,2012,6.6,366
12201,Edge of Darkness,Crime|Drama|Mystery|Thriller,Martin Campbell,Mel Gibson|Ray Winstone|Danny Huston|Shawn Roberts|Denis O'Hare,2010,6.2,487
11015,The Relic,Horror|Mystery|Thriller,Peter Hyams,Penelope Ann Miller|Tom Sizemore|Linda Hunt|James Whitmore|Clayton Rohner,1997,5.8,130
9932,Analyze That,Comedy|Crime,Harold Ramis,Robert De Niro|Billy Crystal|Lisa Kudrow|Joe Viterelli|Cathy Moriarty,2002,5.7,380
13389,Righteous Kill,Action|Crime|Drama|Thriller,Jon Avnet,Robert De Niro|Carla Gugino|50 Cent|Al Pacino|Donnie Wahlberg,2008,5.9,375
8838,Mercury Rising,Action|Crime|Drama|Thriller,Harold Becker,Bruce Willis|Alec Baldwin|Miko Hughes|Chi McBride|Kim Dickens,1998,6.0,368
17332,The Soloist,Drama,Joe Wright,Robert Downey Jr.|Jamie Foxx|Catherine Keener|Nelsan Ellis|Michael Bunin,2009,6.6,234
4958,The Legend of Bagger Vance,Fantasy|Drama,Robert Redford,Matt Damon|Bruce McGill|Charlize Theron|Will Smith|Joel Gretsch,2000,6.3,251
786,Almost Famous,Drama|Music,Cameron Crowe,Kate Hudson|Billy Crudup|Frances McDormand|Jason Lee|Patrick Fugit,2000,7.4,797
9513,Garfield: A Tail of Two Kitties,Animation|Comedy|Family,Tim Hill,Bill Murray|Jennifer Love Hewitt|Billy Connolly|Ian Abercrombie|Breckin Meyer,2006,5.1,464
11679,xXx: State of the Union,Action|Adventure|Crime|Drama|Mystery|Thriller,Lee Tamahori,Ice Cube|Samuel L. Jackson|Willem Dafoe|Scott Speedman|Peter Strauss,2005,4.7,549
38321,Priest,Action|Science Fiction|Fantasy|Thriller|Horror,Scott Stewart,Paul Bettany|Karl Urban|Cam Gigandet|Maggie Q|Lily Collins,2011,5.4,692
14411,Sinbad: Legend of the Seven Seas,Family|Animation|Adventure,Tim Johnson,Brad Pitt|Catherine Zeta-Jones|Michelle Pfeiffer|Joseph Fiennes|Dennis Haysbert,2003,6.6,372
8413,Event Horizon,Horror|Science Fiction|Mystery,Paul W.S. Anderson,Laurence Fishburne|Sam Neill|Kathleen Quinlan|Joely Richardson|Richard T. Jones,1997,6.5,742
10052,Dragonfly,Drama,Tom Shadyac,Kevin Costner|Joe Morton|Ron Rifkin|Susanna Thompson|Kathy Bates,2002,6.1,204
9676,The Black Dahlia,Drama,Brian De Palma,Josh Hartnett|Scarlett Johansson|Aaron Eckhart|Hilary Swank|Mia Kirshner,2006,5.7,287
9664,Flyboys,Action|Adventure|Drama|History|Romance|War,Tony Bill,James Franco|David Ellison|Jean Reno|Philip Winchester|Abdul Salis,2006,6.3,271
2100,The Last Castle,Action|Drama|Thriller,Rod Lurie,Robert Redford|James Gandolfini|Mark Ruffalo|Steve Burton|Delroy Lindo,2001,7.0,285
10384,Supernova,Horror|Science Fiction|Thriller,Walter Hill,James Spader|Angela Bassett|Robert Forster|Lou Diamond Phillips|Peter Facinelli,2000,4.9,109
137321,Winter's Tale,Drama|Fantasy|Mystery|Romance,Akiva Goldsman,Colin Farrell|Jessica Brown Findlay|Russell Crowe|William Hurt|Jennifer Connelly,2014,6.0,487
123553,The Mortal Instruments: City of Bones,Action|Adventure|Drama|Mystery|Romance|Fantasy,Harald Zwart,Lily Collins|Jamie Campbell Bower|Kevin Zegers|Jemima West|Robert Sheehan,2013,6.2,1602
11260,Meet Dave,Comedy|Science Fiction|Adventure|Family,Brian Robbins,Eddie Murphy|Elizabeth Banks|Gabrielle Union|Scott Caan|Ed Helms,2008,5.0,371
9009,Dark Water,Drama|Horror|Thriller,Walter Salles,Jennifer Connelly|John C. Reilly|Tim Roth|Dougray Scott|Pete Postlethwaite,2005,5.3,274
11374,Edtv,Comedy,Ron Howard,Matthew McConaughey|Woody Harrelson|Sally Kirkland|Jenna Elfman|Martin Landau,1999,5.7,166
2309,Inkheart,Adventure|Family|Fantasy,Iain Softley,Brendan Fraser|Sienna Guillory|Andy Serkis|Eliza Bennett|Paul Bettany,2008,6.0,592
8285,The Spirit,Action|Comedy|Thriller|Crime|Science Fiction,Frank Miller,Gabriel Macht|Scarlett Johansson|Samuel L. Jackson|Eva Mendes|Paz Vega,2008,4.7,320
210860,Mortdecai,Comedy|Adventure,David Koepp,Johnny Depp|Gwyneth Paltrow|Ewan McGregor|Paul Bettany|Olivia Munn,2015,5.4,1055
2312,In the Name of the King: A Dungeon Siege Tale,Adventure|Fantasy|Action|Drama,Uwe Boll,Jason Statham|John Rhys-Davies|Ray Liotta|Leelee Sobieski|Burt Reynolds,2007,4.1,224
9839,Beyond Borders,Drama|Romance|Adventure|War,Martin Campbell,Angelina Jolie|Clive Owen|Teri Polo|Linus Roache|Noah Emmerich,2003,6.7,110
381902,The Monkey King 2,Action|Adventure|Fantasy,Soi Cheang,Aaron Kwok|Gong Li|William Feng|Xiao Shen Yang|Him Law,2016,6.0,24
13922,The Great Raid,Action|History|War,John Dahl,Benjamin Bratt|James Franco|Connie Nielsen|Marton Csokas|Joseph Fiennes,2005,6.8,91
293660,Deadpool,Action|Adventure|Comedy,Tim Miller,Ryan Reynolds|Morena Baccarin|Ed Skrein|T.J. Miller|Gina Carano,2016,7.4,10995
9713,Holy Man,Drama|Comedy,Stephen Herek,Eddie Murphy|Jeff Goldblum|Kelly Preston|Robert Loggia|Jon Cryer,1998,4.9,111
190859,American Sniper,War|Action,Clint Eastwood,Bradley Cooper|Sienna Miller|Kyle Gallner|Cole Konis|Ben Reed,2014,7.4,4469
257445,Goosebumps,Adventure|Horror|Comedy,Rob Letterman,Jack Black|Dylan Minnette|Odeya Rush|Amy Ryan|Jillian Bell,2015,6.2,995
9007,Just Like Heaven,Comedy|Fantasy|Romance,Mark Waters,Reese Witherspoon|Mark Ruffalo|Donal Logue|Dina Spybey-Waters|Ben Shenkman,2005,6.5,579
889,The Flintstones in Viva Rock Vegas,Science Fiction|Comedy|Family|Romance,Brian Levant,Mark Addy|Stephen Baldwin|Kristen Johnston|Jane Krakowski|Joan Collins,2000,4.4,134
1370,Rambo III,Action|Adventure|Thriller|War,Peter MacDonald,Sylvester Stallone|Richard Crenna|Kurtwood Smith|Spiros Focás|Sasson Gabai,1988,5.7,690
4942,Leatherheads,Comedy|Romance|Drama,George Clooney,George Clooney|Renée Zellweger|John Krasinski|Wayne Duvall|Stephen Root,2008,5.7,130
347969,The Ridiculous 6,Comedy|Western,Frank Coraci,Adam Sandler|Taylor Lautner|Steve Buscemi|Terry Crews|Danny Trejo,2015,4.9,388
24438,Did You Hear About the Morgans?,Comedy,Marc Lawrence,Hugh Grant|Sarah Jessica Parker|Mary Steenburgen|Sam Elliott|Natalia Klimas,2009,5.1,276
116741,The Internship,Comedy,Shawn Levy,Owen Wilson|Vince Vaughn|Rose Byrne|Max Minghella|Aasif Mandvi,2013,6.1,1658
35791,Resident Evil: Afterlife,Action|Adventure|Horror|Science Fiction,Paul W.S. Anderson,Milla Jovovich|Wentworth Miller|Ali Larter|Kim Coates|Kacey Clarke,2010,5.8,1363
72431,Red Tails,Drama|Action|Adventure|History|War,Anthony Hemingway,Bryan Cranston|David Oyelowo|Cuba Gooding Jr.|Daniela Ruah|Terrence Howard,2012,5.9,178
1813,The Devil's Advocate,Drama|Horror|Mystery|Thriller,Taylor Hackford,Keanu Reeves|Al Pacino|Charlize Theron|Jeffrey Jones|Judith Ivey,1997,7.2,1374
87428,That's My Boy,Comedy,Sean Anders,Adam Sandler|Susan Sarandon|Eva Amurri Martino|Leighton Meester|Andy Samberg,2012,5.5,453
8840,DragonHeart,Fantasy,Rob Cohen,Dennis Quaid|David Thewlis|Pete Postlethwaite|Dina Meyer|Julie Christie,1996,6.4,535
10589,After the Sunset,Action|Comedy|Crime|Drama,Brett Ratner,Pierce Brosnan|Salma Hayek|Woody Harrelson|Troy Garity|Russell Hornsby,2004,6.0,226
71676,Ghost Rider: Spirit of Vengeance,Action|Fantasy|Thriller,Brian Taylor,Nicolas Cage|Ciarán Hinds|Violante Placido|Fergus Riordan|Johnny Whitworth,2011,4.7,1135
1722,Captain Corelli's Mandolin,Drama|History|Romance,John Madden,Nicolas Cage|Penélope Cruz|John Hurt|Christian Bale|Irene Papas,2001,5.5,145
10022,The Pacifier,Action|Comedy|Drama|Family|Thriller,Adam Shankman,Vin Diesel|Lauren Graham|Faith Ford|Chris Potter|Brittany Snow,2005,5.8,842
11358,Walking Tall,Adventure|Drama|Action|Thriller,Kevin Bray,Dwayne Johnson|Johnny Knoxville|Neal McDonough|Kristen Wilson|Cobie Smulders,2004,6.0,381
13,Forrest Gump,Comedy|Drama|Romance,Robert Zemeckis,Tom Hanks|Robin Wright|Gary Sinise|Mykelti Williamson|Sally Field,1994,8.2,7927
6477,Alvin and the Chipmunks,Comedy|Music|Family|Fantasy|Animation,Tim Hill,Jason Lee|David Cross|Cameron Richardson|Jane Lynch|Justin Long,2007,5.5,1177
1597,Meet the Parents,Comedy|Romance,Jay Roach,Ben Stiller|Robert De Niro|Teri Polo|Blythe Danner|Owen Wilson,2000,6.6,1698
10530,Pocahontas,Adventure|Animation|Drama|Family,Mike Gabriel,Irene Bedard|Mel Gibson|David Ogden Stiers|John Kassir|Russell Means,1995,6.7,1457
1924,Superman,Action|Adventure|Fantasy|Science Fiction,Richard Donner,Christopher Reeve|Marlon Brando|Margot Kidder|Gene Hackman|Ned Beatty,1978,6.9,1022
9327,The Nutty Professor,Fantasy|Comedy|Romance|Science Fiction,Tom Shadyac,Eddie Murphy|Jada Pinkett Smith|James Coburn|Larry Miller|Dave Chappelle,1996,5.4,702
8488,Hitch,Comedy|Drama|Romance,Andy Tennant,Will Smith|Eva Mendes|Kevin James|Amber Valletta|Julie Ann Emery,2005,6.4,1665
10603,George of the Jungle,Adventure|Comedy|Family|Romance,Sam Weisman,Brendan Fraser|Leslie Mann|Thomas Haden Church|John Cleese|Richard Roundtree,1997,5.4,496
8273,American Wedding,Comedy|Romance,Jesse Dylan,Jason Biggs|Alyson Hannigan|Seann William Scott|Eddie Kaye Thomas|Thomas Ian Nicholas,2003,6.0,1129
109424,Captain Phillips,Action|Drama|Thriller,Paul Greengrass,Tom Hanks|Catherine Keener|Max Martini|Chris Mulkey|Yul Vazquez,2013,7.6,2454
35056,Date Night,Comedy,Shawn Levy,Tina Fey|Steve Carell|Mark Wahlberg|Taraji P. Henson|Jimmi Simpson,2010,5.9,1122
8839,Casper,Fantasy|Comedy|Family,Brad Silberling,Christina Ricci|Bill Pullman|Cathy Moriarty|Eric Idle|Joe Nipote,1995,6.0,1019
156022,The Equalizer,Thriller|Action|Crime,Antoine Fuqua,Denzel Washington|Marton Csokas|Chloë Grace Moretz|David Harbour|Haley Bennett,2014,7.1,2954
7303,Maid in Manhattan,Comedy|Drama|Romance,Wayne Wang,Jennifer Lopez|Ralph Fiennes|Natasha Richardson|Stanley Tucci|Tyler Posey,2002,5.6,485
8963,Crimson Tide,Action|Thriller|Drama,Tony Scott,Denzel Washington|Gene Hackman|Matt Craven|George Dzundza|Viggo Mortensen,1995,7.0,498
1402,The Pursuit of Happyness,Drama,Gabriele Muccino,Will Smith|Jaden Smith|Thandie Newton|Brian Howe|James Karen,2006,7.7,2525
9315,Flightplan,Thriller|Drama|Mystery,Robert Schwentke,Jodie Foster|Peter Sarsgaard|Sean Bean|Kate Beahan|Michael Irby,2005,6.1,772
8984,Disclosure,Drama|Thriller|Crime|Mystery|Romance,Barry Levinson,Michael Douglas|Demi Moore|Donald Sutherland|Dylan Baker|Jacqueline Kim,1994,5.9,210
795,City of Angels,Drama|Fantasy|Romance,Brad Silberling,Nicolas Cage|Meg Ryan|Andre Braugher|Dennis Franz|Colm Feore,1998,6.4,529
24,Kill Bill: Vol. 1,Action|Crime,Quentin Tarantino,Uma Thurman|Lucy Liu|Vivica A. Fox|Daryl Hannah|David Carradine,2003,7.7,4949
11353,Bowfinger,Comedy,Frank Oz,Steve Martin|Eddie Murphy|Heather Graham|Christine Baranski|Jamie Kennedy,1999,6.0,254
393,Kill Bill: Vol. 2,Action|Crime|Thriller,Quentin Tarantino,Uma Thurman|David Carradine|Daryl Hannah|Michael Madsen|Gordon Liu Chia-Hui,2004,7.6,3948
9618,Tango & Cash,Action|Adventure|Comedy,Andrei Konchalovsky,Sylvester Stallone|Kurt Russell|Teri Hatcher|Jack Palance|Brion James,1989,6.1,458
9374,Death Becomes Her,Fantasy|Comedy,Robert Zemeckis,Meryl Streep|Bruce Willis|Goldie Hawn|Isabella Rossellini|Ian Ogilvy,1992,6.3,636
8584,Shanghai Noon,Adventure|Action|Comedy|Western,Tom Dey,Jackie Chan|Owen Wilson|Lucy Liu|Xander Berkeley|Roger Yuan,2000,6.2,735
2320,Executive Decision,Action|Adventure|Drama|Thriller,Stuart Baird,Kurt Russell|Steven Seagal|Halle Berry|John Leguizamo|Oliver Platt,1996,5.8,256
58224,Mr. Popper's Penguins,Comedy|Family,Mark Waters,Jim Carrey|Carla Gugino|Madeline Carroll|Angela Lansbury|Ophelia Lovibond,2011,5.7,751
1729,The Forbidden Kingdom,Action|Adventure|Fantasy,Rob Minkoff,Jackie Chan|Jet Li|Michael Angarano|Liu Yifei|Li Bingbing,2008,6.3,461
175574,Free Birds,Animation|Comedy|Family,Jimmy Hayward,Owen Wilson|Woody Harrelson|Amy Poehler|George Takei|Colm Meaney,2013,5.7,254
8077,Alien³,Science Fiction|Action|Horror,David Fincher,Sigourney Weaver|Charles S. Dutton|Charles Dance|Pete Postlethwaite|Ralph Brown,1992,6.2,1633
8818,Evita,History|Drama|Music,Alan Parker,Madonna|Antonio Banderas|Jonathan Pryce|Jimmy Nail|Victoria Sus,1996,5.9,120
8195,Ronin,Action|Thriller|Crime|Adventure,John Frankenheimer,Robert De Niro|Jean Reno|Natascha McElhone|Stellan Skarsgård|Sean Bean,1998,6.7,658
10586,The Ghost and the Darkness,Adventure,Stephen Hopkins,Michael Douglas|Val Kilmer|Tom Wilkinson|John Kani|Emily Mortimer,1996,6.4,236
116149,Paddington,Family|Comedy,Paul King,Nicole Kidman|Peter Capaldi|Ben Whishaw|Michael Gambon|Imelda Staunton,2014,7.0,883
80035,The Watch,Comedy,Akiva Schaffer,Ben Stiller|Vince Vaughn|Jonah Hill|Richard Ayoade|Rosemarie DeWitt,2012,5.3,881
10632,The Hunted,Drama|Action|Thriller|Crime,William Friedkin,Tommy Lee Jones|Benicio del Toro|Connie Nielsen|Leslie Stefanson|John Finn,2003,6.0,189
12117,Instinct,Drama|Mystery|Thriller,Jon Turteltaub,Anthony Hopkins|Cuba Gooding Jr.|Donald Sutherland|Maura Tierney|George Dzundza,1999,6.2,146
1792,Stuck on You,Comedy,Bobby Farrelly,Matt Damon|Greg Kinnear|Eva Mendes|Wen Yann Shih|Seymour Cassel,2003,5.1,188
13260,Semi-Pro,Comedy,Kent Alterman,Will Ferrell|Maura Tierney|Woody Harrelson|David Koechner|Will Arnett,2008,5.4,251
72197,The Pirates! In an Adventure with Scientists!,Animation|Adventure|Family|Comedy,Peter Lord,Hugh Grant|Brendan Gleeson|Jeremy Piven|Brian Blessed|Salma Hayek,2012,6.4,374
3580,Changeling,Crime|Drama|Mystery,Clint Eastwood,Angelina Jolie|Jeffrey Donovan|John Malkovich|Geoff Pierson|Amy Ryan,2008,7.3,1131
12123,Chain Reaction,Action|Drama|Science Fiction|Thriller,Andrew Davis,Keanu Reeves|Morgan Freeman|Rachel Weisz|Fred Ward|Kevin Dunn,1996,5.3,284
9566,The Fan,Drama|Mystery|Thriller,Tony Scott,Robert De Niro|Wesley Snipes|Ellen Barkin|John Leguizamo|Benicio del Toro,1996,5.7,194
9833,The Phantom of the Opera,Thriller|Drama|Romance,Joel Schumacher,Gerard Butler|Emmy Rossum|Patrick Wilson|Miranda Richardson|Minnie Driver,2004,7.0,438
4517,Elizabeth: The Golden Age,Drama|History|Romance,Shekhar Kapur,Cate Blanchett|Clive Owen|Geoffrey Rush|Laurence Fox|Tom Hollander,2007,6.6,303
8202,Æon Flux,Action|Science Fiction,Karyn Kusama,Charlize Theron|Marton Csokas|Jonny Lee Miller|Sophie Okonedo|Frances McDormand,2005,5.4,703
16072,Gods and Generals,Drama|History|War,Ronald F. Maxwell,Stephen Lang|Jeff Daniels|Robert Duvall|Kevin Conway|C. Thomas Howell,2003,6.1,48
34314,Turbulence,Action|Thriller|Crime,Robert Butler,Ray Liotta|Lauren Holly|Brendan Gleeson|Héctor Elizondo|Rachel Ticotin,1997,5.2,62
19724,Imagine That,Comedy,Karey Kirkpatrick,Eddie Murphy|Thomas Haden Church|Yara Shahidi|Ronny Cox|Stephen Rannazzisi,2009,5.7,134
145220,Muppets Most Wanted,Comedy|Adventure|Crime|Family,James Bobin,Ricky Gervais|Ty Burrell|Tina Fey|Steve Whitmire|Eric Jacobson,2014,6.2,316
14623,Thunderbirds,Action|Adventure|Comedy|Family|Fantasy|Science Fiction,Jonathan Frakes,Brady Corbet|Soren Fulton|Debora Weston|Lou Hirsch|Alex Barringer,2004,4.2,91
42297,Burlesque,Drama|Romance,Steve Antin,Cher|Christina Aguilera|Eric Dane|Cam Gigandet|Julianne Hough,2010,6.9,573
2841,A Very Long Engagement,Drama,Jean-Pierre Jeunet,Audrey Tautou|Gaspard Ulliel|Dominique Pinon|Chantal Neuwirth|André Dussollier,2004,7.1,346
802,Lolita,Drama|Romance,Stanley Kubrick,James Mason|Sue Lyon|Shelley Winters|Peter Sellers|Lois Maxwell,1962,7.3,395
10375,D-Tox,Action|Thriller,Jim Gillespie,Sylvester Stallone|Courtney B. Vance|Tom Berenger|Charles S. Dutton|Jeffrey Wright,2002,5.3,123
36586,Blade II,Fantasy|Horror|Action|Thriller,Guillermo del Toro,Wesley Snipes|Kris Kristofferson|Ron Perlman|Leonor Varela|Norman Reedus,2002,6.2,1528
11321,Seven Pounds,Drama,Gabriele Muccino,Will Smith|Rosario Dawson|Sarah Jane Morris|Woody Harrelson|Michael Ealy,2008,7.5,2039
70074,Bullet to the Head,Action|Crime|Thriller,Walter Hill,Sylvester Stallone|Sung Kang|Sarah Shahi|Adewale Akinnuoye-Agbaje|Jason Momoa,2013,5.2,481
242,The Godfather: Part III,Crime|Drama|Thriller,Francis Ford Coppola,Al Pacino|Diane Keaton|Andy García|Talia Shire|Sofia Coppola,1990,7.1,1546
9621,Elizabethtown,Comedy|Drama|Romance,Cameron Crowe,Orlando Bloom|Kirsten Dunst|Susan Sarandon|Alec Baldwin|Bruce McGill,2005,6.1,327
1819,"You, Me and Dupree",Comedy|Romance,Anthony Russo,Kate Hudson|Owen Wilson|Matt Dillon|Michael Douglas|Seth Rogen,2006,5.4,407
8536,Superman II,Action|Adventure|Fantasy|Science Fiction,Richard Lester,Gene Hackman|Christopher Reeve|Ned Beatty|Jackie Cooper|Sarah Douglas,1980,6.5,629
8046,Gigli,Drama,Martin Brest,Ben Affleck|Jennifer Lopez|Justin Bartha|Lainie Kazan|Lenny Venito,2003,3.5,104
1717,All the King's Men,Drama|Thriller,Steven Zaillian,Sean Penn|Jude Law|Kate Winslet|James Gandolfini|Patricia Clarkson,2006,5.7,95
479,Shaft,Action|Adventure|Crime|Thriller,John Singleton,Samuel L. Jackson|Jeffrey Wright|Christian Bale|Busta Rhymes|Dan Hedaya,2000,5.5,308
9444,Anastasia,Animation|Family,Gary Goldman,Meg Ryan|John Cusack|Christopher Lloyd|Angela Lansbury|Hank Azaria,1997,7.4,1432
824,Moulin Rouge!,Drama|Music|Romance,Baz Luhrmann,Nicole Kidman|Ewan McGregor|John Leguizamo|Jim Broadbent|Richard Roxburgh,2001,7.4,1300
11456,Domestic Disturbance,Mystery|Thriller|Crime,Harold Becker,John Travolta|Vince Vaughn|Teri Polo|Matt O'Leary|Steve Buscemi,2001,5.4,113
261023,Black Mass,Crime|Drama,Scott Cooper,Johnny Depp|Joel Edgerton|Benedict Cumberbatch|Dakota Johnson|Kevin Bacon,2015,6.3,1242
3683,Flags of Our Fathers,War|Drama|History,Clint Eastwood,Ryan Phillippe|Adam Beach|Jesse Bradford|John Benjamin Hickey|John Slattery,2006,6.7,526
22803,Law Abiding Citizen,Drama|Crime|Thriller,F. Gary Gray,Jamie Foxx|Gerard Butler|Colm Meaney|Bruce McGill|Leslie Bibb,2009,7.2,1486
285923,Grindhouse,Thriller|Action|Horror,Robert Rodriguez,Kurt Russell|Zoë Bell|Rosario Dawson|Vanessa Ferlito|Sydney Tamiia Poitier,2007,6.8,459
39437,Beloved,Drama|Thriller,Jonathan Demme,Oprah Winfrey|Danny Glover|Thandie Newton|Lisa Gay Hamilton|Albert Hall,1998,5.9,26
1950,Lucky You,Drama|Romance,Curtis Hanson,Eric Bana|Drew Barrymore|Robert Duvall|Debra Messing|Robert Downey Jr.,2007,5.4,81
640,Catch Me If You Can,Drama|Crime,Steven Spielberg,Leonardo DiCaprio|Tom Hanks|Christopher Walken|Martin Sheen|Nathalie Baye,2002,7.7,3795
97630,Zero Dark Thirty,Thriller|Drama|History,Kathryn Bigelow,Jessica Chastain|Jason Clarke|Mark Strong|Joel Edgerton|Chris Pratt,2012,6.7,1702
9767,The Break-Up,Romance|Comedy,Peyton Reed,Vince Vaughn|Jennifer Aniston|Joey Lauren Adams|Cole Hauser|Jon Favreau,2006,5.6,832
11631,Mamma Mia!,Comedy|Romance,Phyllida Lloyd,Meryl Streep|Pierce Brosnan|Amanda Seyfried|Colin Firth|Stellan Skarsgård,2008,6.4,1386
32856,Valentine's Day,Comedy|Romance,Garry Marshall,Jessica Alba|Jessica Biel|Bradley Cooper|Eric Dane|Patrick Dempsey,2010,5.7,1013
6519,The Dukes of Hazzard,Action|Adventure|Comedy,Jay Chandrasekhar,Johnny Knoxville|Seann William Scott|Jessica Simpson|Willie Nelson|Burt Reynolds,2005,5.1,316
8741,The Thin Red Line,Drama|History|War,Terrence Malick,Sean Penn|Adrien Brody|Jim Caviezel|Ben Chaplin|George Clooney,1998,7.2,771
49520,The Change-Up,Comedy,David Dobkin,Olivia Wilde|Ryan Reynolds|Jason Bateman|Leslie Mann|Mircea Monroe,2011,5.9,736
1850,Man on the Moon,Comedy|Drama|Romance,Miloš Forman,Jim Carrey|Courtney Love|Bob Zmuda|Danny DeVito|Gerry Becker,1999,6.9,435
524,Casino,Drama|Crime,Martin Scorsese,Robert De Niro|Sharon Stone|Joe Pesci|James Woods|Don Rickles,1995,7.8,1307
26389,From Paris with Love,Action|Crime|Thriller,Pierre Morel,John Travolta|Jonathan Rhys Meyers|Kasia Smutniak|Richard Durden|Bing Yin,2010,6.1,675
11817,Bulletproof Monk,Action|Comedy|Fantasy,Paul Hunter,Seann William Scott|Jaime King|Karel Roden|Chow Yun-fat|K. C. Collins,2003,5.1,278
2123,"Me, Myself & Irene",Comedy,Bobby Farrelly,Jim Carrey|Renée Zellweger|Anthony Anderson|Robert Forster|Richard Jenkins,2000,6.1,927
9907,Barnyard,Animation|Comedy|Family,Steve Oedekerk,Courteney Cox|Kevin James|Sam Elliott|Danny Glover|Wanda Sykes,2006,5.3,225
9969,Deck the Halls,Comedy|Family,John Whitesell,Danny DeVito|Matthew Broderick|Kristin Davis|Kristin Chenoweth|Fred Armisen,2006,5.1,109
18239,The Twilight Saga: New Moon,Adventure|Fantasy|Drama|Romance,Chris Weitz,Kristen Stewart|Robert Pattinson|Taylor Lautner|Billy Burke|Ashley Greene,2009,5.6,2436
808,Shrek,Adventure|Animation|Comedy|Family|Fantasy,Andrew Adamson,Mike Myers|Eddie Murphy|Cameron Diaz|John Lithgow|Vincent Cassel,2001,7.3,4056
38050,The Adjustment Bureau,Science Fiction|Thriller|Romance,George Nolfi,Matt Damon|Emily Blunt|John Slattery|Anthony Mackie|Lauren Hodges,2011,6.5,1652
8367,Robin Hood: Prince of Thieves,Adventure,Kevin Reynolds,Kevin Costner|Morgan Freeman|Christian Slater|Mary Elizabeth Mastrantonio|Alan Rickman,1991,6.6,909
9390,Jerry Maguire,Comedy|Drama|Romance,Cameron Crowe,Tom Cruise|Cuba Gooding Jr.|Renée Zellweger|Kelly Preston|Alison Armitage,1996,6.7,913
72105,Ted,Comedy|Fantasy,Seth MacFarlane,Mark Wahlberg|Mila Kunis|Seth MacFarlane|Joel McHale|Giovanni Ribisi,2012,6.3,4697
2898,As Good as It Gets,Comedy|Romance,James L. Brooks,Jack Nicholson|Helen Hunt|Greg Kinnear|Cuba Gooding Jr.|Skeet Ulrich,1997,7.2,915
10312,Patch Adams,Comedy|Drama,Tom Shadyac,Robin Williams|Philip Seymour Hoffman|Bob Gunton|Peter Coyote|Michael Jeter,1998,7.0,832
109443,Anchorman 2: The Legend Continues,Comedy,Adam McKay,Will Ferrell|Steve Carell|Paul Rudd|Christina Applegate|David Koechner,2013,6.0,923
2022,Mr. Deeds,Comedy|Romance,Steven Brill,Adam Sandler|Winona Ryder|John Turturro|Allen Covert|Peter Gallagher,2002,5.6,644
37686,Super 8,Thriller|Science Fiction|Mystery,J.J. Abrams,Joel Courtney|Elle Fanning|Riley Griffiths|Kyle Chandler|Ryan Lee,2011,6.6,2435
462,Erin Brockovich,Drama,Steven Soderbergh,Julia Roberts|Albert Finney|Aaron Eckhart|Marg Helgenberger|Cherry Jones,2000,7.1,716
9919,How to Lose a Guy in 10 Days,Comedy|Romance,Donald Petrie,Kate Hudson|Matthew McConaughey|Kathryn Hahn|Annie Parisse|Adam Goldberg,2003,6.3,850
187017,22 Jump Street,Crime|Comedy|Action,Phil Lord,Jonah Hill|Channing Tatum|Dave Franco|Ice Cube|Nick Offerman,2014,7.0,3319
628,Interview with the Vampire,Horror|Romance,Neil Jordan,Brad Pitt|Tom Cruise|Kirsten Dunst|Antonio Banderas|Christian Slater,1994,7.2,1516
10201,Yes Man,Comedy,Peyton Reed,Jim Carrey|Zooey Deschanel|Rhys Darby|Sasha Alexander|Fionnula Flanagan,2008,6.4,1813
302699,Central Intelligence,Action|Comedy,Rawson Marshall Thurber,Dwayne Johnson|Kevin Hart|Amy Ryan|Aaron Paul|Danielle Nicolet,2016,6.2,1650
9441,Stepmom,Drama|Romance,Chris Columbus,Julia Roberts|Susan Sarandon|Ed Harris|Jena Malone|Liam Aiken,1998,6.9,277
274167,Daddy's Home,Comedy,Sean Anders,Will Ferrell|Mark Wahlberg|Linda Cardellini|Thomas Haden Church|Scarlett Estevez,2015,5.8,854
224141,Into the Woods,Fantasy|Comedy|Music,Rob Marshall,Meryl Streep|Emily Blunt|James Corden|Anna Kendrick|Chris Pine,2014,5.6,1652
388,Inside Man,Crime|Drama|Thriller,Spike Lee,Denzel Washington|Clive Owen|Jodie Foster|Christopher Plummer|Willem Dafoe,2006,7.3,1630
2112,Payback,Drama|Action|Thriller|Crime,Brian Helgeland,Mel Gibson|Kris Kristofferson|Gregg Henry|Maria Bello|David Paymer,1999,6.7,548
10329,Congo,Action|Adventure|Drama|Mystery|Science Fiction|Thriller,Frank Marshall,Laura Linney|Dylan Walsh|Ernie Hudson|Tim Curry|Grant Heslov,1995,5.0,213
74465,We Bought a Zoo,Drama|Comedy|Family,Cameron Crowe,Matt Damon|Scarlett Johansson|Thomas Haden Church|Colin Ford|Maggie Elizabeth Jones,2011,6.5,909
13811,Knowing,Action|Adventure|Drama|Mystery|Science Fiction|Thriller,Alex Proyas,Nicolas Cage|Rose Byrne|Chandler Canterbury|Ben Mendelsohn|Nadia Townsend,2009,5.9,1486
6877,Failure to Launch,Comedy,Tom Dey,Matthew McConaughey|Sarah Jessica Parker|Zooey Deschanel|Justin Bartha|Bradley Cooper,2006,5.5,399
10320,The Ring Two,Drama|Horror|Thriller,Hideo Nakata,Naomi Watts|Simon Baker|Elizabeth Perkins|David Dorfman|Gary Cole,2005,5.4,632
50646,"Crazy, Stupid, Love.",Comedy|Drama|Romance,Glenn Ficarra,Steve Carell|Julianne Moore|Ryan Gosling|Emma Stone|Marisa Tomei,2011,7.0,2443
8920,Garfield,Animation|Comedy|Family,Peter Hewitt,Bill Murray|Breckin Meyer|Jennifer Love Hewitt|Stephen Tobolowsky|Evan Arnold,2004,5.2,820
13673,Christmas with the Kranks,Comedy|Family,Joe Roth,Tim Allen|Jamie Lee Curtis|Dan Aykroyd|M. Emmet Walsh|Elizabeth Franz,2004,5.2,193
60308,Moneyball,Drama,Bennett Miller,Brad Pitt|Jonah Hill|Philip Seymour Hoffman|Robin Wright|Chris Pratt,2011,7.0,1381
6950,Outbreak,Action|Drama|Science Fiction|Thriller,Wolfgang Petersen,Dustin Hoffman|Rene Russo|Morgan Freeman|Kevin Spacey|Cuba Gooding Jr.,1995,6.3,513
225574,Non-Stop,Action|Thriller|Mystery,Jaume Collet-Serra,Liam Neeson|Julianne Moore|Scoot McNairy|Michelle Dockery|Nate Parker,2014,6.8,2268
13836,Race to Witch Mountain,Adventure|Family|Fantasy|Science Fiction|Thriller|Action,Andy Fickman,Dwayne Johnson|AnnaSophia Robb|Alexander Ludwig|Carla Gugino|Chris Marquette,2009,5.5,509
752,V for Vendetta,Action|Thriller|Fantasy,James McTeigue,Natalie Portman|Hugo Weaving|Stephen Rea|Stephen Fry|John Hurt,2006,7.7,4442
6038,Shanghai Knights,Action|Adventure|Comedy|Western,David Dobkin,Jackie Chan|Owen Wilson|Fann Wong|Aaron Taylor-Johnson|Aidan Gillen,2003,6.0,692
9975,Curious George,Adventure|Animation|Comedy|Family,Matthew O'Callaghan,Will Ferrell|Drew Barrymore|David Cross|Eugene Levy|Dick Van Dyke,2006,6.2,106
11451,Herbie Fully Loaded,Comedy|Family|Adventure|Fantasy|Romance,Angela Robinson,Lindsay Lohan|Michael Keaton|Matt Dillon|Breckin Meyer|Justin Long,2005,5.1,542
12103,Don't Say a Word,Thriller,Gary Fleder,Michael Douglas|Sean Bean|Brittany Murphy|Skye McCole Bartusiak|Guy Torry,2001,6.0,220
60304,Hansel & Gretel: Witch Hunters,Fantasy|Horror|Action,Tommy Wirkola,Jeremy Renner|Gemma Arterton|Famke Janssen|Pihla Viitala|Derek Mears,2013,5.7,3239
2251,Unfaithful,Thriller|Drama,Adrian Lyne,Richard Gere|Diane Lane|Olivier Martinez|Erik Per Sullivan|Zeljko Ivanek,2002,6.3,276
46529,I Am Number Four,Action|Thriller|Science Fiction|Adventure,D.J. Caruso,Alex Pettyfer|Timothy Olyphant|Teresa Palmer|Dianna Agron|Callan McAuliffe,2011,5.9,1567
231,Syriana,Drama|Thriller,Stephen Gaghan,George Clooney|Matt Damon|Jeffrey Wright|Chris Cooper|Amanda Peet,2005,6.3,451
300671,13 Hours: The Secret Soldiers of Benghazi,Action|Drama|History|Thriller|War,Michael Bay,James Badge Dale|John Krasinski|Max Martini|Pablo Schreiber|Toby Stephens,2016,7.0,938
228326,The Book of Life,Romance|Animation|Adventure|Comedy|Family|Fantasy,Jorge R. Gutierrez,Diego Luna|Channing Tatum|Zoe Saldana|Christina Applegate|Eugenio Derbez,2014,7.3,755
9754,Firewall,Thriller,Richard Loncraine,Harrison Ford|Paul Bettany|Virginia Madsen|Carly Schroeder|Jimmy Bennett,2006,5.6,267
66,Absolute Power,Crime|Drama|Thriller,Clint Eastwood,Clint Eastwood|Gene Hackman|Ed Harris|Scott Glenn|Laura Linney,1997,6.4,223
4421,G.I. Jane,Action|Drama,Ridley Scott,Demi Moore|Viggo Mortensen|Anne Bancroft|Jason Beghe|Daniel von Bargen,1997,6.0,395
2649,The Game,Drama|Thriller|Mystery,David Fincher,Michael Douglas|Sean Penn|Deborah Kara Unger|James Rebhorn|Spike Jonze,1997,7.5,1506
588,Silent Hill,Horror|Mystery,Christophe Gans,Radha Mitchell|Sean Bean|Laurie Holden|Deborah Kara Unger|Kim Coates,2006,6.3,1067
10393,The Replacements,Comedy,Howard Deutch,Keanu Reeves|Gene Hackman|Brooke Langton|Orlando Jones|Faizon Love,2000,6.1,203
71552,American Reunion,Comedy,Jon Hurwitz,Jason Biggs|Alyson Hannigan|Seann William Scott|Chris Klein|Thomas Ian Nicholas,2012,6.1,1611
9631,The Negotiator,Action|Adventure|Crime|Drama|Mystery|Thriller,F. Gary Gray,Samuel L. Jackson|Kevin Spacey|David Morse|Ron Rifkin|John Spencer,1998,6.8,582
216282,Into the Storm,Action|Thriller,Steven Quale,Richard Armitage|Sarah Wayne Callies|Matt Walsh|Nathan Kress|Alycia Debnam-Carey,2014,5.8,817
306,Beverly Hills Cop III,Action|Comedy|Crime,John Landis,Eddie Murphy|Judge Reinhold|Héctor Elizondo|Gilbert R. Hill|Timothy Carhart,1994,5.5,434
928,Gremlins 2: The New Batch,Comedy|Horror|Fantasy,Joe Dante,Zach Galligan|Phoebe Cates|John Glover|Robert Prosky|Robert Picardo,1990,6.2,652
205587,The Judge,Drama,David Dobkin,Robert Duvall|Robert Downey Jr.|Vera Farmiga|Vincent D'Onofrio|Jeremy Strong,2014,7.2,1417
6623,The Peacemaker,Action|Thriller,Mimi Leder,George Clooney|Nicole Kidman|Marcel Iureș|Goran Visnjic|Armin Mueller-Stahl,1997,5.8,255
1577,Resident Evil: Apocalypse,Horror|Action|Science Fiction,Alexander Witt,Milla Jovovich|Sienna Guillory|Oded Fehr|Thomas Kretschmann|Sophie Vavasseur,2004,6.1,1267
9801,Bridget Jones: The Edge of Reason,Comedy|Romance,Beeban Kidron,Renée Zellweger|Hugh Grant|Colin Firth|Jim Broadbent|Gemma Jones,2004,6.1,750
2116,Out of Time,Thriller|Crime|Drama,Carl Franklin,Denzel Washington|Eva Mendes|Sanaa Lathan|John Billingsley|Dean Cain,2003,6.1,298
9624,On Deadly Ground,Action|Thriller,Steven Seagal,Steven Seagal|Michael Caine|Joan Chen|John C. McGinley|R. Lee Ermey,1994,4.5,104
14199,The Adventures of Sharkboy and Lavagirl,Adventure|Family|Science Fiction,Robert Rodriguez,Taylor Lautner|Taylor Dooley|Cayden Boyd|David Arquette|Kristin Davis,2005,4.4,269
1907,The Beach,Drama|Adventure|Romance|Thriller,Danny Boyle,Leonardo DiCaprio|Guillaume Canet|Tilda Swinton|Virginie Ledoyen|Staffan Kihlbom,2000,6.3,1233
4599,Raising Helen,Drama|Comedy|Romance,Garry Marshall,Kate Hudson|John Corbett|Joan Cusack|Hayden Panettiere|Spencer Breslin,2004,5.9,189
22832,Ninja Assassin,Action|Crime|Thriller,James McTeigue,Rain|Naomie Harris|Sung Kang|Randall Duk Kim|Rick Yune,2009,6.2,371
10390,For Love of the Game,Drama|Romance,Sam Raimi,Kevin Costner|Kelly Preston|John C. Reilly|Jena Malone|J.K. Simmons,1999,6.3,88
9879,Striptease,Drama|Thriller|Crime,Andrew Bergman,Demi Moore|Burt Reynolds|Armand Assante|Ving Rhames|Robert Patrick,1996,4.4,205
38579,Marmaduke,Family|Comedy,Tom Dey,Owen Wilson|Emma Stone|George Lopez|Christopher Mintz-Plasse|Steve Coogan,2010,5.0,149
44603,Hereafter,Drama|Fantasy,Clint Eastwood,Matt Damon|Bryce Dallas Howard|George McLaren|Thierry Neuvic|Cyndi Mayo Davis,2010,5.8,510
11892,Murder by Numbers,Crime|Drama|Thriller,Barbet Schroeder,Sandra Bullock|Ben Chaplin|Ryan Gosling|Michael Pitt|Agnes Bruckner,2002,6.0,268
9691,Assassins,Action|Adventure|Crime|Thriller,Richard Donner,Sylvester Stallone|Antonio Banderas|Julianne Moore|Anatoli Davydov|Muse Watson,1995,6.0,387
1248,Hannibal Rising,Crime|Drama|Thriller,Peter Webber,Gaspard Ulliel|Aaran Thomas|Gong Li|Dominic West|Rhys Ifans,2007,6.0,654
12220,The Story of Us,Comedy|Drama|Romance,Rob Reiner,Bruce Willis|Michelle Pfeiffer|Rob Reiner|Colleen Rennison|Jake Sandvig,1999,5.9,75
72710,The Host,Action|Adventure|Romance|Science Fiction|Thriller,Andrew Niccol,Saoirse Ronan|Diane Kruger|Jake Abel|William Hurt|Frances Fisher,2013,6.0,1817
10782,Basic,Action|Drama|Mystery|Thriller|Crime,John McTiernan,John Travolta|Connie Nielsen|Samuel L. Jackson|Giovanni Ribisi|Tim Daly,2003,6.2,286
9573,Blood Work,Crime|Drama|Mystery|Thriller,Clint Eastwood,Clint Eastwood|Jeff Daniels|Anjelica Huston|Wanda De Jesus|Tina Lifford,2002,6.1,206
4959,The International,Drama|Thriller|Crime,Tom Tykwer,Clive Owen|Naomi Watts|Armin Mueller-Stahl|Ulrich Thomsen|Brían F. O'Byrne,2009,6.0,368
10061,Escape from L.A.,Action|Adventure|Science Fiction|Thriller,John Carpenter,Kurt Russell|Stacy Keach|Steve Buscemi|Pam Grier|Cliff Robertson,1996,5.6,373
10386,The Iron Giant,Adventure|Animation|Family|Fantasy|Science Fiction,Brad Bird,Eli Marienthal|Jennifer Aniston|Vin Diesel|Christopher McDonald|Harry Connick Jr.,1999,7.6,1436
421,The Life Aquatic with Steve Zissou,Adventure|Comedy|Drama,Wes Anderson,Bill Murray|Anjelica Huston|Cate Blanchett|Willem Dafoe|Owen Wilson,2004,7.1,775
316152,Free State of Jones,War|Action|Drama|History|Thriller,Gary Ross,Matthew McConaughey|Gugu Mbatha-Raw|Mahershala Ali|Keri Russell|Jacob Lofland,2016,6.6,428
11615,The Life of David Gale,Drama|Thriller|Crime,Alan Parker,Kevin Spacey|Kate Winslet|Laura Linney|Gabriel Mann|Rhona Mitra,2003,7.3,480
13498,Man of the House,Comedy|Action,Stephen Herek,Tommy Lee Jones|Cedric the Entertainer|Christina Milian|Paula Garcés|Monica Keena,2005,5.4,120
241554,Run All Night,Action|Crime|Drama|Mystery|Thriller,Jaume Collet-Serra,Liam Neeson|Ed Harris|Joel Kinnaman|Boyd Holbrook|Bruce McGill,2015,6.3,1148
2252,Eastern Promises,Thriller|Crime|Mystery,David Cronenberg,Naomi Watts|Viggo Mortensen|Vincent Cassel|Armin Mueller-Stahl|Sinéad Cusack,2007,7.2,848
11968,Into the Blue,Action|Thriller|Adventure|Crime,John Stockwell,Paul Walker|Jessica Alba|Scott Caan|Ashley Scott|Josh Brolin,2005,5.8,458
10047,The Messenger: The Story of Joan of Arc,Adventure|Drama|Action|History|War,Luc Besson,Milla Jovovich|Dustin Hoffman|Faye Dunaway|John Malkovich|Vincent Cassel,1999,6.2,367
38319,Your Highness,Comedy,David Gordon Green,Danny McBride|James Franco|Natalie Portman|Zooey Deschanel|Justin Theroux,2011,5.2,501
69668,Dream House,Drama|Thriller|Mystery,Jim Sheridan,Daniel Craig|Naomi Watts|Rachel Weisz|Marton Csokas|Elias Koteas,2011,5.8,391
9770,Mad City,Action|Drama|Thriller,Costa-Gavras,John Travolta|Dustin Hoffman|Mia Kirshner|Alan Alda|Robert Prosky,1997,5.9,81
11212,Baby's Day Out,Action|Adventure|Comedy|Family,Patrick Read Johnson,Joe Mantegna|Lara Flynn Boyle|Joe Pantoliano|Brian Haley|Cynthia Nixon,1994,5.8,274
10533,The Scarlet Letter,Drama|History|Romance,Roland Joffé,Demi Moore|Gary Oldman|Robert Duvall|Robert Prosky|Edward Hardwicke,1995,5.5,108
38363,Fair Game,Drama|Thriller,Doug Liman,Naomi Watts|Sean Penn|Ty Burrell|Brooke Smith|Bruce McGill,2010,6.5,235
9923,Domino,Action|Crime,Tony Scott,Keira Knightley|Mickey Rourke|Edgar Ramírez|Delroy Lindo|Mo'Nique,2005,6.0,444
11863,Jade,Action|Thriller|Mystery|Romance,William Friedkin,David Caruso|Linda Fiorentino|Chazz Palminteri|Michael Biehn|Richard Crenna,1995,5.2,44
18501,Gamer,Action|Thriller|Science Fiction,Brian Taylor,Gerard Butler|Michael C. Hall|Logan Lerman|Amber Valletta|Terry Crews,2009,5.6,760
109491,Beautiful Creatures,Fantasy|Drama|Romance,Richard LaGravenese,Alden Ehrenreich|Alice Englert|Jeremy Irons|Viola Davis|Emmy Rossum,2013,5.6,984
9275,Death to Smoochy,Comedy|Crime|Drama|Thriller,Danny DeVito,Robin Williams|Catherine Keener|Edward Norton|Danny DeVito|Jon Stewart,2002,5.9,132
329833,Zoolander 2,Comedy,Ben Stiller,Ben Stiller|Owen Wilson|Will Ferrell|Penélope Cruz|Kristen Wiig,2016,4.7,797
12634,The Big Bounce,Comedy|Crime,George Armitage,Owen Wilson|Morgan Freeman|Gary Sinise|Sara Foster|Willie Nelson,2004,5.0,76
10416,What Planet Are You From?,Comedy|Drama|Romance|Science Fiction,Mike Nichols,Garry Shandling|Annette Bening|John Goodman|Greg Kinnear|Linda Fiorentino,2000,5.4,37
47327,Drive Angry,Fantasy|Thriller|Action|Crime,Patrick Lussier,Nicolas Cage|Amber Heard|William Fichtner|Billy Burke|David Morse,2011,5.3,600
15268,Street Fighter: The Legend of Chun-Li,Action|Adventure|Science Fiction|Thriller,Andrzej Bartkowiak,Kristin Kreuk|Chris Klein|Neal McDonough|Michael Clarke Duncan|Moon Bloodgood,2009,3.9,112
10796,The One,Action|Science Fiction|Thriller,James Wong,Jet Li|Jason Statham|Carla Gugino|Delroy Lindo|James Morrison,2001,5.7,437
9548,The Adventures of Ford Fairlane,Action|Comedy|Thriller|Crime|Mystery,Renny Harlin,Andrew Dice Clay|Wayne Newton|Priscilla Presley|Morris Day|Lauren Holly,1990,6.2,71
18947,The Boat That Rocked,Drama|Comedy,Richard Curtis,Tom Sturridge|Philip Seymour Hoffman|Rhys Ifans|Bill Nighy|Emma Thompson,2009,7.2,666
1900,Traffic,Thriller|Drama|Crime,Steven Soderbergh,Michael Douglas|Benicio del Toro|Jacob Vargas|Tomás Milián|Russell G. Jones,2000,6.9,562
89,Indiana Jones and the Last Crusade,Adventure|Action,Steven Spielberg,Harrison Ford|Sean Connery|Denholm Elliott|Alison Doody|John Rhys-Davies,1989,7.6,3152
96724,Anna Karenina,Drama|Romance,Joe Wright,Keira Knightley|Jude Law|Aaron Taylor-Johnson|Kelly Macdonald|Matthew Macfadyen,2012,6.5,639
198184,Chappie,Crime|Action|Science Fiction,Neill Blomkamp,Sharlto Copley|Dev Patel|Ninja|Yolandi Visser|Jose Pablo Cantillo,2015,6.6,3062
9481,The Bone Collector,Drama|Mystery|Thriller|Crime,Phillip Noyce,Denzel Washington|Angelina Jolie|Queen Latifah|Michael Rooker|Michael McGlone,1999,6.5,826
4547,Panic Room,Crime|Drama|Thriller,David Fincher,Jodie Foster|Kristen Stewart|Forest Whitaker|Dwight Yoakam|Jared Leto,2002,6.5,1267
53953,The Tooth Fairy,Horror,Chuck Bowman,Lochlyn Munro|Chandra West|Steve Bacic|Jianna Ballard|Carrie Fleming,2006,4.3,13
6415,Three Kings,Action|Adventure|Comedy,David O. Russell,George Clooney|Mark Wahlberg|Ice Cube|Spike Jonze|Cliff Curtis,1999,6.6,692
181283,Child 44,Crime|Thriller,Daniel Espinosa,Tom Hardy|Gary Oldman|Noomi Rapace|Joel Kinnaman|Paddy Considine,2015,6.1,547
9896,Rat Race,Adventure|Comedy,Jerry Zucker,Cuba Gooding Jr.|Seth Green|Whoopi Goldberg|Breckin Meyer|Amy Smart,2001,6.0,518
167,K-PAX,Drama|Science Fiction,Iain Softley,Jeff Bridges|Kevin Spacey|Mary McCormack|Alfre Woodard|Ajay Naidu,2001,7.1,695
11232,Kate & Leopold,Comedy|Fantasy|Romance|Science Fiction,James Mangold,Meg Ryan|Hugh Jackman|Liev Schreiber|Breckin Meyer|Natasha Lyonne,2001,6.0,418
1636,Bedazzled,Fantasy|Comedy|Romance,Harold Ramis,Elizabeth Hurley|Brendan Fraser|Frances O'Connor|Orlando Jones|Paul Adelstein,2000,5.6,512
2148,The Cotton Club,Music|Drama|Crime|Romance,Francis Ford Coppola,Richard Gere|Gregory Hines|Diane Lane|Lonette McKee|Bob Hoskins,1984,6.6,68
5176,3:10 to Yuma,Western,James Mangold,Russell Crowe|Christian Bale|Logan Lerman|Dallas Roberts|Peter Fonda,2007,6.9,1188
260346,Taken 3,Thriller|Action,Olivier Megaton,Liam Neeson|Forest Whitaker|Maggie Grace|Famke Janssen|Dougray Scott,2014,6.1,2200
1389,Out of Sight,Romance|Comedy|Crime,Steven Soderbergh,George Clooney|Jennifer Lopez|Ving Rhames|Don Cheadle|Albert Brooks,1998,6.5,333
9894,The Cable Guy,Comedy|Drama|Thriller,Ben Stiller,Jim Carrey|Matthew Broderick|Leslie Mann|Jack Black|George Segal,1996,5.7,594
7504,Earth,Drama,Deepa Mehta,Aamir Khan|Nandita Das|Maia Sethna|Kitu Gidwani|Arif Zakaria,1998,6.6,9
8592,Dick Tracy,Adventure|Action|Comedy|Thriller|Crime,Warren Beatty,Warren Beatty|Al Pacino|Madonna|Charlie Korsmo|Glenne Headly,1990,5.9,251
913,The Thomas Crown Affair,Drama|Crime|Romance,John McTiernan,Pierce Brosnan|Rene Russo|Denis Leary|Ben Gazzara|Frankie Faison,1999,6.6,339
11091,Riding in Cars with Boys,Comedy|Drama|Romance,Penny Marshall,Drew Barrymore|Steve Zahn|Adam Garcia|Brittany Murphy|Logan Lerman,2001,6.5,103
1368,First Blood,Action|Adventure|Thriller|War,Ted Kotcheff,Sylvester Stallone|Richard Crenna|Brian Dennehy|Bill McKinney|Jack Starrett,1982,7.2,1488
593,Solaris,Drama|Science Fiction|Adventure|Mystery,Andrei Tarkovsky,Donatas Banionis|Natalya Bondarchuk|Jüri Järvet|Anatoliy Solonitsyn|Nikolay Grinko,1972,7.7,357
5393,Happily N'Ever After,Animation|Comedy|Family|Fantasy|Science Fiction,Yvette Kaplan,George Carlin|Andy Dick|Sarah Michelle Gellar|Lisa Kaplan|Michael McShane,2006,4.6,104
9095,Mary Reilly,Drama|Horror|Thriller|Romance,Stephen Frears,Julia Roberts|John Malkovich|George Cole|Michael Gambon|Glenn Close,1996,5.7,74
8874,My Best Friend's Wedding,Comedy|Romance,P.J. Hogan,Julia Roberts|Dermot Mulroney|Cameron Diaz|Rupert Everett|Philip Bosco,1997,6.3,584
11467,America's Sweethearts,Comedy|Romance,Joe Roth,Julia Roberts|Billy Crystal|Catherine Zeta-Jones|John Cusack|Hank Azaria,2001,5.5,252
320,Insomnia,Crime|Mystery|Thriller,Christopher Nolan,Al Pacino|Robin Williams|Hilary Swank|Maura Tierney|Martin Donovan,2002,6.8,1148
199,Star Trek: First Contact,Science Fiction|Action|Adventure|Thriller,Jonathan Frakes,Patrick Stewart|Jonathan Frakes|Brent Spiner|LeVar Burton|Michael Dorn,1996,7.0,661
20533,Jonah Hex,Action|Western|Drama|Fantasy|Thriller,Jimmy Hayward,Josh Brolin|John Malkovich|Megan Fox|Michael Fassbender|Will Arnett,2010,4.4,420
10684,Courage Under Fire,Drama|Thriller|Mystery|War,Edward Zwick,Denzel Washington|Meg Ryan|Lou Diamond Phillips|Matt Damon|Michael Moriarty,1996,6.2,232
1624,Liar Liar,Comedy,Tom Shadyac,Jim Carrey|Maura Tierney|Cary Elwes|Jennifer Tilly|Swoosie Kurtz,1997,6.4,1424
325789,The Infiltrator,Crime|Drama|Thriller,Brad Furman,Bryan Cranston|Diane Kruger|John Leguizamo|Daniel Mays|Benjamin Bratt,2016,6.6,573
113464,Inchon,Drama|History|War,Terence Young,Laurence Olivier|Jacqueline Bisset|Ben Gazzara|Toshirō Mifune|Richard Roundtree,1981,6.5,2
888,The Flintstones,Fantasy|Comedy|Family,Brian Levant,John Goodman|Elizabeth Perkins|Rick Moranis|Rosie O'Donnell|Kyle MacLachlan,1994,5.0,543
82675,Taken 2,Action|Crime|Thriller,Olivier Megaton,Liam Neeson|Maggie Grace|Famke Janssen|Rade Serbedzija|Luke Grimes,2012,6.1,2757
4256,Scary Movie 3,Comedy,David Zucker,Pamela Anderson|Jenny McCarthy|Marny Eng|Charlie Sheen|Simon Rex,2003,5.8,912
1493,Miss Congeniality,Comedy|Crime|Action,Donald Petrie,Sandra Bullock|Benjamin Bratt|Michael Caine|Candice Bergen|William Shatner,2000,6.1,961
88751,Journey to the Center of the Earth,Action|Science Fiction|Adventure|Comedy|Family,Eric Brevig,Brendan Fraser|Josh Hutcherson|Anita Briem|Seth Meyers|Jean Michel Paré,2008,5.8,1309
11130,The Princess Diaries 2: Royal Engagement,Comedy|Drama|Family|Romance,Garry Marshall,Anne Hathaway|Julie Andrews|Héctor Elizondo|John Rhys-Davies|Heather Matarazzo,2004,6.0,697
9944,The Pelican Brief,Drama|Mystery|Thriller|Crime,Alan J. Pakula,Julia Roberts|Denzel Washington|Sam Shepard|William Atherton|John Lithgow,1993,6.3,371
10731,The Client,Drama|Thriller|Crime|Mystery,Joel Schumacher,Susan Sarandon|Tommy Lee Jones|Mary-Louise Parker|Anthony LaPaglia|Bradley Whitford,1994,6.4,278
7350,The Bucket List,Drama|Comedy,Rob Reiner,Jack Nicholson|Morgan Freeman|Sean Hayes|Beverly Todd|Alfonso Freeman,2007,7.0,1111
9869,Patriot Games,Drama|Action|Thriller|Crime,Phillip Noyce,Harrison Ford|Anne Archer|Patrick Bergin|Thora Birch|James Fox,1992,6.3,433
4379,Monster-in-Law,Romance|Comedy,Robert Luketic,Jennifer Lopez|Jane Fonda|Michael Vartan|Wanda Sykes|Adam Scott,2005,5.6,406
146233,Prisoners,Drama|Thriller|Crime,Denis Villeneuve,Hugh Jackman|Jake Gyllenhaal|Paul Dano|Maria Bello|Melissa Leo,2013,7.9,3085
2034,Training Day,Action|Crime|Drama|Thriller,Antoine Fuqua,Denzel Washington|Ethan Hawke|Scott Glenn|Tom Berenger|Harris Yulin,2001,7.3,1634
926,Galaxy Quest,Comedy|Family|Science Fiction,Dean Parisot,Tim Allen|Sigourney Weaver|Alan Rickman|Tony Shalhoub|Sam Rockwell,1999,6.9,710
4248,Scary Movie 2,Comedy,Keenen Ivory Wayans,Anna Faris|Marlon Wayans|James DeBello|Shawn Wayans|David Cross,2001,5.4,982
64328,The Muppets,Comedy|Family|Music,James Bobin,Amy Adams|Jason Segel|Emily Blunt|John Krasinski|Zach Galifianakis,2011,6.5,501
36647,Blade,Horror|Action,Stephen Norrington,Wesley Snipes|Stephen Dorff|Kris Kristofferson|N'Bushe Wright|Donal Logue,1998,6.5,1905
7214,Coach Carter,Drama,Thomas Carter,Samuel L. Jackson|Rob Brown|Robert Ri'chard|Rick Gonzalez|Channing Tatum,2005,7.3,496
1537,Changing Lanes,Action|Adventure|Crime|Thriller,Roger Michell,Ben Affleck|Samuel L. Jackson|Kim Staunton|Toni Collette|Sydney Pollack,2002,5.9,299
9360,Anaconda,Adventure|Horror|Thriller,Luis Llosa,Jennifer Lopez|Ice Cube|Jon Voight|Eric Stoltz|Owen Wilson,1997,4.7,610
6282,Coyote Ugly,Comedy,David McNally,Piper Perabo|Adam Garcia|John Goodman|Izabella Miko|Tyra Banks,2000,5.8,575
508,Love Actually,Comedy|Romance|Drama,Richard Curtis,Keira Knightley|Heike Makatsch|Emma Thompson|Laura Linney|Hugh Grant,2003,7.0,1869
9487,A Bug's Life,Adventure|Animation|Comedy|Family,Andrew Stanton,Kevin Spacey|Julia Louis-Dreyfus|Hayden Panettiere|Phyllis Diller|Bonnie Hunt,1998,6.8,2303
768,From Hell,Horror|Mystery|Thriller,Albert Hughes,Johnny Depp|Heather Graham|Ian Holm|Robbie Coltrane|Ian Richardson,2001,6.6,741
2636,The Specialist,Action|Thriller,Luis Llosa,Sylvester Stallone|Sharon Stone|James Woods|Rod Steiger|Eric Roberts,1994,5.5,313
10478,Tin Cup,Comedy|Drama|Romance,Ron Shelton,Kevin Costner|Don Johnson|Cheech Marin|George Perez|Rene Russo,1996,5.9,150
27983,"Yours, Mine and Ours",Comedy|Drama|Family,Melville Shavelson,Lucille Ball|Henry Fonda|Van Johnson|Tom Bosley|Louise Troy,1968,6.2,26
9981,Kicking & Screaming,Romance|Comedy|Family,Jesse Dylan,Will Ferrell|Robert Duvall|Kate Walsh|Musetta Vander|Josh Hutcherson,2005,5.6,176
7453,The Hitchhiker's Guide to the Galaxy,Adventure|Comedy|Family|Science Fiction,Garth Jennings,Martin Freeman|Zooey Deschanel|Sam Rockwell|Yasiin Bey|John Malkovich,2005,6.6,1315
15045,Fat Albert,Comedy|Drama|Family,Joel Zwick,Kenan Thompson|Shedrack Anderson III|Jermaine Williams|Keith Robinson|Alphonso McAuley,2004,4.3,69
7737,Resident Evil: Extinction,Horror|Action|Science Fiction,Russell Mulcahy,Milla Jovovich|Oded Fehr|Ali Larter|Iain Glen|Mike Epps,2007,6.1,1292
232672,Blended,Comedy,Frank Coraci,Drew Barrymore|Adam Sandler|Wendi McLendon-Covey|Bella Thorne|Terry Crews,2014,6.6,1006
17379,Last Holiday,Adventure|Comedy|Drama,Wayne Wang,Queen Latifah|LL Cool J|Timothy Hutton|Giancarlo Esposito|Alicia Witt,2006,6.4,119
8987,The River Wild,Action|Adventure|Crime|Thriller,Curtis Hanson,Meryl Streep|David Strathairn|Kevin Bacon|Benjamin Bratt|John C. Reilly,1994,6.1,210
11359,The Indian in the Cupboard,Adventure|Family|Fantasy,Frank Oz,Hal Scardino|Litefoot|Lindsay Crouse|Richard Jenkins|Rishi Bhat,1995,5.9,134
82525,Savages,Crime|Drama|Thriller,Oliver Stone,Blake Lively|Taylor Kitsch|Aaron Taylor-Johnson|Benicio del Toro|Salma Hayek,2012,6.2,766
9759,Cellular,Action|Adventure|Crime|Thriller,David R. Ellis,Chris Evans|Kim Basinger|Jason Statham|Jessica Biel|William H. Macy,2004,6.1,537
9486,Johnny English,Adventure|Action|Comedy,Peter Howitt,Rowan Atkinson|John Malkovich|Natalie Imbruglia|Tasha de Vasconcelos|Ben Miller,2003,6.0,852
9906,The Ant Bully,Fantasy|Adventure|Animation|Comedy|Family,John A. Davis,Julia Roberts|Meryl Streep|Nicolas Cage|Paul Giamatti|Bruce Campbell,2006,5.5,366
841,Dune,Action|Science Fiction|Adventure,David Lynch,Kyle MacLachlan|Francesca Annis|Leonardo Cimino|Brad Dourif|José Ferrer,1984,6.5,562
4688,Across the Universe,Adventure|Drama|Music|Romance,Julie Taymor,Evan Rachel Wood|Jim Sturgess|Joe Anderson|Dana Fuchs|Martin Luther,2007,7.1,410
4148,Revolutionary Road,Drama|Romance,Sam Mendes,Leonardo DiCaprio|Kate Winslet|Michael Shannon|Kathryn Hahn|David Harbour,2008,6.7,796
2207,16 Blocks,Action|Adventure|Crime|Thriller,Richard Donner,Bruce Willis|Yasiin Bey|David Morse|Jenna Stern|David Zayas,2006,6.2,661
9381,Babylon A.D.,Action|Adventure|Science Fiction|Thriller,Mathieu Kassovitz,Vin Diesel|Michelle Yeoh|Mélanie Thierry|Lambert Wilson|Charlotte Rampling,2008,5.4,676
9625,The Glimmer Man,Action|Adventure|Crime|Drama|Thriller,John Gray,Steven Seagal|Keenen Ivory Wayans|Bob Gunton|Brian Cox|Michelle Johnson,1996,4.7,100
9304,Multiplicity,Comedy|Fantasy|Science Fiction,Harold Ramis,Michael Keaton|Andie MacDowell|Harris Yulin|Eugene Levy|Zack Duhame,1996,5.5,154
20856,Aliens in the Attic,Adventure|Comedy|Family|Fantasy|Science Fiction,John Schultz,Carter Jenkins|Austin Butler|Kevin Nealon|Robert Hoffman|Doris Roberts,2009,5.3,244
5955,The Pledge,Crime|Drama|Mystery|Thriller,Sean Penn,Jack Nicholson|Aaron Eckhart|Helen Mirren|Robin Wright|Vanessa Redgrave,2001,6.5,215
9899,The Producers,Comedy|Music,Susan Stroman,Matthew Broderick|Uma Thurman|Will Ferrell|Eileen Essell|Gary Beach,2005,6.1,151
9826,The Phantom,Adventure|Action,Simon Wincer,Billy Zane|Kristy Swanson|Treat Williams|Catherine Zeta-Jones|James Remar,1996,4.7,136
21355,All the Pretty Horses,Drama|Romance|Western,Billy Bob Thornton,Matt Damon|Henry Thomas|Penélope Cruz|Sam Shepard|Robert Patrick,2000,5.8,60
10858,Nixon,History|Drama,Oliver Stone,Anthony Hopkins|Joan Allen|Powers Boothe|Ed Harris|Bob Hoskins,1995,7.1,71
11439,The Ghost Writer,Thriller|Mystery,Roman Polanski,Ewan McGregor|Pierce Brosnan|Jon Bernthal|Kim Cattrall|Tom Wilkinson,2010,6.7,670
9457,Deep Rising,Adventure|Action|Horror|Science Fiction,Stephen Sommers,Treat Williams|Famke Janssen|Anthony Heald|Kevin J. O'Connor|Una Damon,1998,6.0,154
12412,Miracle at St. Anna,Drama|War,Spike Lee,Derek Luke|Michael Ealy|Laz Alonso|John Turturro|Valentina Cervi,2008,6.3,90
1494,Curse of the Golden Flower,Action|Drama|Fantasy,Zhang Yimou,Chow Yun-fat|Gong Li|Jay Chou|Liu Ye|Qin Jun-Jie,2006,6.6,203
13184,Bangkok Dangerous,Action|Crime|Thriller,Danny Pang,Nicolas Cage|Shahkrit Yamnarm|Charlie Yeung|Panward Hemmanee|Nirattisai Kaljaruek,2008,5.0,332
2185,Big Trouble,Action|Comedy|Thriller,Barry Sonnenfeld,Tim Allen|Rene Russo|Patrick Warburton|Ben Foster|Zooey Deschanel,2002,6.3,80
6639,Love in the Time of Cholera,Drama|Romance,Mike Newell,Javier Bardem|Unax Ugalde|Benjamin Bratt|Catalina Sandino Moreno|Héctor Elizondo,2007,6.4,81
38153,Shadow Conspiracy,Action|Thriller,George P. Cosmatos,Charlie Sheen|Donald Sutherland|Linda Hamilton|Stephen Lang|Nicholas Turturro,1997,4.0,11
58233,Johnny English Reborn,Crime|Adventure|Action|Comedy|Thriller,Oliver Parker,Rowan Atkinson|Dominic West|Gillian Anderson|Rosamund Pike|Daniel Kaluuya,2011,6.0,1007
116977,Foodfight!,Animation|Action|Comedy|Family,Lawrence Kasanoff,Charlie Sheen|Wayne Brady|Hilary Duff|Eva Longoria|Christopher Lloyd,2012,2.3,28
68734,Argo,Drama|Thriller,Ben Affleck,Ben Affleck|Bryan Cranston|Alan Arkin|John Goodman|Victor Garber,2012,7.1,3423
5503,The Fugitive,Adventure|Action|Thriller|Crime|Mystery,Andrew Davis,Harrison Ford|Tommy Lee Jones|Sela Ward|Julianne Moore|Joe Pantoliano,1993,7.2,1220
27573,The Bounty Hunter,Action,Andy Tennant,Gerard Butler|Jennifer Aniston|Gio Perez|Siobhan Fallon|Joel Garland,2010,5.5,858
819,Sleepers,Crime|Drama|Thriller,Barry Levinson,Robert De Niro|Brad Pitt|Kevin Bacon|Jason Patric|Ron Eldard,1996,7.3,715
1369,Rambo: First Blood Part II,Action|Adventure|Thriller|War,George P. Cosmatos,Sylvester Stallone|Richard Crenna|Charles Napier|Steven Berkoff|Julia Nickson,1985,6.3,864
9623,The Juror,Drama|Thriller,Brian Gibson,Demi Moore|Alec Baldwin|Joseph Gordon-Levitt|Anne Heche|James Gandolfini,1996,5.5,89
10895,Pinocchio,Animation|Family,Ben Sharpsteen,Mel Blanc|Don Brodie|Walter Catlett|Marion Darlington|Frankie Darro,1940,6.9,1355
10935,Heaven's Gate,Action|Drama|History|Western,Michael Cimino,Kris Kristofferson|Christopher Walken|John Hurt|Isabelle Huppert|Sam Waterston,1980,6.4,55
834,Underworld: Evolution,Fantasy|Action|Science Fiction|Thriller,Len Wiseman,Kate Beckinsale|Scott Speedman|Tony Curran|Shane Brolly|Derek Jacobi,2006,6.4,1528
228066,Victor Frankenstein,Drama|Science Fiction|Thriller,Paul McGuigan,James McAvoy|Daniel Radcliffe|Jessica Brown Findlay|Andrew Scott|Charles Dance,2015,5.6,685
711,Finding Forrester,Drama,Gus Van Sant,Sean Connery|Rob Brown|F. Murray Abraham|Anna Paquin|Busta Rhymes,2000,7.0,302
10468,28 Days,Comedy|Drama,Betty Thomas,Sandra Bullock|Viggo Mortensen|Dominic West|Elizabeth Perkins|Alan Tudyk,2000,6.0,208
10027,Unleashed,Action|Crime,Louis Leterrier,Jet Li|Morgan Freeman|Bob Hoskins|Vincent Regan|Dylan Brown,2005,6.6,518
11812,The Sweetest Thing,Romance|Comedy,Roger Kumble,Cameron Diaz|Christina Applegate|Thomas Jane|Selma Blair|Jason Bateman,2002,5.3,280
37233,The Firm,Drama|Mystery|Thriller,Sydney Pollack,Tom Cruise|Jeanne Tripplehorn|Gene Hackman|Holly Hunter|Ed Harris,1993,6.6,501
37950,Charlie St. Cloud,Drama,Burr Steers,Zac Efron|Amanda Crew|Charlie Tahan|Augustus Prew|Donal Logue,2010,6.8,566
27582,The Mechanic,Action|Thriller|Crime,Simon West,Jason Statham|Ben Foster|Donald Sutherland|Mini Anden|Tony Goldwyn,2011,6.3,1045
64688,21 Jump Street,Action|Comedy|Crime,Phil Lord,Channing Tatum|Jonah Hill|Brie Larson|Dave Franco|Ellie Kemper,2012,6.7,4074
509,Notting Hill,Romance|Comedy|Drama,Roger Michell,Julia Roberts|Hugh Grant|Gina McKee|Tim McInnerny|Rhys Ifans,1999,7.0,1262
7443,Chicken Run,Animation|Comedy|Family,Nick Park,Mel Gibson|Miranda Richardson|Timothy Spall|Imelda Staunton|Jane Horrocks,2000,6.5,1150
5966,Along Came Polly,Comedy|Romance,John Hamburg,Ben Stiller|Jennifer Aniston|Philip Seymour Hoffman|Debra Messing|Alec Baldwin,2004,5.8,773
11066,Boomerang,Comedy|Romance,Reginald Hudlin,Eddie Murphy|Robin Givens|Halle Berry|David Alan Grier|Grace Jones,1992,5.4,134
136795,The Heat,Action|Comedy|Crime,Paul Feig,Sandra Bullock|Melissa McCarthy|Demián Bichir|Michael Rapaport|Taran Killam,2013,6.5,1575
8095,Cleopatra,Drama|History|Romance,Joseph L. Mankiewicz,Elizabeth Taylor|Richard Burton|Rex Harrison|Roddy McDowall|Martin Landau,1963,6.7,146
87826,Here Comes the Boom,Comedy,Frank Coraci,Salma Hayek|Kevin James|Henry Winkler|Joe Rogan|Reggie Lee,2012,6.0,593
11560,High Crimes,Drama|Mystery|Thriller|Crime,Carl Franklin,Ashley Judd|Morgan Freeman|Jim Caviezel|Amanda Peet|Adam Scott,2002,6.1,184
25189,The Mirror Has Two Faces,Comedy|Drama|Romance,Barbra Streisand,Barbra Streisand|Jeff Bridges|Lauren Bacall|George Segal|Mimi Rogers,1996,6.5,47
2637,The Mothman Prophecies,Drama|Horror|Mystery,Mark Pellington,Richard Gere|Laura Linney|Will Patton|Bob Tracey|Debra Messing,2002,6.1,305
18480,Brüno,Comedy,Larry Charles,Sacha Baron Cohen|Richard Bey|Ron Paul|Gustaf Hammarsten|Clifford Bañagale,2009,5.4,518
709,Licence to Kill,Adventure|Action|Thriller,John Glen,Timothy Dalton|Carey Lowell|Robert Davi|Talisa Soto|Anthony Zerbe,1989,5.9,541
49730,Red Riding Hood,Fantasy|Thriller|Horror,Catherine Hardwicke,Amanda Seyfried|Gary Oldman|Billy Burke|Shiloh Fernandez|Max Irons,2011,5.6,922
2749,15 Minutes,Action|Crime|Thriller,John Herzfeld,Robert De Niro|Charlize Theron|Edward Burns|Kelsey Grammer|Avery Brooks,2001,5.7,191
9607,Super Mario Bros.,Adventure|Comedy|Family|Fantasy,Annabel Jankel,Bob Hoskins|John Leguizamo|Dennis Hopper|Samantha Mathis|Fisher Stevens,1993,4.0,232
1830,Lord of War,Crime|Drama|Thriller,Andrew Niccol,Nicolas Cage|Bridget Moynahan|Jared Leto|Ethan Hawke|Eamonn Walker,2005,7.0,1335
79,Hero,Drama|Adventure|Action|History,Zhang Yimou,Jet Li|Tony Leung Chiu-Wai|Maggie Cheung|Donnie Yen|Zhang Ziyi,2002,7.2,635
54054,One for the Money,Action|Comedy|Crime,Julie Anne Robinson,Katherine Heigl|Jason O'Mara|Daniel Sunjata|John Leguizamo|Sherri Shepherd,2012,5.3,388
228967,The Interview,Action|Comedy,Seth Rogen,James Franco|Seth Rogen|Lizzy Caplan|Randall Park|Diana Bang,2014,6.1,2304
46528,The Warrior's Way,Adventure|Fantasy|Action|Western|Thriller,Sngmoo Lee,Kate Bosworth|Jang Dong-gun|Geoffrey Rush|Danny Huston|Ti Lung,2010,6.3,136
27936,Micmacs,Action|Comedy|Crime,Jean-Pierre Jeunet,Dany Boon|Dominique Pinon|André Dussollier|Jean-Pierre Marielle|Julie Ferrier,2009,6.8,148
65,8 Mile,Drama,Curtis Hanson,Eminem|Mekhi Phifer|Brittany Murphy|Kim Basinger|Michael Shannon,2002,6.8,1626
280391,Why I Did (Not) Eat My Father,Adventure|Comedy|Animation,Jamel Debbouze,Jamel Debbouze|Arié Elmaleh|Mélissa Theuriau|Patrice Thibaud|Christian Hecq,2015,5.3,125
9476,A Knight's Tale,Adventure|Drama|Romance|Action,Brian Helgeland,Heath Ledger|Rufus Sewell|Shannyn Sossamon|Paul Bettany|Laura Fraser,2001,6.6,907
10610,The Medallion,Thriller|Fantasy|Action|Comedy,Gordon Chan,Jackie Chan|Lee Evans|Claire Forlani|Julian Sands|John Rhys-Davies,2003,5.3,281
745,The Sixth Sense,Mystery|Thriller|Drama,M. Night Shyamalan,Bruce Willis|Toni Collette|Olivia Williams|Haley Joel Osment|Donnie Wahlberg,1999,7.7,3147
49527,Man on a Ledge,Action|Thriller|Crime,Asger Leth,Sam Worthington|Elizabeth Banks|Jamie Bell|Ed Harris|Edward Burns,2012,6.2,925
73937,The Big Year,Comedy,David Frankel,Owen Wilson|Steve Martin|Jack Black|Rashida Jones|Jim Parsons,2011,5.6,248
1885,The Karate Kid,Drama,John G. Avildsen,Ralph Macchio|Pat Morita|William Zabka|Martin Kove|Chad McQueen,1984,6.9,891
168672,American Hustle,Drama|Crime,David O. Russell,Christian Bale|Bradley Cooper|Amy Adams|Jeremy Renner|Jennifer Lawrence,2013,6.8,2807
18240,The Proposal,Comedy|Romance|Drama,Anne Fletcher,Sandra Bullock|Ryan Reynolds|Mary Steenburgen|Craig T. Nelson|Betty White,2009,6.7,1804
10398,Double Jeopardy,Crime|Drama|Mystery|Thriller,Bruce Beresford,Tommy Lee Jones|Ashley Judd|Bruce Greenwood|Annabeth Gish|Benjamin Weir,1999,6.2,278
165,Back to the Future Part II,Adventure|Comedy|Family|Science Fiction,Robert Zemeckis,Michael J. Fox|Christopher Lloyd|Lea Thompson|Elisabeth Shue|James Tolkan,1989,7.4,3829
240832,Lucy,Action|Science Fiction,Luc Besson,Scarlett Johansson|Morgan Freeman|Choi Min-sik|Amr Waked|Julian Rhind-Tutt,2014,6.3,5878
216015,Fifty Shades of Grey,Drama|Romance|Thriller,Sam Taylor-Johnson,Dakota Johnson|Jamie Dornan|Jennifer Ehle|Eloise Mumford|Victor Rasuk,2015,5.2,3254
12279,Spy Kids 3-D: Game Over,Action|Adventure|Comedy|Family|Science Fiction,Robert Rodriguez,Antonio Banderas|Carla Gugino|Alexa PenaVega|Daryl Sabara|Sylvester Stallone,2003,4.7,511
1645,A Time to Kill,Crime|Drama|Thriller,Joel Schumacher,Matthew McConaughey|Sandra Bullock|Samuel L. Jackson|Kevin Spacey|Oliver Platt,1996,7.0,509
11007,Cheaper by the Dozen,Comedy,Shawn Levy,Steve Martin|Bonnie Hunt|Piper Perabo|Tom Welling|Hilary Duff,2003,6.0,699
193756,Lone Survivor,Action|Drama|Thriller|War,Peter Berg,Mark Wahlberg|Taylor Kitsch|Emile Hirsch|Ben Foster|Yousuf Azami,2013,7.4,1526
11287,A League of Their Own,Comedy,Penny Marshall,Tom Hanks|Geena Davis|Madonna|Lori Petty|Jon Lovitz,1992,6.7,354
259693,The Conjuring 2,Horror,James Wan,Patrick Wilson|Vera Farmiga|Madison Wolfe|Frances O'Connor|Lauren Esposito,2016,7.0,1949
37799,The Social Network,Drama,David Fincher,Jesse Eisenberg|Andrew Garfield|Justin Timberlake|Armie Hammer|Max Minghella,2010,7.1,3391
10184,He's Just Not That Into You,Comedy|Romance|Drama,Ken Kwapis,Ben Affleck|Jennifer Aniston|Drew Barrymore|Jennifer Connelly|Kevin Connolly,2009,6.2,959
4257,Scary Movie 4,Comedy,David Zucker,Anna Faris|Regina Hall|Craig Bierko|Bill Pullman|Anthony Anderson,2006,5.3,750
4234,Scream 3,Horror|Mystery,Wes Craven,David Arquette|Neve Campbell|Courteney Cox|Patrick Dempsey|Scott Foley,2000,5.7,736
196,Back to the Future Part III,Adventure|Comedy|Family|Science Fiction,Robert Zemeckis,Michael J. Fox|Christopher Lloyd|Mary Steenburgen|Thomas F. Wilson|Lea Thompson,1990,7.1,2900
257091,Get Hard,Comedy,Etan Cohen,Will Ferrell|Kevin Hart|Alison Brie|Craig T. Nelson|T.I.,2015,5.9,944
6114,Dracula,Romance|Horror,Francis Ford Coppola,Gary Oldman|Winona Ryder|Anthony Hopkins|Keanu Reeves|Richard E. Grant,1992,7.1,1056
24803,Julie & Julia,Romance|Drama,Nora Ephron,Meryl Streep|Amy Adams|Stanley Tucci|Chris Messina|Linda Emond,2009,6.6,560
109410,42,Drama,Brian Helgeland,Chadwick Boseman|T.R. Knight|Harrison Ford|Nicole Beharie|Christopher Meloni,2013,6.8,787
1213,The Talented Mr. Ripley,Thriller|Crime|Drama,Anthony Minghella,Matt Damon|Gwyneth Paltrow|Jude Law|Cate Blanchett|Philip Seymour Hoffman,1999,7.0,767
100042,Dumb and Dumber To,Comedy,Bobby Farrelly,Jim Carrey|Jeff Daniels|Rachel Melvin|Kathleen Turner|Brady Bluhm,2014,5.4,1127
9036,Eight Below,Adventure|Drama|Family,Frank Marshall,Paul Walker|Bruce Greenwood|Moon Bloodgood|Jason Biggs|Gerard Plunkett,2006,6.7,542
257211,The Intern,Comedy,Nancy Meyers,Robert De Niro|Anne Hathaway|Rene Russo|Anders Holm|JoJo Kushner,2015,7.1,1881
323675,Ride Along 2,Action|Comedy,Tim Story,Kevin Hart|Ice Cube|Olivia Munn|Tika Sumpter|Ken Jeong,2016,6.1,555
9361,The Last of the Mohicans,Action|Adventure|Drama|History|Romance|War,Michael Mann,Daniel Day-Lewis|Madeleine Stowe|Russell Means|Eric Schweig|Jodhi May,1992,7.1,732
1677,Ray,Drama|Music,Taylor Hackford,Jamie Foxx|Kerry Washington|Regina King|Harry Lennix|Clifton Powell,2004,7.2,467
187,Sin City,Action|Thriller|Crime,Robert Rodriguez,Jessica Alba|Devon Aoki|Clive Owen|Rosario Dawson|Mickey Rourke,2005,7.2,2691
7461,Vantage Point,Drama|Action|Thriller|Crime,Pete Travis,Dennis Quaid|Matthew Fox|Forest Whitaker|Sigourney Weaver|William Hurt,2008,6.2,716
16538,"I Love You, Man",Comedy,John Hamburg,Paul Rudd|Jason Segel|Rashida Jones|Andy Samberg|J.K. Simmons,2009,6.5,515
9889,Shallow Hal,Comedy|Romance,Bobby Farrelly,Gwyneth Paltrow|Jack Black|Jason Alexander|Joe Viterelli|Bruce McGill,2001,5.7,731
820,JFK,Drama|Thriller|History,Oliver Stone,Kevin Costner|Tommy Lee Jones|Gary Oldman|Kevin Bacon|Michael Rooker,1991,7.5,502
11565,Big Momma's House 2,Comedy|Crime,John Whitesell,Martin Lawrence|Nia Long|Emily Procter|Zachary Levi|Mark Moses,2006,5.4,371
6073,The Mexican,Action|Comedy|Crime|Romance,Gore Verbinski,Brad Pitt|Julia Roberts|James Gandolfini|J.K. Simmons|Gene Hackman,2001,5.8,441
16996,17 Again,Comedy,Burr Steers,Zac Efron|Leslie Mann|Matthew Perry|Tyler Steelman|Allison Miller,2009,6.1,1350
193610,The Other Woman,Comedy|Romance,Nick Cassavetes,Cameron Diaz|Leslie Mann|Kate Upton|Don Johnson|Nikolaj Coster-Waldau,2014,6.2,1437
19912,The Final Destination,Horror|Mystery,David R. Ellis,Bobby Campo|Shantel VanSanten|Nick Zano|Haley Webb|Krista Allen,2009,5.4,831
296098,Bridge of Spies,Thriller|Drama,Steven Spielberg,Tom Hanks|Mark Rylance|Amy Ryan|Alan Alda|Sebastian Koch,2015,7.2,2583
8007,Behind Enemy Lines,Action|Drama|Thriller|War,John Moore,Owen Wilson|Gene Hackman|Gabriel Macht|Charles Malik Whitfield|David Keith,2001,6.0,457
32823,Get Him to the Greek,Comedy,Nicholas Stoller,Jonah Hill|Russell Brand|Rose Byrne|Elisabeth Moss|Colm Meaney,2010,5.9,612
4380,Shall We Dance?,Drama|Romance|Comedy,Peter Chelsom,Richard Gere|Jennifer Lopez|Susan Sarandon|Lisa Ann Walter|Stanley Tucci,2004,5.9,297
11551,Small Soldiers,Comedy|Adventure|Fantasy|Science Fiction|Action,Joe Dante,Gregory Smith|Kirsten Dunst|Denis Leary|Phil Hartman|David Cross,1998,6.2,511
10336,Spawn,Action|Adventure|Fantasy|Horror|Science Fiction|Thriller,Mark A.Z. Dippé,Michael Jai White|Martin Sheen|John Leguizamo|Theresa Randle|Nicol Williamson,1997,5.0,336
11362,The Count of Monte Cristo,Action|Adventure|Drama|Thriller,Kevin Reynolds,Jim Caviezel|Guy Pearce|Richard Harris|James Frain|Dagmara Domińczyk,2002,7.3,453
50348,The Lincoln Lawyer,Crime|Drama|Thriller,Brad Furman,Matthew McConaughey|Marisa Tomei|Ryan Phillippe|William H. Macy|Josh Lucas,2011,7.0,902
48138,Unknown,Action|Mystery|Thriller,Jaume Collet-Serra,Liam Neeson|Diane Kruger|January Jones|Aidan Quinn|Bruno Ganz,2011,6.5,1265
1124,The Prestige,Drama|Mystery|Thriller,Christopher Nolan,Hugh Jackman|Christian Bale|Michael Caine|Scarlett Johansson|Andy Serkis,2006,8.0,4391
227159,Horrible Bosses 2,Comedy,Sean Anders,Jason Bateman|Jason Sudeikis|Charlie Day|Jennifer Aniston|Kevin Spacey,2014,6.1,1536
68179,Escape from Planet Earth,Animation|Comedy|Adventure|Family|Science Fiction,Callan Brunker,Brendan Fraser|Rob Corddry|Ricky Gervais|Jessica Alba|Sarah Jessica Parker,2013,5.7,332
1579,Apocalypto,Action|Adventure|Drama|Thriller,Mel Gibson,Rudy Youngblood|Raoul Max Trujillo|Gerardo Taracena|Iazua Larios|Antonio Monroy,2006,7.3,1221
708,The Living Daylights,Action|Adventure|Thriller,John Glen,Timothy Dalton|Maryam d'Abo|Jeroen Krabbé|Joe Don Baker|John Rhys-Davies,1987,6.2,440
34851,Predators,Action|Science Fiction|Adventure|Thriller,Nimród Antal,Topher Grace|Alice Braga|Laurence Fishburne|Adrien Brody|Danny Trejo,2010,6.0,1206
9930,Legal Eagles,Comedy|Crime|Drama|Romance|Thriller,Ivan Reitman,Robert Redford|Debra Winger|Daryl Hannah|Brian Dennehy|Terence Stamp,1986,5.8,51
1586,Secret Window,Thriller|Mystery,David Koepp,Johnny Depp|John Turturro|Timothy Hutton|Charles S. Dutton|Len Cariou,2004,6.4,972
2044,The Lake House,Romance|Drama|Mystery,Alejandro Agresti,Keanu Reeves|Sandra Bullock|Shohreh Aghdashloo|Christopher Plummer|Ebon Moss-Bachrach,2006,6.5,670
9913,The Skeleton Key,Drama|Horror|Mystery|Thriller,Iain Softley,Kate Hudson|Gena Rowlands|Peter Sarsgaard|John Hurt|Joy Bryant,2005,6.4,573
71864,The Odd Life of Timothy Green,Fantasy|Drama|Comedy|Family,Peter Hedges,Jennifer Garner|Joel Edgerton|Ron Livingston|Rosemarie DeWitt|CJ Adams,2012,6.5,386
10761,Made of Honor,Comedy|Romance,Paul Weiland,Patrick Dempsey|Michelle Monaghan|Kevin McKidd|Chris Messina|Richmond Arquette,2008,6.0,394
209451,Jersey Boys,Music|Drama,Clint Eastwood,Christopher Walken|Vincent Piazza|Freya Tingley|James Madio|Sean Whalen,2014,6.8,255
11975,The Rainmaker,Drama|Crime|Thriller,Francis Ford Coppola,Matt Damon|Danny DeVito|Jon Voight|Claire Danes|Mary Kay Place,1997,6.7,235
4970,Gothika,Horror|Thriller,Mathieu Kassovitz,Halle Berry|Robert Downey Jr.|Charles S. Dutton|Penélope Cruz|John Carroll Lynch,2003,5.8,629
11831,Amistad,Drama|History|Mystery,Steven Spielberg,Morgan Freeman|Nigel Hawthorne|Anthony Hopkins|Djimon Hounsou|Matthew McConaughey,1997,6.8,316
9096,Medicine Man,Adventure,John McTiernan,Sean Connery|Lorraine Bracco|José Wilker|Rodolfo De Alexandre|Angelo Barra Moreira,1992,5.8,114
440,Aliens vs Predator: Requiem,Fantasy|Action|Science Fiction|Thriller|Horror,Colin Strause,Steven Pasquale|Reiko Aylesworth|John Ortiz|Ariel Gade|Sam Trammell,2007,4.9,740
11011,Ri¢hie Ri¢h,Comedy|Family,Donald Petrie,Macaulay Culkin|John Larroquette|Edward Herrmann|Christine Ebersole|Michael Maccarone,1994,5.4,415
10641,Autumn in New York,Drama|Romance,Joan Chen,Richard Gere|Winona Ryder|Anthony LaPaglia|Elaine Stritch|Vera Farmiga,2000,5.7,135
11172,Music and Lyrics,Comedy|Music|Romance,Marc Lawrence,Drew Barrymore|Hugh Grant|Scott Porter|Brad Garrett|Haley Bennett,2007,6.2,554
39513,Paul,Adventure|Comedy|Science Fiction,Greg Mottola,Seth Rogen|Simon Pegg|Nick Frost|Jason Bateman|Kristen Wiig,2011,6.5,1789
82687,The Guilt Trip,Comedy,Anne Fletcher,Seth Rogen|Barbra Streisand|Yvonne Strahovski|Colin Hanks|Adam Scott,2012,5.4,284
41446,Scream 4,Horror|Mystery,Wes Craven,David Arquette|Neve Campbell|Courteney Cox|Emma Roberts|Hayden Panettiere,2011,6.1,902
8224,8MM,Thriller|Crime|Mystery,Joel Schumacher,Nicolas Cage|Joaquin Phoenix|James Gandolfini|Chris Bauer|Anthony Heald,1999,6.1,474
10537,The Doors,Drama|Music,Oliver Stone,Val Kilmer|Meg Ryan|Kyle MacLachlan|Frank Whaley|Kevin Dillon,1991,6.7,275
225886,Sex Tape,Comedy,Jake Kasdan,Cameron Diaz|Jason Segel|Rob Corddry|Ellie Kemper|Rob Lowe,2014,5.3,1695
10385,Hanging Up,Comedy|Drama,Diane Keaton,Meg Ryan|Diane Keaton|Lisa Kudrow|Walter Matthau|Adam Arkin,2000,5.0,40
55779,Final Destination 5,Horror|Mystery,Steven Quale,Emma Bell|Nicholas D'Agosto|Miles Fisher|Ellen Wroe|Jacqueline MacInnes Wood,2011,5.9,866
10154,Mickey Blue Eyes,Comedy|Crime|Romance,Kelly Makin,Hugh Grant|James Caan|Jeanne Tripplehorn|Burt Young|James Fox,1999,5.3,140
10647,Pay It Forward,Drama|Romance,Mimi Leder,Kevin Spacey|Helen Hunt|Haley Joel Osment|Jay Mohr|Jim Caviezel,2000,7.0,432
11431,Fever Pitch,Comedy|Drama|Romance,Bobby Farrelly,Drew Barrymore|Jimmy Fallon|Jason Spevack|Jack Kehler|Maureen Keiller,2005,5.9,182
8457,Drillbit Taylor,Comedy,Steven Brill,Owen Wilson|Leslie Mann|Josh Peck|David Dorfman|Nate Hartley,2008,5.5,275
188161,A Million Ways to Die in the West,Comedy|Western,Seth MacFarlane,Seth MacFarlane|Charlize Theron|Liam Neeson|Amanda Seyfried|Neil Patrick Harris,2014,5.8,1468
8850,The Shadow,Adventure|Fantasy|Action|Thriller|Science Fiction,Russell Mulcahy,Alec Baldwin|John Lone|Penelope Ann Miller|Peter Boyle|Ian McKellen,1994,5.4,138
64685,Extremely Loud & Incredibly Close,Drama,Stephen Daldry,Thomas Horn|Tom Hanks|Sandra Bullock|Max von Sydow|John Goodman,2011,6.9,708
38357,Morning Glory,Comedy|Drama|Romance,Roger Michell,Rachel McAdams|Harrison Ford|Patrick Wilson|Jeff Goldblum|Diane Keaton,2010,6.1,412
10060,Get Rich or Die Tryin',Drama,Jim Sheridan,50 Cent|Joy Bryant|Adewale Akinnuoye-Agbaje|Omar Benson Miller|Terrence Howard,2005,6.3,186
11398,The Art of War,Crime|Action|Adventure,Christian Duguay,Wesley Snipes|Donald Sutherland|Maury Chaykin|Anne Archer|Michael Biehn,2000,5.6,135
1833,Rent,Drama|Romance,Chris Columbus,Anthony Rapp|Adam Pascal|Rosario Dawson|Jesse L. Martin|Wilson Jermaine Heredia,2005,6.7,155
10391,Bless the Child,Drama|Horror|Thriller|Crime,Chuck Russell,Kim Basinger|Angela Bettis|Holliston Coleman|Rufus Sewell|Christina Ricci,2000,4.9,71
8970,The Out-of-Towners,Comedy,Sam Weisman,Steve Martin|Goldie Hawn|John Cleese|Mark McKinney|Jessica Cauffiel,1999,5.0,45
9306,The Island of Dr. Moreau,Fantasy|Horror|Science Fiction,John Frankenheimer,Marlon Brando|Val Kilmer|David Thewlis|Fairuza Balk|Daniel Rigney,1996,4.6,147
11370,The Musketeer,Action|Adventure|Drama,Peter Hyams,Catherine Deneuve|Mena Suvari|Stephen Rea|Tim Roth|Justin Chambers,2001,5.2,56
12184,The Other Boleyn Girl,Drama,Justin Chadwick,Natalie Portman|Scarlett Johansson|Eric Bana|Jim Sturgess|Kristin Scott Thomas,2008,6.4,477
1921,Sweet November,Drama|Romance,Pat O'Connor,Keanu Reeves|Charlize Theron|Jason Isaacs|Greg Germann|Lauren Graham,2001,6.4,278
1683,The Reaping,Horror,Stephen Hopkins,Hilary Swank|David Morrissey|Idris Elba|AnnaSophia Robb|Stephen Rea,2007,5.4,205
203,Mean Streets,Drama|Crime,Martin Scorsese,Harvey Keitel|Robert De Niro|David Proval|Amy Robinson|Richard Romanus,1973,7.2,345
11858,Renaissance Man,Comedy|War,Penny Marshall,Danny DeVito|Mark Wahlberg|Gregory Hines|James Remar|Ed Begley Jr.,1994,5.9,81
62835,Colombiana,Action|Thriller|Crime|Drama,Olivier Megaton,Zoe Saldana|Cliff Curtis|Callum Blue|Michael Vartan|Lennie James,2011,6.5,824
18937,Quest for Camelot,Fantasy|Animation|Drama|Romance|Family,Frederik Du Chau,Jessalyn Gilsig|Cary Elwes|Gary Oldman|Don Rickles|Jane Seymour,1998,6.9,190
13536,City By The Sea,Crime|Drama|Mystery,Michael Caton-Jones,Robert De Niro|James Franco|Frances McDormand|Eliza Dushku|George Dzundza,2002,5.7,92
15556,At First Sight,Drama|Romance,Irwin Winkler,Val Kilmer|Mira Sorvino|Kelly McGillis|Steven Weber|Bruce Davison,1999,5.9,48
10718,Torque,Action,Joseph Kahn,Martin Henderson|Ice Cube|Monet Mazur|Adam Scott|Matt Schulze,2004,4.7,119
11062,City Hall,Drama|Thriller,Harold Becker,Al Pacino|John Cusack|Bridget Fonda|Danny Aiello|Martin Landau,1996,6.0,67
10802,Showgirls,Drama,Paul Verhoeven,Elizabeth Berkley|Kyle MacLachlan|Gina Gershon|Glenn Plummer|Robert Davi,1995,4.9,256
1887,Marie Antoinette,Drama|History,Sofia Coppola,Kirsten Dunst|Jason Schwartzman|Judy Davis|Rip Torn|Rose Byrne,2006,6.5,642
6071,Kiss of Death,Action|Crime|Drama|Thriller,Barbet Schroeder,David Caruso|Samuel L. Jackson|Nicolas Cage|Helen Hunt|Kathryn Erbe,1995,5.7,81
10461,Get Carter,Action|Drama|Thriller|Crime,Stephen T. Kay,Sylvester Stallone|Miranda Richardson|Rachael Leigh Cook|Mickey Rourke|Johnny Strong,2000,4.8,145
80278,The Impossible,Thriller|Drama,Juan Antonio Bayona,Naomi Watts|Ewan McGregor|Tom Holland|Samuel Joslin|Oaklee Pendergast,2012,7.0,2025
12704,Ishtar,Action|Adventure|Comedy,Elaine May,Warren Beatty|Dustin Hoffman|Isabelle Adjani|Charles Grodin|Jack Weston,1987,4.2,28
10315,Fantastic Mr. Fox,Adventure|Animation|Comedy|Family,Wes Anderson,George Clooney|Meryl Streep|Jason Schwartzman|Bill Murray|Wallace Wolodarsky,2009,7.5,1176
16643,Life or Something Like It,Comedy|Drama|Romance,Stephen Herek,Angelina Jolie|Edward Burns|Tony Shalhoub|Christian Kane|Melissa Errico,2002,5.7,124
2687,Memoirs of an Invisible Man,Comedy|Fantasy|Science Fiction,John Carpenter,Chevy Chase|Daryl Hannah|Sam Neill|Michael McKean|Stephen Tobolowsky,1992,5.7,125
194,Amélie,Comedy|Romance,Jean-Pierre Jeunet,Audrey Tautou|Mathieu Kassovitz|Rufus|Jamel Debbouze|Claire Maurier,2001,7.8,3310
11025,New York Minute,Comedy,Dennie Gordon,Ashley Olsen|Mary-Kate Olsen|Eugene Levy|Andy Richter|Riley Smith,2004,5.5,185
8849,Alfie,Comedy,Charles Shyer,Jude Law|Marisa Tomei|Omar Epps|Jane Krakowski|Renée Taylor,2004,5.6,248
78698,Big Miracle,Adventure|Drama|Romance,Ken Kwapis,Drew Barrymore|John Krasinski|Kristen Bell|Vinessa Shaw|Dermot Mulroney,2012,6.6,152
30943,The Deep End of the Ocean,Drama|Mystery,Ulu Grosbard,Michelle Pfeiffer|Treat Williams|Whoopi Goldberg|Jonathan Jackson|Cory Buck,1999,5.9,54
9544,FearDotCom,Horror|Thriller,William Malone,Stephen Dorff|Natascha McElhone|Stephen Rea|Udo Kier|Amelia Curtis,2002,3.2,105
24418,Cirque du Freak: The Vampire's Assistant,Adventure|Fantasy|Action|Thriller,Paul Weitz,John C. Reilly|Josh Hutcherson|Chris Massoglia|Patrick Fugit|Salma Hayek,2009,5.5,348
7288,Duplex,Action|Comedy|Thriller,Danny DeVito,Ben Stiller|Drew Barrymore|Eileen Essell|Amber Valletta|Justin Theroux,2003,5.9,482
14655,Soul Men,Comedy|Music,Malcolm D. Lee,Samuel L. Jackson|Bernie Mac|Sharon Leal|Adam Herschman|Sean Hayes,2008,6.3,47
24575,Raise the Titanic,Action|Drama|Thriller,Jerry Jameson,M. Emmet Walsh|Richard Jordan|David Selby|Anne Archer|Alec Guinness,1980,5.2,21
10366,Universal Soldier: The Return,Action|Science Fiction,Mic Rodgers,Jean-Claude Van Damme|Kiana Tom|Bill Goldberg|Michael Jai White|Heidi Schanz,1999,4.2,135
19898,Pandorum,Action|Horror|Mystery|Science Fiction|Thriller,Christian Alvart,Ben Foster|Dennis Quaid|Cam Gigandet|Antje Traue|Cung Le,2009,6.5,774
4965,Impostor,Action|Science Fiction|Thriller,Gary Fleder,Gary Sinise|Madeleine Stowe|Mekhi Phifer|Vincent D'Onofrio|Tony Shalhoub,2001,6.1,135
15074,Extreme Ops,Action|Adventure|Drama|Thriller,Christian Duguay,Devon Sawa|Bridgette Wilson|Rufus Sewell|Rupert Graves|Heino Ferch,2002,5.0,28
56715,Just Visiting,Comedy|Fantasy|Science Fiction,Jean-Marie Poiré,Jean Reno|Christina Applegate|Christian Clavier|Matt Ross|Tara Reid,2001,4.8,171
1272,Sunshine,Science Fiction|Thriller,Danny Boyle,Cillian Murphy|Rose Byrne|Chris Evans|Michelle Yeoh|Cliff Curtis,2007,7.0,1182
72358,A Thousand Words,Drama|Comedy,Brian Robbins,Eddie Murphy|Allison Janney|Cliff Curtis|Clark Duke|Kerry Washington,2012,6.0,373
20542,Delgo,Adventure|Fantasy|Animation|Comedy|Science Fiction|Family,Marc F. Adler,Freddie Prinze Jr.|Jennifer Love Hewitt|Val Kilmer|Anne Bancroft|Chris Kattan,2008,5.4,15
266396,The Gunman,Action|Drama|Crime,Pierre Morel,Sean Penn|Jasmine Trinca|Javier Bardem|Ray Winstone|Mark Rylance,2015,5.5,392
9978,Stormbreaker,Adventure|Action|Family,Geoffrey Sax,Alex Pettyfer|Sarah Bolger|Ewan McGregor|Robbie Coltrane|Stephen Fry,2006,5.1,213
8271,Disturbia,Thriller|Drama|Mystery,D.J. Caruso,Shia LaBeouf|Sarah Roemer|Carrie-Anne Moss|David Morse|Aaron Yoo,2007,6.6,1006
10428,Hackers,Action|Crime|Thriller|Drama,Iain Softley,Jonny Lee Miller|Angelina Jolie|Jesse Bradford|Matthew Lillard|Renoly Santiago,1995,6.2,398
5353,The Hunting Party,Action|Adventure|Thriller|Drama,Richard Shepard,Richard Gere|Terrence Howard|James Brolin|Diane Kruger|Jesse Eisenberg,2007,6.6,96
11934,The Hudsucker Proxy,Comedy|Drama,Joel Coen,Tim Robbins|Jennifer Jason Leigh|Paul Newman|Charles Durning|John Mahoney,1994,7.1,275
14392,The Warlords,Action|Drama|History,Peter Chan,Jet Li|Andy Lau|Takeshi Kaneshiro|Xu Jinglei|Wei Zongwan,2007,6.3,83
19495,Nomad: The Warrior,Action|History|War,Sergei Bodrov Jr.,Kuno Becker|Jay Hernandez|Jason Scott Lee|Doskhan Zholzhaksynov|Ayanat Ksenbai,2005,4.3,17
110415,Snowpiercer,Action|Science Fiction|Drama,Bong Joon-ho,Chris Evans|Song Kang-ho|Ed Harris|John Hurt|Tilda Swinton,2013,6.7,2854
77459,A Monster in Paris,Adventure|Animation|Comedy|Family|Fantasy,Bibo Bergeron,Vanessa Paradis|Mathieu Chedid|Gad Elmaleh|François Cluzet|Ludivine Sagnier,2011,6.5,313
26486,The Last Shot,Action|Comedy,Jeff Nathanson,Matthew Broderick|Alec Baldwin|Toni Collette|Calista Flockhart|Ray Liotta,2004,5.9,15
9495,The Crow,Fantasy|Action|Thriller,Alex Proyas,Brandon Lee|Rochelle Davis|Ernie Hudson|Michael Wincott|Bai Ling,1994,7.3,953
256040,Baahubali: The Beginning,Action|Adventure|War|History,S.S. Rajamouli,Prabhas|Rana Daggubati|Tamanna Bhatia|Anushka Shetty|Ramya Krishnan,2015,7.5,135
24420,The Time Traveler's Wife,Drama|Romance|Fantasy,Robert Schwentke,Eric Bana|Rachel McAdams|Michelle Nolden|Arliss Howard|Ron Livingston,2009,6.7,798
1257,Because I Said So,Comedy,Michael Lehmann,Diane Keaton|Mandy Moore|Gabriel Macht|Tom Everett Scott|Lauren Graham,2007,5.8,191
62214,Frankenweenie,Animation|Comedy|Family,Tim Burton,Charlie Tahan|Catherine O'Hara|Martin Short|Martin Landau|Atticus Shaffer,2012,6.6,932
16320,Serenity,Science Fiction|Action|Adventure|Thriller,Joss Whedon,Nathan Fillion|Gina Torres|Alan Tudyk|Morena Baccarin|Adam Baldwin,2005,7.4,1264
8842,Against the Ropes,Romance|Drama,Charles S. Dutton,Meg Ryan|Tony Shalhoub|Joe Cortese|Kerry Washington|Omar Epps,2004,4.5,32
9531,Superman III,Comedy|Action|Adventure|Fantasy|Science Fiction,Richard Lester,Christopher Reeve|Richard Pryor|Jackie Cooper|Marc McClure|Annette O'Toole,1983,5.3,490
64807,Grudge Match,Comedy,Peter Segal,Robert De Niro|Sylvester Stallone|Alan Arkin|Jon Bernthal|Kevin Hart,2013,6.0,433
12289,Red Cliff,Adventure|Drama|Action,John Woo,Chang Chen|Hu Jun|Tony Leung Chiu-Wai|Takeshi Kaneshiro|Song Jia,2008,7.1,205
11529,Sweet Home Alabama,Comedy|Romance,Andy Tennant,Reese Witherspoon|Josh Lucas|Patrick Dempsey|Candice Bergen|Rhona Mitra,2002,6.0,394
20943,The Ugly Truth,Comedy|Romance,Robert Luketic,Katherine Heigl|Gerard Butler|Eric Winter|Bree Turner|Nick Searcy,2009,6.4,972
9099,Sgt. Bilko,Comedy|Family,Jonathan Lynn,Steve Martin|Dan Aykroyd|Phil Hartman|Glenne Headly|Daryl Mitchell,1996,5.5,94
9488,Spy Kids 2: The Island of Lost Dreams,Action|Adventure|Family,Robert Rodriguez,Antonio Banderas|Carla Gugino|Alexa PenaVega|Daryl Sabara|Steve Buscemi,2002,5.3,521
193,Star Trek: Generations,Science Fiction|Action|Adventure|Thriller,David Carson,Patrick Stewart|Jonathan Frakes|Brent Spiner|LeVar Burton|Michael Dorn,1994,6.4,452
44865,The Grandmaster,Action|Drama|History,Wong Kar-wai,Tony Leung Chiu-Wai|Zhang Ziyi|Song Hye-kyo|Chang Chen|Zhao Benshan,2013,6.3,273
55787,Water for Elephants,Drama|Romance,Francis Lawrence,Robert Pattinson|Reese Witherspoon|Christoph Waltz|Tatum Etheridge|Hal Holbrook,2011,6.7,850
257932,Dragon Nest: Warriors' Dawn,Adventure|Family|Fantasy|Animation,Yuefeng Song,Carrie-Anne Moss|Lucas Grabeel|Blythe Auffarth|Charlie Schlatter|Simon Jaglom,2014,6.8,19
10400,The Hurricane,Drama,Norman Jewison,Denzel Washington|Vicellous Reon Shannon|Deborah Kara Unger|Liev Schreiber|John Hannah,1999,7.2,396
1957,Enough,Drama|Thriller,Michael Apted,Jennifer Lopez|Billy Campbell|Juliette Lewis|Dan Futterman|Fred Ward,2002,6.2,264
10833,Heartbreakers,Crime|Comedy|Romance,David Mirkin,Sigourney Weaver|Jennifer Love Hewitt|Gene Hackman|Ray Liotta|Jason Lee,2001,5.7,254
256961,Paul Blart: Mall Cop 2,Action|Comedy|Family,Andy Fickman,Kevin James|Raini Rodriguez|Eduardo Verástegui|Daniella Alonso|Neal McDonough,2015,5.0,567
5852,Angel Eyes,Drama|Romance|Thriller,Luis Mandoki,Jennifer Lopez|Jim Caviezel|Jeremy Sisto|Terrence Howard|Sônia Braga,2001,5.6,88
12312,Joe Somebody,Comedy,John Pasquin,Tim Allen|Julie Bowen|Kelly Lynch|Greg Germann|Jim Belushi,2001,5.5,40
622,The Ninth Gate,Horror|Mystery|Thriller,Roman Polanski,Johnny Depp|Frank Langella|Lena Olin|Emmanuelle Seigner|Barbara Jefford,1999,6.3,756
11306,Extreme Measures,Drama|Thriller,Michael Apted,Hugh Grant|Gene Hackman|Sarah Jessica Parker|David Morse|Bill Nunn,1996,5.7,80
12508,Rock Star,Music|Drama|Comedy,Stephen Herek,Mark Wahlberg|Jennifer Aniston|Jason Flemyng|Dominic West|Jason Bonham,2001,6.0,190
25793,Precious,Drama,Lee Daniels,Gabourey Sidibe|Mo'Nique|Paula Patton|Mariah Carey|Lenny Kravitz,2009,6.9,417
10534,White Squall,Action|Drama,Ridley Scott,Jeff Bridges|Caroline Goodall|John Savage|Scott Wolf|Jeremy Sisto,1996,6.3,86
1091,The Thing,Horror|Mystery|Science Fiction,John Carpenter,Kurt Russell|Keith David|Wilford Brimley|Donald Moffat|Richard Dysart,1982,7.8,1588
87421,Riddick,Science Fiction|Action|Thriller,David Twohy,Vin Diesel|Karl Urban|Katee Sackhoff|Jordi Mollà|Bokeem Woodbine,2013,6.2,2035
10871,Switchback,Action|Adventure|Mystery|Thriller,Jeb Stuart,Dennis Quaid|Danny Glover|R. Lee Ermey|Claudia Stedelin|Brent Hinkley,1997,5.8,52
13503,Texas Rangers,Action|Western,Steve Miner,James Van Der Beek|Rachael Leigh Cook|Ashton Kutcher|Dylan McDermott|Usher Raymond,2001,5.4,19
13600,City of Ember,Adventure|Family|Fantasy,Gil Kenan,Saoirse Ronan|Harry Treadaway|Mary Kay Place|Bill Murray|Martin Landau,2008,6.2,605
68722,The Master,Drama,Paul Thomas Anderson,Joaquin Phoenix|Philip Seymour Hoffman|Amy Adams|Laura Dern|Jesse Plemons,2012,7.0,701
14324,Virgin Territory,Adventure|Action|Comedy|Romance,David Leland,Ryan Cartwright|Hayden Christensen|Mischa Barton|Jay Villiers|Simone Spinazzè,2007,4.3,75
14325,The Express,Drama,Gary Fleder,Rob Brown|Dennis Quaid|Darrin Henson|Charles S. Dutton|Aunjanue Ellis,2008,7.1,71
299687,The 5th Wave,Adventure|Science Fiction,J Blakeson,Chloë Grace Moretz|Nick Robinson|Alex Roe|Maika Monroe|Zackary Arthur,2016,5.6,1945
312221,Creed,Drama,Ryan Coogler,Michael B. Jordan|Sylvester Stallone|Graham McTavish|Tessa Thompson|Phylicia Rashād,2015,7.3,1915
23168,The Town,Crime|Drama|Thriller,Ben Affleck,Ben Affleck|Rebecca Hall|Jeremy Renner|Jon Hamm|Blake Lively,2010,7.0,1468
76494,What to Expect When You're Expecting,Romance|Comedy|Drama,Kirk Jones,Cameron Diaz|Jennifer Lopez|Elizabeth Banks|Anna Kendrick|Brooklyn Decker,2012,5.8,594
4944,Burn After Reading,Comedy|Drama,Joel Coen,George Clooney|Frances McDormand|Brad Pitt|John Malkovich|Tilda Swinton,2008,6.5,1222
10488,Nim's Island,Adventure|Comedy|Family|Fantasy,Jennifer Flackett,Abigail Breslin|Jodie Foster|Gerard Butler|Michael Carman|Mark Brady,2008,5.6,330
96721,Rush,Drama|Action,Ron Howard,Daniel Brühl|Chris Hemsworth|Olivia Wilde|Alexandra Maria Lara|Natalie Dormer,2013,7.7,2277
334,Magnolia,Drama,Paul Thomas Anderson,Julianne Moore|William H. Macy|John C. Reilly|Tom Cruise|Philip Baker Hall,1999,7.5,825
23742,Cop Out,Action|Comedy|Crime,Kevin Smith,Bruce Willis|Tracy Morgan|Juan Carlos Hernández|Seann William Scott|Michelle Trachtenberg,2010,5.3,511
259694,How to Be Single,Comedy|Romance,Christian Ditter,Dakota Johnson|Rebel Wilson|Alison Brie|Nicholas Braun|Damon Wayans Jr.,2016,5.9,1201
62837,Dolphin Tale,Drama|Family,Charles Martin Smith,Morgan Freeman|Ashley Judd|Harry Connick Jr.|Nathan Gamble|Kris Kristofferson,2011,6.7,163
8966,Twilight,Adventure|Fantasy|Drama|Romance,Catherine Hardwicke,Kristen Stewart|Robert Pattinson|Billy Burke|Taylor Lautner|Peter Facinelli,2008,5.8,3561
8470,John Q,Drama|Thriller|Crime,Nick Cassavetes,Denzel Washington|Robert Duvall|Anne Heche|Kimberly Elise|Daniel E. Smith,2002,7.0,594
11001,Blue Streak,Action|Comedy|Crime,Les Mayfield,Martin Lawrence|Luke Wilson|Dave Chappelle|Peter Greene|Nicole Ari Parker,1999,6.1,352
138832,We're the Millers,Comedy|Crime,Rawson Marshall Thurber,Jason Sudeikis|Jennifer Aniston|Will Poulter|Emma Roberts|Ed Helms,2013,6.8,2972
16911,The Inhabited Island,Action|Fantasy|Science Fiction|Thriller,Fyodor Bondarchuk,Vasily Stepanov|Pyotr Fyodorov|Юлия Снигирь|Fyodor Bondarchuk|Sergey Garmash,2008,5.3,23
2163,Breakdown,Drama|Action|Thriller,Jonathan Mostow,Kurt Russell|J. T. Walsh|Kathleen Quinlan|M.C. Gainey|Jack Noseworthy,1997,6.6,198
36670,Never Say Never Again,Adventure|Action|Thriller,Irvin Kershner,Sean Connery|Kim Basinger|Klaus Maria Brandauer|Edward Fox|Barbara Carrera,1983,5.8,338
23048,Hot Tub Time Machine,Science Fiction|Comedy|Adventure,Steve Pink,John Cusack|Lizzy Caplan|Rob Corddry|Craig Robinson|Clark Duke,2010,6.0,894
227735,Dolphin Tale 2,Family|Drama,Charles Martin Smith,Morgan Freeman|Ashley Judd|Nathan Gamble|Cozi Zuehlsdorff|Harry Connick Jr.,2014,6.7,96
2155,Reindeer Games,Thriller,John Frankenheimer,Ben Affleck|Gary Sinise|Charlize Theron|Dennis Farina|Donal Logue,2000,5.4,173
8409,A Man Apart,Action|Drama,F. Gary Gray,Vin Diesel|Larenz Tate|Timothy Olyphant|Geno Silva|Jacqueline Obradors,2003,5.8,258
222936,Aloha,Drama|Comedy|Romance,Cameron Crowe,Bradley Cooper|Emma Stone|Rachel McAdams|Bill Murray|John Krasinski,2015,5.2,692
31908,Ghosts of Mississippi,History|Drama,Rob Reiner,Alec Baldwin|James Woods|Virginia Madsen|Whoopi Goldberg|Craig T. Nelson,1996,6.2,40
10219,Snow Falling on Cedars,Drama|Romance,Scott Hicks,Ethan Hawke|Youki Kudoh|Reeve Carney|Anne Suzuki|Rick Yune,1999,6.3,32
48171,The Rite,Drama|Thriller|Horror,Mikael Håfström,Anthony Hopkins|Colin O'Donoghue|Alice Braga|Toby Jones|Ciarán Hinds,2011,5.8,556
782,Gattaca,Thriller|Science Fiction|Mystery|Romance,Andrew Niccol,Ethan Hawke|Jude Law|Gore Vidal|Uma Thurman|Alan Arkin,1997,7.5,1808
75531,Isn't She Great,Drama|Comedy,Andrew Bergman,Bette Midler|Nathan Lane|Stockard Channing|David Hyde Pierce|John Cleese,2000,4.6,14
11802,Space Chimps,Animation|Family,Kirk De Micco,Andy Samberg|Cheryl Hines|Jeff Daniels|Patrick Warburton|Kristin Chenoweth,2008,5.2,99
9776,Head of State,Comedy,Chris Rock,Chris Rock|Bernie Mac|Dylan Baker|Nick Searcy|Lynn Whitfield,2003,5.3,71
18785,The Hangover,Comedy,Todd Phillips,Bradley Cooper|Ed Helms|Zach Galifianakis|Justin Bartha|Heather Graham,2009,7.2,6173
365222,Ip Man 3,Action|Drama|History,Wilson Yip,Donnie Yen|Lynn Hung|Zhang Jin|Patrick Tam|Karena Ng,2015,6.5,379
817,Austin Powers: The Spy Who Shagged Me,Adventure|Comedy|Crime|Science Fiction,Jay Roach,Mike Myers|Heather Graham|Michael York|Robert Wagner|Rob Lowe,1999,6.2,1011
268,Batman,Fantasy|Action,Tim Burton,Jack Nicholson|Michael Keaton|Kim Basinger|Michael Gough|Pat Hingle,1989,7.0,2096
45054,There Be Dragons,Drama,Roland Joffé,Charlie Cox|Dougray Scott|Wes Bentley|Rodrigo Santoro|Jordi Mollà,2011,5.9,27
943,Lethal Weapon 3,Adventure|Action|Comedy|Thriller|Crime,Richard Donner,Mel Gibson|Danny Glover|Joe Pesci|Rene Russo|Stuart Wilson,1992,6.4,811
22881,The Blind Side,Drama,John Lee Hancock,Sandra Bullock|Quinton Aaron|Kathy Bates|Tim McGraw|Jae Head,2009,7.2,1597
10054,Spy Kids,Action|Comedy|Family|Adventure,Robert Rodriguez,Alexa PenaVega|Daryl Sabara|Antonio Banderas|Carla Gugino|Alan Cumming,2001,5.5,867
51540,Horrible Bosses,Comedy|Crime,Seth Gordon,Jennifer Aniston|Jason Bateman|Charlie Day|Jason Sudeikis|Colin Farrell,2011,6.5,2277
44264,True Grit,Drama|Adventure|Western,Joel Coen,Jeff Bridges|Matt Damon|Josh Brolin|Barry Pepper|Hailee Steinfeld,2010,7.2,1668
350,The Devil Wears Prada,Comedy|Drama|Romance,David Frankel,Meryl Streep|Anne Hathaway|Emily Blunt|Stanley Tucci|Simon Baker,2006,7.0,3088
152,Star Trek: The Motion Picture,Science Fiction|Adventure|Mystery,Robert Wise,William Shatner|Leonard Nimoy|DeForest Kelley|James Doohan|George Takei,1979,6.2,530
109431,Identity Thief,Comedy|Crime,Seth Gordon,Jason Bateman|Melissa McCarthy|Jon Favreau|Amanda Peet|T.I.,2013,5.6,1645
1598,Cape Fear,Crime|Thriller,Martin Scorsese,Robert De Niro|Nick Nolte|Jessica Lange|Juliette Lewis|Joe Don Baker,1991,7.0,675
8065,21,Drama|Crime,Robert Luketic,Jim Sturgess|Kevin Spacey|Kate Bosworth|Aaron Yoo|Liza Lapira,2008,6.5,1375
271718,Trainwreck,Comedy,Judd Apatow,Amy Schumer|Bill Hader|Brie Larson|Colin Quinn|Vanessa Bayer,2015,5.9,1181
11638,Guess Who,Comedy|Romance,Kevin Rodney Sullivan,Bernie Mac|Ashton Kutcher|Zoe Saldana|Judith Scott|Hal Williams,2005,5.5,225
409,The English Patient,Drama|Romance|War,Anthony Minghella,Ralph Fiennes|Juliette Binoche|Willem Dafoe|Kristin Scott Thomas|Naveen Andrews,1996,7.0,542
2118,L.A. Confidential,Crime|Drama|Mystery|Thriller,Curtis Hanson,Kevin Spacey|Guy Pearce|Danny DeVito|James Cromwell|Kim Basinger,1997,7.7,1310
11459,Sky High,Adventure|Comedy|Family,Mike Mitchell,Michael Angarano|Kurt Russell|Kelly Preston|Danielle Panabaker|Kevin Heffernan,2005,5.8,550
10806,In & Out,Comedy|Romance,Frank Oz,Kevin Kline|Joan Cusack|Tom Selleck|Matt Dillon|Debbie Reynolds,1997,6.3,177
9348,Species,Science Fiction|Horror|Action,Roger Donaldson,Natasha Henstridge|Ben Kingsley|Michael Madsen|Alfred Molina|Forest Whitaker,1995,5.5,453
377,A Nightmare on Elm Street,Horror,Wes Craven,John Saxon|Ronee Blakley|Heather Langenkamp|Amanda Wyss|Jsu Garcia,1984,7.2,1180
8843,The Cell,Horror|Science Fiction|Thriller,Tarsem Singh,Jennifer Lopez|Vincent D'Onofrio|Vince Vaughn|Marianne Jean-Baptiste|Catherine Sutherland,2000,6.0,436
9313,The Man in the Iron Mask,Action|Adventure|Drama,Randall Wallace,Leonardo DiCaprio|Jeremy Irons|Gérard Depardieu|Gabriel Byrne|John Malkovich,1998,6.3,1018
39486,Secretariat,Drama,Randall Wallace,Diane Lane|John Malkovich|Scott Glenn|Dylan Walsh|Fred Dalton Thompson,2010,6.8,103
1273,TMNT,Adventure|Animation|Comedy|Family,Kevin Munroe,Chris Evans|Sarah Michelle Gellar|Mako|Kevin Smith|Patrick Stewart,2007,6.0,345
13920,Radio,Drama,Mike Tollin,Cuba Gooding Jr.|Ed Harris|Alfre Woodard|S. Epatha Merkerson|Debra Winger,2003,6.8,141
50544,Friends with Benefits,Romance|Comedy,Will Gluck,Justin Timberlake|Mila Kunis|Patricia Clarkson|Woody Harrelson|Nolan Gould,2011,6.5,2237
325133,Neighbors 2: Sorority Rising,Comedy,Nicholas Stoller,Seth Rogen|Rose Byrne|Zac Efron|Chloë Grace Moretz|Kiersey Clemons,2016,5.6,1462
140823,Saving Mr. Banks,Comedy|Drama|History,John Lee Hancock,Emma Thompson|Tom Hanks|Paul Giamatti|Colin Farrell|Ruth Wilson,2013,7.3,1226
1883,Malcolm X,Drama|History,Spike Lee,"Denzel Washington|Angela Bassett|Albert Hall|Al Freeman, Jr.|Delroy Lindo",1992,7.2,370
89492,This Is 40,Comedy,Judd Apatow,Paul Rudd|Leslie Mann|Jason Segel|Maude Apatow|Megan Fox,2012,5.6,896
22949,Old Dogs,Comedy|Family,Walt Becker,Robin Williams|John Travolta|Seth Green|Justin Long|Matt Dillon,2009,5.2,210
12437,Underworld: Rise of the Lycans,Fantasy|Action|Adventure|Science Fiction|Thriller,Patrick Tatopoulos,Bill Nighy|Michael Sheen|Rhona Mitra|Shane Brolly|Steven Mackintosh,2009,6.2,1428
2959,License to Wed,Comedy,Ken Kwapis,Robin Williams|Mandy Moore|John Krasinski|Eric Christian Olsen|Christine Taylor,2007,5.2,253
9957,The Benchwarmers,Comedy,Dennis Dugan,Jon Heder|Rob Schneider|David Spade|Jon Lovitz|Tim Meadows,2006,5.2,242
11648,Must Love Dogs,Comedy|Romance,Gary David Goldberg,Diane Lane|John Cusack|Elizabeth Perkins|Christopher Plummer|Dermot Mulroney,2005,5.8,140
9366,Donnie Brasco,Crime|Drama|Thriller,Mike Newell,Johnny Depp|Al Pacino|Michael Madsen|Bruno Kirby|James Russo,1997,7.4,1147
1576,Resident Evil,Horror|Action|Science Fiction,Paul W.S. Anderson,Milla Jovovich|Michelle Rodriguez|Eric Mabius|Ryan McCluskey|Oscar Pearce,2002,6.4,2065
609,Poltergeist,Horror,Tobe Hooper,Craig T. Nelson|JoBeth Williams|Beatrice Straight|Heather O'Rourke|Dominique Dunne,1982,7.0,794
5516,The Ladykillers,Comedy|Crime|Thriller,Joel Coen,Tom Hanks|Irma P. Hall|Marlon Wayans|J.K. Simmons|Tzi Ma,2004,6.0,415
13051,Max Payne,Action,John Moore,Mark Wahlberg|Mila Kunis|Beau Bridges|Ludacris|Chris O'Donnell,2008,5.2,613
49530,In Time,Action|Thriller|Science Fiction,Andrew Niccol,Justin Timberlake|Amanda Seyfried|Cillian Murphy|Olivia Wilde|Alex Pettyfer,2011,6.7,3417
34806,The Back-Up Plan,Comedy|Romance,Alan Poul,Jennifer Lopez|Alex O'Loughlin|Danneel Ackles|Eric Christian Olsen|Anthony Anderson,2010,5.7,458
49022,Something Borrowed,Comedy|Drama|Romance,Luke Greenfield,Kate Hudson|Ginnifer Goodwin|John Krasinski|Colin Egglesfield|Ashley Williams,2011,5.9,296
11469,Black Knight,Adventure|Comedy|Fantasy,Gil Junger,Martin Lawrence|Marsha Thomason|Tom Wilkinson|Vincent Regan|Daryl Mitchell,2001,5.1,287
23479,The Bad News Bears,Comedy|Family,Michael Ritchie,Walter Matthau|Tatum O'Neal|Ben Piazza|Vic Morrow|Erin Blunt,1976,6.9,97
11667,Street Fighter,Action|Adventure|Thriller,Steven E. de Souza,Jean-Claude Van Damme|Raúl Juliá|Ming-Na Wen|Damian Chapa|Kylie Minogue,1994,4.1,325
423,The Pianist,Drama|War,Roman Polanski,Adrien Brody|Thomas Kretschmann|Frank Finlay|Maureen Lipman|Emilia Fox,2002,8.0,1864
2447,The Nativity Story,Drama|History,Catherine Hardwicke,Keisha Castle-Hughes|Oscar Isaac|Hiam Abbass|Shaun Toub|Ciarán Hinds,2006,6.4,35
10066,House of Wax,Horror,Jaume Collet-Serra,Elisha Cuthbert|Paris Hilton|Brian Van Holt|Jared Padalecki|Chad Michael Murray,2005,5.5,677
2288,Closer,Drama|Romance,Mike Nichols,Julia Roberts|Jude Law|Natalie Portman|Clive Owen|Colin Stinton,2004,6.7,811
88794,J. Edgar,Drama|Crime|History,Clint Eastwood,Leonardo DiCaprio|Josh Hamilton|Geoff Pierson|Armie Hammer|Naomi Watts,2011,6.0,741
13515,Mirrors,Horror|Mystery|Thriller,Alexandre Aja,Kiefer Sutherland|Paula Patton|Amy Smart|Cameron Boyce|Erica Gluck,2008,6.0,485
11979,Queen of the Damned,Drama|Fantasy|Horror,Michael Rymer,Stuart Townsend|Aaliyah|Marguerite Moreau|Vincent Pérez|Paul McGann,2002,5.4,239
169,Predator 2,Science Fiction|Action|Thriller,Stephen Hopkins,Kevin Peter Hall|Danny Glover|Gary Busey|Rubén Blades|María Conchita Alonso,1990,5.9,730
8090,Untraceable,Drama,Gregory Hoblit,Diane Lane|Billy Burke|Colin Hanks|Joseph Cross|Mary Beth Hurt,2008,5.9,238
11622,Blast from the Past,Comedy|Romance,Hugh Wilson,Brendan Fraser|Alicia Silverstone|Christopher Walken|Sissy Spacek|Nathan Fillion,1999,6.3,245
3604,Flash Gordon,Science Fiction,Mike Hodges,Sam J. Jones|Melody Anderson|Max von Sydow|Chaim Topol|Ornella Muti,1980,6.1,233
9541,Jersey Girl,Comedy|Romance,Kevin Smith,Ben Affleck|Raquel Castro|Liv Tyler|Jennifer Lopez|George Carlin,2004,5.8,325
94348,Alex Cross,Action|Thriller|Crime|Mystery,Rob Cohen,Tyler Perry|Rachel Nichols|Jean Reno|Matthew Fox|Giancarlo Esposito,2012,5.1,300
8197,Midnight in the Garden of Good and Evil,Crime|Drama|Mystery|Thriller,Clint Eastwood,John Cusack|Kevin Spacey|Jude Law|Alison Eastwood|Jack Thompson,1997,6.3,157
336004,Heist,Crime|Action|Thriller,Scott Mann,Jeffrey Dean Morgan|Robert De Niro|Kate Bosworth|Dave Bautista|Gina Carano,2015,5.6,318
35019,Nanny McPhee and the Big Bang,Comedy|Fantasy,Susanna White,Emma Thompson|Asa Butterfield|Ralph Fiennes|Maggie Gyllenhaal|Maggie Smith,2010,6.0,436
10410,Hoffa,Crime|History,Danny DeVito,Jack Nicholson|Danny DeVito|Armand Assante|J. T. Walsh|John C. Reilly,1992,6.1,81
8836,The X Files: I Want to Believe,Drama|Mystery|Science Fiction|Thriller,Chris Carter,David Duchovny|Gillian Anderson|Amanda Peet|Billy Connolly|Xzibit,2008,5.5,523
14442,Ella Enchanted,Family|Fantasy|Comedy,Tommy O'Haver,Anne Hathaway|Hugh Dancy|Cary Elwes|Vivica A. Fox|Joanna Lumley,2004,5.9,437
321741,Concussion,Drama,Peter Landesman,Will Smith|Alec Baldwin|Albert Brooks|Gugu Mbatha-Raw|David Morse,2015,7.0,823
59965,Abduction,Thriller|Action|Mystery,John Singleton,Taylor Lautner|Lily Collins|Alfred Molina|Jason Isaacs|Maria Bello,2011,5.6,961
14175,Valiant,Animation|Family|Adventure,Gary Chapman,Ewan McGregor|Ricky Gervais|Tim Curry|Jim Broadbent|Hugh Laurie,2005,5.2,235
11004,Wonder Boys,Comedy|Drama,Curtis Hanson,Michael Douglas|Tobey Maguire|Frances McDormand|Katie Holmes|Rip Torn,2000,6.9,161
11918,Superhero Movie,Action|Comedy|Science Fiction,Craig Mazin,Drake Bell|Sara Paxton|Leslie Nielsen|Christopher McDonald|Jeffrey Tambor,2008,4.9,379
98357,Broken City,Thriller|Crime|Drama,Allen Hughes,Mark Wahlberg|Russell Crowe|Catherine Zeta-Jones|Jeffrey Wright|Barry Pepper,2013,5.7,593
10012,Cursed,Horror|Comedy,Wes Craven,Portia de Rossi|Christina Ricci|Jesse Eisenberg|Milo Ventimiglia|Judy Greer,2005,5.1,167
49526,Premium Rush,Crime|Action|Thriller,David Koepp,Joseph Gordon-Levitt|Michael Shannon|Dania Ramirez|Jamie Chung|Wolé Parks,2012,6.2,832
268920,Hot Pursuit,Action|Comedy|Crime,Anne Fletcher,Reese Witherspoon|Sofía Vergara|Michael Mosley|John Carroll Lynch|Richard T. Jones,2015,5.4,647
9093,The Four Feathers,War|Adventure|Drama|Romance,Shekhar Kapur,Heath Ledger|Wes Bentley|Kate Hudson|Djimon Hounsou|Michael Sheen,2002,6.5,159
119283,Parker,Action|Crime,Taylor Hackford,Jason Statham|Jennifer Lopez|Nick Nolte|Michael Chiklis|Clifton Collins Jr,2013,5.7,1455
11823,Wimbledon,Comedy|Romance,Richard Loncraine,Kirsten Dunst|Paul Bettany|Sam Neill|James McAvoy|Bernard Hill,2004,6.0,293
35169,Furry Vengeance,Comedy,Roger Kumble,Brendan Fraser|Ken Jeong|Brooke Shields|Angela Kinsey|Rob Riggle,2010,4.6,149
118957,Bait,Action|Horror|Thriller,Kimble Rendall,Sharni Vinson|Phoebe Tonkin|Julian McMahon|Xavier Samuel|Cariba Heine,2012,5.3,191
849,Krull,Fantasy|Action|Adventure,Peter Yates,Ken Marshall|Lysette Anthony|Francesca Annis|Alun Armstrong|David Battley,1983,5.8,129
4515,Lions for Lambs,Action|Adventure|Drama|History,Robert Redford,Robert Redford|Meryl Streep|Tom Cruise|Michael Peña|Andrew Garfield,2007,6.0,216
18886,Flight of the Intruder,Action|Adventure|Drama|Thriller,John Milius,Danny Glover|Willem Dafoe|Brad Johnson|Rosanna Arquette|Tom Sizemore,1991,5.7,31
6575,Walk Hard: The Dewey Cox Story,Comedy|Music,Jake Kasdan,John C. Reilly|Jenna Fischer|Tim Meadows|Kristen Wiig|Raymond J. Barry,2007,6.6,212
6440,The Shipping News,Drama|Romance,Lasse Hallström,Kevin Spacey|Julianne Moore|Cate Blanchett|Judi Dench|Pete Postlethwaite,2001,6.4,108
13496,American Outlaws,Action|Western,Les Mayfield,Colin Farrell|Scott Caan|Ali Larter|Gabriel Macht|Gregory Smith,2001,5.7,55
18320,The Young Victoria,Drama|History|Romance,Jean-Marc Vallée,Emily Blunt|Jim Broadbent|Mark Strong|Paul Bettany|Miranda Richardson,2009,7.0,322
22787,Whiteout,Action|Crime|Mystery|Thriller,Dominic Sena,Kate Beckinsale|Gabriel Macht|Tom Skerritt|Columbus Short|Shawn Doyle,2009,5.3,220
8967,The Tree of Life,Drama|Fantasy,Terrence Malick,Brad Pitt|Sean Penn|Jessica Chastain|Hunter McCracken|Finnegan Williams,2011,6.5,987
37498,Knock Off,Action|Adventure|Thriller,Tsui Hark,Jean-Claude Van Damme|Lela Rochon|Paul Sorvino|Rob Schneider|Mark Houghton,1998,4.7,64
144336,Sabotage,Action|Drama|Thriller|Crime,David Ayer,Arnold Schwarzenegger|Sam Worthington|Mireille Enos|Joe Manganiello|Harold Perrineau,2014,5.5,555
9616,The Order,Drama|Fantasy|Horror|Mystery|Romance|Thriller,Brian Helgeland,Heath Ledger|Shannyn Sossamon|Benno Fürmann|Mark Addy|Peter Weller,2003,4.8,91
13056,Punisher: War Zone,Action|Crime,Lexi Alexander,Ray Stevenson|Dominic West|Julie Benz|Colin Salmon|Doug Hutchison,2008,5.6,294
14113,Zoom,Family|Fantasy|Comedy,Peter Hewitt,Tim Allen|Courteney Cox|Chevy Chase|Spencer Breslin|Kevin Zegers,2006,4.9,135
285783,The Walk,Adventure|Drama|Thriller,Robert Zemeckis,Joseph Gordon-Levitt|Ben Kingsley|Charlotte Le Bon|Ben Schwartz|James Badge Dale,2015,6.9,1121
49478,Warriors of Virtue,Fantasy|Family|Action,Ronny Yu,Angus Macfadyen|Mario Yedidia|Marley Shelton|Chao Li Chi,1997,4.7,9
9726,A Good Year,Comedy|Drama|Romance,Ridley Scott,Russell Crowe|Marion Cotillard|Albert Finney|Tom Hollander|Abbie Cornish,2006,6.5,357
20763,Radio Flyer,Drama,Richard Donner,Elijah Wood|Lorraine Bracco|Adam Baldwin|John Heard|Joseph Mazzello,1992,6.6,53
9702,Bound by Honor,Action|Crime|Drama|Thriller,Taylor Hackford,Damian Chapa|Jesse Borrego|Benjamin Bratt|Enrique Castillo|Victor Rivers,1993,7.7,115
9311,Smilla's Sense of Snow,Action|Crime|Drama|Mystery|Thriller,Bille August,Julia Ormond|Gabriel Byrne|Richard Harris|Jim Broadbent|Tom Wilkinson,1997,6.6,60
9280,Femme Fatale,Thriller|Crime|Romance,Brian De Palma,Rebecca Romijn|Antonio Banderas|Peter Coyote|Rie Rasmussen|Gregg Henry,2002,6.2,142
26843,Lion of the Desert,Action|History|War,Moustapha Akkad,Anthony Quinn|Rod Steiger|Oliver Reed|Irene Papas|Raf Vallone,1981,7.4,34
11876,The Horseman on the Roof,War|Adventure|Drama|Romance,Jean-Paul Rappeneau,Juliette Binoche|Olivier Martinez|Pierre Arditi|François Cluzet|Gérard Depardieu,1995,6.7,25
22267,Ride with the Devil,Drama|War|Romance|Western,Ang Lee,Tobey Maguire|Skeet Ulrich|Jeffrey Wright|Jewel|Jonathan Rhys Meyers,1999,6.6,49
45958,Biutiful,Drama,Alejandro González Iñárritu,Javier Bardem|Maricel Álvarez|Hanaa Bouchaib|Guillermo Estrella|Eduard Fernández,2010,7.0,291
1969,Bandidas,Action|Comedy|Western|Crime,Joachim Rønning,Penélope Cruz|Salma Hayek|Dwight Yoakam|Steve Zahn|Denis Arndt,2006,5.8,307
310706,Black Water Transit,Drama|Crime,Tony Kaye,Laurence Fishburne|Karl Urban|Brittany Snow|Aisha Tyler|Beverly D'Angelo,2009,0.0,0
198663,The Maze Runner,Action|Mystery|Science Fiction|Thriller,Wes Ball,Dylan O'Brien|Ki Hong Lee|Kaya Scodelario|Aml Ameen|Blake Cooper,2014,7.0,5371
239573,Unfinished Business,Comedy,Ken Scott,Vince Vaughn|Dave Franco|James Marsden|June Diane Raphael|Sienna Miller,2015,5.0,320
10436,The Age of Innocence,Drama|Romance,Martin Scorsese,Daniel Day-Lewis|Michelle Pfeiffer|Winona Ryder|Alexis Smith|Geraldine Chaplin,1993,7.0,169
1381,The Fountain,Drama|Adventure|Science Fiction|Romance,Darren Aronofsky,Hugh Jackman|Rachel Weisz|Ellen Burstyn|Mark Margolis|Stephen McHattie,2006,6.8,827
2162,Chill Factor,Action|Comedy|Thriller,Hugh Johnson,Cuba Gooding Jr.|Skeet Ulrich|Peter Firth|David Paymer|Daniel Hugh Kelly,1999,5.3,29
127493,Stolen,Action|Crime|Drama|Thriller,Simon West,Nicolas Cage|Malin Åkerman|Josh Lucas|Sami Gayle|Danny Huston,2012,5.1,344
12429,Ponyo,Animation|Family,Hayao Miyazaki,Yuria Nara|Hiroki Doi|George Tokoro|Tomoko Yamaguchi|Yuki Amami,2008,7.5,926
228205,The Longest Ride,Drama|Romance,"George Tillman, Jr.",Scott Eastwood|Britt Robertson|Lolita Davidovich|Melissa Benoist|Jack Huston,2015,7.3,1064
2900,The Astronaut's Wife,Drama|Science Fiction|Thriller,Rand Ravich,Johnny Depp|Charlize Theron|Joe Morton|Clea DuVall|Nick Cassavetes,1999,5.4,254
21311,I Dreamed of Africa,Romance|Drama|Adventure,Hugh Hudson,Kim Basinger|Vincent Pérez|Liam Aiken|Daniel Craig|Eva Marie Saint,2000,5.3,18
77875,Playing for Keeps,Comedy|Romance,Gabriele Muccino,Gerard Butler|Jessica Biel|Uma Thurman|Catherine Zeta-Jones|Iqbal Theba,2012,5.4,240
192136,Mandela: Long Walk to Freedom,Drama|History,Justin Chadwick,Idris Elba|Naomie Harris|Tony Kgoroge|Riaad Moosa|Fana Mokoena,2013,6.5,224
18254,Reds,Drama|History,Warren Beatty,Warren Beatty|Diane Keaton|Edward Herrmann|Jack Nicholson|Jerzy Kosinski,1981,7.1,67
881,A Few Good Men,Drama,Rob Reiner,Tom Cruise|Jack Nicholson|Demi Moore|Kevin Bacon|Kevin Pollak,1992,7.1,877
10877,Exit Wounds,Action|Crime|Thriller,Andrzej Bartkowiak,Steven Seagal|DMX|Isaiah Washington|Anthony Anderson|Bill Duke,2001,5.3,110
9600,Big Momma's House,Crime|Comedy,Raja Gosnell,Martin Lawrence|Nia Long|Paul Giamatti|Jascha Washington|Terrence Howard,2000,5.6,506
202575,Thunder and the House of Magic,Family|Fantasy|Animation|Adventure,Ben Stassen,Brianne Siddall|Joey Camen|Elisa Gabrielli|Robin Atkin Downes|Shanelle Workman,2013,6.3,121
71469,The Darkest Hour,Horror|Action|Thriller|Science Fiction,Chris Gorak,Emile Hirsch|Rachael Taylor|Olivia Thirlby|Joel Kinnaman|Max Minghella,2011,4.8,469
85446,Step Up Revolution,Music|Drama|Romance,Scott Speer,Kathryn McCormick|Ryan Guzman|Stephen Boss|Megan Boone|Jessica Guadix,2012,6.7,663
326,Snakes on a Plane,Action|Crime|Horror|Thriller,David R. Ellis,Samuel L. Jackson|Julianna Margulies|Kenan Thompson|Nathan Phillips|Rachel Blanchard,2006,5.1,497
10685,The Watcher,Mystery|Thriller,Joe Charbanic,James Spader|Keanu Reeves|Marisa Tomei|Ernie Hudson|Chris Ellis,2000,4.9,110
7220,The Punisher,Action|Crime|Drama,Jonathan Hensleigh,Thomas Jane|John Travolta|Will Patton|Roy Scheider|Laura Harring,2004,6.1,766
9763,Goal!: The Dream Begins,Drama,Danny Cannon,Kuno Becker|Alessandro Nivola|Anna Friel|Stephen Dillane|Gary Lewis,2005,6.6,238
72387,Safe,Action|Crime|Thriller,Boaz Yakin,Jason Statham|Chris Sarandon|James Hong|Catherine Chan|Robert John Burke,2012,6.3,799
12596,Pushing Tin,Comedy|Drama,Mike Newell,John Cusack|Billy Bob Thornton|Cate Blanchett|Angelina Jolie|Gene Dinovi,1999,5.7,116
1892,Return of the Jedi,Adventure|Action|Science Fiction,Richard Marquand,Mark Hamill|Harrison Ford|Carrie Fisher|Billy Dee Williams|Anthony Daniels,1983,7.9,4665
13460,Doomsday,Action|Thriller|Science Fiction,Neil Marshall,Rhona Mitra|Bob Hoskins|Malcolm McDowell|Alexander Siddig|David O'Hara,2008,5.8,363
8055,The Reader,Drama|Romance,Stephen Daldry,Kate Winslet|Ralph Fiennes|David Kross|Jeanette Hain|Bruno Ganz,2008,7.2,813
50647,Wanderlust,Comedy,David Wain,Paul Rudd|Jennifer Aniston|Justin Theroux|Malin Åkerman|Lauren Ambrose,2012,5.3,394
10719,Elf,Comedy|Family|Fantasy,Jon Favreau,Will Ferrell|James Caan|Zooey Deschanel|Mary Steenburgen|Daniel Tay,2003,6.4,987
9294,Phenomenon,Drama|Fantasy|Romance|Science Fiction,Jon Turteltaub,John Travolta|Kyra Sedgwick|Forest Whitaker|Robert Duvall|Jeffrey DeMunn,1996,6.2,323
11888,Snow Dogs,Adventure|Comedy|Family,Brian Levant,Jim Belushi|Cuba Gooding Jr.|James Coburn|M. Emmet Walsh|Sisqó,2002,5.3,185
9647,Scrooged,Fantasy|Comedy|Drama,Richard Donner,Bill Murray|Karen Allen|John Forsythe|Bobcat Goldthwait|Carol Kane,1988,6.7,390
9353,Nacho Libre,Comedy|Family,Jared Hess,Jack Black|Ana de la Reguera|Héctor Jiménez|Darius Rose|Moisés Arias,2006,5.6,359
55721,Bridesmaids,Comedy|Romance,Paul Feig,Kristen Wiig|Rose Byrne|Maya Rudolph|Wendi McLendon-Covey|Ellie Kemper,2011,6.5,1661
109414,This Is the End,Action|Comedy,Seth Rogen,James Franco|Jonah Hill|Seth Rogen|Jay Baruchel|Danny McBride,2013,6.3,2359
10307,Stigmata,Horror,Rupert Wainwright,Patricia Arquette|Gabriel Byrne|Jonathan Pryce|Nia Long|Thomas Kopache,1999,6.0,242
11978,Men of Honor,Drama,"George Tillman, Jr.",Robert De Niro|Cuba Gooding Jr.|Charlize Theron|Aunjanue Ellis|Hal Holbrook,2000,7.0,544
22907,Takers,Action|Crime|Drama|Thriller,John Luessenhop,Chris Brown|Hayden Christensen|Matt Dillon|Michael Ealy|Idris Elba,2010,6.0,394
87567,The Big Wedding,Comedy,Justin Zackham,Robert De Niro|Diane Keaton|Katherine Heigl|Amanda Seyfried|Topher Grace,2013,5.7,414
38322,"Big Mommas: Like Father, Like Son",Crime|Comedy|Action,John Whitesell,Martin Lawrence|Brandon T. Jackson|Portia Doubleday|Mari Morrow|Faizon Love,2011,5.3,313
45612,Source Code,Thriller|Science Fiction|Mystery,Duncan Jones,Jake Gyllenhaal|Michelle Monaghan|Vera Farmiga|Russell Peters|Michael Arden,2011,7.1,2699
7305,Alive,Action|Adventure|Drama|Thriller,Frank Marshall,Ethan Hawke|Vincent Spano|Josh Hamilton|Bruce Ramsay|John Newton,1993,6.7,374
3594,The Number 23,Thriller|Drama|Mystery,Joel Schumacher,Jim Carrey|Virginia Madsen|Logan Lerman|Danny Huston|Lynn Collins,2007,6.3,1018
157841,The Young and Prodigious T.S. Spivet,Adventure|Drama|Family,Jean-Pierre Jeunet,Kyle Catlett|Helena Bonham Carter|Judy Davis|Callum Keith Rennie|Niamh Wilson,2013,6.7,232
11519,1941,Action|Comedy,Steven Spielberg,Dan Aykroyd|Ned Beatty|John Belushi|Lorraine Gary|Murray Hamilton,1979,5.6,143
12920,Dreamer: Inspired By a True Story,Drama|Family,John Gatins,Kurt Russell|Dakota Fanning|Kris Kristofferson|Elisabeth Shue|David Morse,2005,6.3,67
59,A History of Violence,Drama|Thriller|Crime,David Cronenberg,Viggo Mortensen|Maria Bello|Heidi Hayes|Ashton Holmes|William Hurt,2005,6.9,832
9335,Transporter 2,Action|Thriller|Crime,Louis Leterrier,Jason Statham|Amber Valletta|Kate Nauta|Alessandro Gassman|François Berléand,2005,6.2,1061
12106,The Quick and the Dead,Action|Western,Sam Raimi,Sharon Stone|Gene Hackman|Russell Crowe|Leonardo DiCaprio|Tobin Bell,1995,6.3,427
11141,Laws of Attraction,Action|Comedy|Romance|Thriller,Peter Howitt,Pierce Brosnan|Julianne Moore|Michael Sheen|Parker Posey|Frances Fisher,2004,5.6,104
8649,Bringing Out the Dead,Drama,Martin Scorsese,Nicolas Cage|Patricia Arquette|John Goodman|Ving Rhames|Tom Sizemore,1999,6.6,225
31867,Repo Men,Action|Science Fiction|Thriller|Crime,Miguel Sapochnik,Jude Law|Forest Whitaker|Alice Braga|Liev Schreiber|Carice van Houten,2010,6.2,620
10253,Dragon Wars: D-War,Fantasy|Drama|Horror|Action|Thriller|Science Fiction,Shim Hyung-Rae,Jason Behr|Robert Forster|Aimee Garcia|Chris Mulkey|Elizabeth Peña,2007,4.0,104
3587,Bogus,Fantasy|Comedy|Family,Norman Jewison,Whoopi Goldberg|Gérard Depardieu|Haley Joel Osment|Ute Lemper|Andrea Martin,1996,5.4,44
124459,The Incredible Burt Wonderstone,Comedy,Don Scardino,Steve Carell|Jim Carrey|Steve Buscemi|Olivia Wilde|James Gandolfini,2013,5.3,724
24662,Cats Don't Dance,Animation|Comedy|Family|Music,Mark Dindal,Scott Bakula|Jasmine Guy|Natalie Cole|Ashley Peldon|Lindsay Ridgeway,1997,7.1,24
32274,Cradle Will Rock,Drama,Tim Robbins,Hank Azaria|Rubén Blades|Joan Cusack|John Cusack|Bill Murray,1999,7.2,18
182,The Good German,War|Crime|Drama|Mystery|Romance|Thriller,Steven Soderbergh,George Clooney|Cate Blanchett|Tobey Maguire|Tony Curran|Leland Orser,2006,5.9,86
5494,George and the Dragon,Adventure,Tom Reeve,James Purefoy|Piper Perabo|Patrick Swayze|Michael Clarke Duncan|Bill Treacher,2004,5.0,13
28,Apocalypse Now,Drama|War,Francis Ford Coppola,Martin Sheen|Marlon Brando|Robert Duvall|Frederic Forrest|Sam Bottoms,1979,8.0,2055
38073,Going the Distance,Comedy|Drama|Romance,Nanette Burstein,Drew Barrymore|Justin Long|Charlie Day|Jason Sudeikis|Christina Applegate,2010,6.0,262
2054,Mr. Holland's Opus,Music|Drama|Family,Stephen Herek,Richard Dreyfuss|Glenne Headly|Jay Thomas|Olympia Dukakis|William H. Macy,1995,6.9,113
302156,Criminal,Action,Ariel Vromen,Kevin Costner|Gary Oldman|Tommy Lee Jones|Ryan Reynolds|Jordi Mollà,2016,5.7,557
606,Out of Africa,Drama,Sydney Pollack,Meryl Streep|Robert Redford|Klaus Maria Brandauer|Michael Kitchen|Malick Bowens,1985,7.0,279
87502,Flight,Drama,Robert Zemeckis,Denzel Washington|Don Cheadle|Bruce Greenwood|Kelly Reilly|John Goodman,2012,6.5,2415
698,Moonraker,Action|Adventure|Thriller|Science Fiction,Lewis Gilbert,Roger Moore|Lois Chiles|Michael Lonsdale|Corinne Cléry|Richard Kiel,1979,5.9,541
120467,The Grand Budapest Hotel,Comedy|Drama,Wes Anderson,Ralph Fiennes|Tony Revolori|F. Murray Abraham|Mathieu Amalric|Adrien Brody,2014,8.0,4519
11313,Hearts in Atlantis,Drama|Mystery,Scott Hicks,Anthony Hopkins|Anton Yelchin|Hope Davis|Mika Boorem|David Morse,2001,6.4,131
6488,Arachnophobia,Comedy|Horror,Frank Marshall,Jeff Daniels|Harley Jane Kozak|Garette Ratliff Henson|Marlene Katz|Julian Sands,1990,6.2,433
10559,Frequency,Crime|Drama|Science Fiction|Thriller,Gregory Hoblit,Dennis Quaid|Jim Caviezel|Andre Braugher|Elizabeth Mitchell|Noah Emmerich,2000,7.0,462
296099,Vacation,Comedy,John Francis Daley,Ed Helms|Christina Applegate|Skyler Gisondo|Steele Stebbins|Chris Hemsworth,2015,6.2,1195
8012,Get Shorty,Comedy|Thriller|Crime,Barry Sonnenfeld,John Travolta|Gene Hackman|Rene Russo|Danny DeVito|Dennis Farina,1995,6.4,302
1574,Chicago,Action|Comedy|Crime|Drama|Music,Rob Marshall,Catherine Zeta-Jones|Renée Zellweger|Queen Latifah|Richard Gere|Christine Baranski,2002,6.9,677
9032,Big Daddy,Comedy|Drama,Dennis Dugan,Adam Sandler|Joey Lauren Adams|Kristy Swanson|Cole Sprouse|Jon Stewart,1999,6.1,875
2770,American Pie 2,Comedy|Romance,J.B. Rogers,Jason Biggs|Thomas Ian Nicholas|Chris Klein|Seann William Scott|Eddie Kaye Thomas,2001,6.0,1344
862,Toy Story,Animation|Comedy|Family,John Lasseter,Tom Hanks|Tim Allen|Don Rickles|Jim Varney|Wallace Shawn,1995,7.7,5269
1637,Speed,Action|Adventure|Crime,Jan de Bont,Keanu Reeves|Dennis Hopper|Sandra Bullock|Joe Morton|Jeff Daniels,1994,6.8,1783
72570,The Vow,Drama|Romance,Michael Sucsy,Rachel McAdams|Channing Tatum|Sam Neill|Scott Speedman|Jessica Lange,2012,7.0,1293
27569,Extraordinary Measures,Drama,Tom Vaughan,Harrison Ford|Brendan Fraser|Keri Russell|Courtney B. Vance|Meredith Droeger,2010,6.0,89
10637,Remember the Titans,Drama,Boaz Yakin,Denzel Washington|Will Patton|Ryan Hurst|Wood Harris|Hayden Panettiere,2000,7.4,821
1669,The Hunt for Red October,Action|Adventure|Thriller,John McTiernan,Alec Baldwin|Sean Connery|Scott Glenn|Sam Neill|James Earl Jones,1990,7.2,957
132363,The Butler,Drama,Lee Daniels,Forest Whitaker|David Banner|Michael Rainey Jr.|LaJessie Smith|Mariah Carey,2013,7.2,1101
9472,DodgeBall: A True Underdog Story,Comedy,Rawson Marshall Thurber,Vince Vaughn|Christine Taylor|Ben Stiller|Rip Torn|Justin Long,2004,6.2,981
2907,The Addams Family,Horror|Comedy|Fantasy,Barry Sonnenfeld,Raúl Juliá|Anjelica Huston|Christopher Lloyd|Christina Ricci|Carel Struycken,1991,6.7,848
9273,Ace Ventura: When Nature Calls,Crime|Comedy|Adventure,Steve Oedekerk,Jim Carrey|Ian McNeice|Simon Callow|Maynard Eziashi|Bob Gunton,1995,6.1,1099
9880,The Princess Diaries,Comedy|Family|Romance,Garry Marshall,Anne Hathaway|Julie Andrews|Heather Matarazzo|Robert Schwartzman|Héctor Elizondo,2001,6.5,1023
2925,The First Wives Club,Comedy,Hugh Wilson,Goldie Hawn|Bette Midler|Diane Keaton|Maggie Smith|Dan Hedaya,1996,6.5,166
807,Se7en,Crime|Mystery|Thriller,David Fincher,Brad Pitt|Morgan Freeman|Gwyneth Paltrow|John C. McGinley|Kevin Spacey,1995,8.1,5765
17654,District 9,Science Fiction,Neill Blomkamp,Sharlto Copley|Jason Cope|Nathalie Boltt|Sylvaine Strike|Elizabeth Mkandawie,2009,7.3,3382
11836,The SpongeBob SquarePants Movie,Animation|Comedy|Family,Stephen Hillenburg,Tom Kenny|Clancy Brown|Rodger Bumpass|Bill Fagerbakke|Carolyn Lawrence,2004,6.7,574
322,Mystic River,Thriller|Crime|Drama|Mystery,Clint Eastwood,Sean Penn|Tim Robbins|Kevin Bacon|Laurence Fishburne|Marcia Gay Harden,2003,7.6,1422
70,Million Dollar Baby,Drama,Clint Eastwood,Clint Eastwood|Hilary Swank|Morgan Freeman|Jay Baruchel|Mike Colter,2004,7.7,2439
9535,Analyze This,Comedy|Crime,Harold Ramis,Robert De Niro|Billy Crystal|Lisa Kudrow|Chazz Palminteri|Joe Viterelli,1999,6.4,503
11036,The Notebook,Romance|Drama,Nick Cassavetes,Rachel McAdams|Ryan Gosling|Gena Rowlands|James Garner|Sam Shepard,2004,7.7,3067
6557,27 Dresses,Comedy|Romance,Anne Fletcher,Katherine Heigl|James Marsden|Malin Åkerman|Judy Greer|Edward Burns,2008,6.1,978
18126,Hannah Montana: The Movie,Comedy|Drama|Family|Music|Romance,Peter Chelsom,Miley Cyrus|Billy Ray Cyrus|Emily Osment|Jason Earles|Taylor Swift,2009,6.0,449
16340,Rugrats in Paris: The Movie,Adventure|Animation|Comedy|Family,Stig Bergqvist,E.G. Daily|Susan Sarandon|John Lithgow|Tara Strong|Cheryl Chase,2000,6.0,100
10333,The Prince of Tides,Drama|Romance,Barbra Streisand,Nick Nolte|Barbra Streisand|Blythe Danner|Kate Nelligan|Jeroen Krabbé,1991,5.9,56
4476,Legends of the Fall,Adventure|Drama|Romance|War,Edward Zwick,Brad Pitt|Anthony Hopkins|Aidan Quinn|Julia Ormond|Henry Thomas,1994,7.2,619
22947,Up in the Air,Drama|Romance,Jason Reitman,George Clooney|Vera Farmiga|Anna Kendrick|Jason Bateman|Melanie Lynskey,2009,6.7,1205
2755,About Schmidt,Drama|Comedy,Alexander Payne,Jack Nicholson|Kathy Bates|Hope Davis|Dermot Mulroney|June Squibb,2002,6.7,362
82654,Warm Bodies,Horror|Comedy|Romance,Jonathan Levine,Nicholas Hoult|Teresa Palmer|Analeigh Tipton|Rob Corddry|Dave Franco,2013,6.4,2652
59967,Looper,Action|Thriller|Science Fiction,Rian Johnson,Joseph Gordon-Levitt|Bruce Willis|Emily Blunt|Paul Dano|Noah Segan,2012,6.6,4697
16300,Down to Earth,Fantasy|Comedy|Science Fiction|Romance,Chris Weitz,Chris Rock|Regina King|Chazz Palminteri|Eugene Levy|Frankie Faison,2001,4.9,95
9598,Babe,Fantasy|Drama|Comedy|Family,Chris Noonan,Christine Cavanaugh|Miriam Margolyes|Danny Mann|Hugo Weaving|Miriam Flynn,1995,6.0,733
82696,Hope Springs,Drama|Comedy|Romance,David Frankel,Meryl Streep|Steve Carell|Tommy Lee Jones|Jean Smart|Marin Ireland,2012,5.8,284
9870,Forgetting Sarah Marshall,Comedy|Romance|Drama,Nicholas Stoller,Jason Segel|Kristen Bell|Mila Kunis|Russell Brand|Bill Hader,2008,6.4,1172
8292,Four Brothers,Action|Crime,John Singleton,Mark Wahlberg|Tyrese Gibson|André Benjamin|Garrett Hedlund|Terrence Howard,2005,6.7,607
8780,Baby Mama,Comedy,Michael McCullers,Tina Fey|Amy Poehler|Dax Shepard|Sigourney Weaver|Greg Kinnear,2008,5.8,205
9715,Hope Floats,Drama|Romance,Forest Whitaker,Sandra Bullock|Harry Connick Jr.|Gena Rowlands|Mae Whitman|Michael Paré,1998,5.8,81
10521,Bride Wars,Comedy,Gary Winick,Anne Hathaway|Kate Hudson|Bryan Greenberg|Chris Pratt|Steve Howey,2009,5.9,856
10762,Without a Paddle,Action|Adventure|Comedy|Thriller,Steven Brill,Seth Green|Matthew Lillard|Dax Shepard|Antony Starr|Andrew Hampton,2004,5.3,214
10096,13 Going on 30,Comedy|Fantasy|Romance,Gary Winick,Jennifer Garner|Mark Ruffalo|Judy Greer|Andy Serkis|Kathy Baker,2004,6.3,1204
59436,Midnight in Paris,Fantasy|Comedy|Romance,Woody Allen,Owen Wilson|Rachel McAdams|Kurt Fuller|Mimi Kennedy|Michael Sheen,2011,7.4,1990
227783,The Nut Job,Animation|Comedy|Family|Adventure,Peter Lepeniotis,Will Arnett|Katherine Heigl|Brendan Fraser|Liam Neeson|Stephen Lang,2014,5.5,319
4133,Blow,Crime|Drama,Ted Demme,Johnny Depp|Penélope Cruz|Ethan Suplee|Ray Liotta|Franka Potente,2001,7.4,1317
10207,Message in a Bottle,Romance|Drama,Luis Mandoki,Kevin Costner|Robin Wright|Paul Newman|John Savage|Illeana Douglas,1999,5.8,196
172,Star Trek V: The Final Frontier,Science Fiction|Action|Adventure|Thriller,William Shatner,William Shatner|Leonard Nimoy|DeForest Kelley|James Doohan|George Takei,1989,5.6,376
21972,Like Mike,Comedy|Drama|Family|Fantasy,John Schultz,Shad Moss|Morris Chestnut|Jonathan Lipnicki|Brenda Song|Jesse Plemons,2002,5.7,100
36593,The Naked Gun 33⅓: The Final Insult,Comedy|Crime,Peter Segal,Leslie Nielsen|Priscilla Presley|George Kennedy|O.J. Simpson|Fred Ward,1994,6.3,521
707,A View to a Kill,Adventure|Action|Thriller,John Glen,Roger Moore|Christopher Walken|Tanya Roberts|Grace Jones|Patrick Macnee,1985,6.0,506
533,The Curse of the Were-Rabbit,Adventure|Animation|Comedy|Family,Nick Park,Peter Sallis|Helena Bonham Carter|Ralph Fiennes|Nicholas Smith|Liz Smith,2005,6.8,643
6023,P.S. I Love You,Drama|Romance,Richard LaGravenese,Hilary Swank|Gerard Butler|Lisa Kudrow|Harry Connick Jr.|Gina Gershon,2007,6.9,977
6439,Racing Stripes,Comedy,Frederik Du Chau,Frankie Muniz|Mandy Moore|Hayden Panettiere|Bruce Greenwood|Wendie Malick,2005,5.1,123
4347,Atonement,Drama|Romance,Joe Wright,Keira Knightley|James McAvoy|Romola Garai|Saoirse Ronan|Brenda Blethyn,2007,7.4,1049
37056,Letters to Juliet,Comedy|Drama|Romance,Gary Winick,Amanda Seyfried|Christopher Egan|Gael García Bernal|Vanessa Redgrave|Franco Nero,2010,6.6,796
4105,Black Rain,Action|Thriller|Crime,Ridley Scott,Michael Douglas|Andy García|Kate Capshaw|Shigeru Kôyama|John Spencer,1989,6.2,243
76489,The Three Stooges,Comedy,Bobby Farrelly,Sean Hayes|Will Sasso|Chris Diamantopoulos|Jane Lynch|Sofía Vergara,2012,4.9,140
3933,Corpse Bride,Romance|Fantasy|Animation|Music,Tim Burton,Johnny Depp|Helena Bonham Carter|Emily Watson|Tracey Ullman|Paul Whitehouse,2005,7.2,1894
9918,Glory Road,Drama,James Gartner,Josh Lucas|Derek Luke|Jon Voight|Austin Nichols|Evan Jones,2006,7.2,144
273481,Sicario,Action|Crime|Drama|Mystery|Thriller,Denis Villeneuve,Emily Blunt|Benicio del Toro|Josh Brolin|Victor Garber|Jon Bernthal,2015,7.2,2416
307081,Southpaw,Action|Drama,Antoine Fuqua,Jake Gyllenhaal|Rachel McAdams|Forest Whitaker|Oona Laurence|50 Cent,2015,7.3,2067
16871,Drag Me to Hell,Horror|Thriller,Sam Raimi,Alison Lohman|Justin Long|Lorna Raver|Dileep Rao|David Paymer,2009,6.2,966
293863,The Age of Adaline,Fantasy|Drama|Romance,Lee Toland Krieger,Blake Lively|Michiel Huisman|Harrison Ford|Ellen Burstyn|Kathy Baker,2015,7.4,1990
13156,Secondhand Lions,Comedy|Drama|Family,Tim McCanlies,Michael Caine|Robert Duvall|Haley Joel Osment|Josh Lucas|Kyra Sedgwick,2003,6.9,260
41233,Step Up 3D,Drama|Romance,Jon M. Chu,Rick Malambri|Adam G. Sevani|Joe Slaughter|Sharni Vinson|Alyson Stoner,2010,6.6,582
9266,Blue Crush,Adventure,John Stockwell,Kate Bosworth|Matthew Davis|Michelle Rodriguez|Sanoe Lake|Mika Boorem,2002,5.6,159
1262,Stranger Than Fiction,Comedy|Drama|Fantasy|Romance,Marc Forster,Will Ferrell|Maggie Gyllenhaal|Dustin Hoffman|Emma Thompson|Queen Latifah,2006,7.1,721
4513,30 Days of Night,Horror|Thriller,David Slade,Josh Hartnett|Melissa George|Ben Foster|Danny Huston|Mark Boone Junior,2007,6.2,767
22970,The Cabin in the Woods,Horror|Thriller,Drew Goddard,Kristen Connolly|Chris Hemsworth|Anna Hutchison|Fran Kranz|Jesse Williams,2012,6.5,2263
7278,Meet the Spartans,Comedy,Jason Friedberg,Sean Maguire|Carmen Electra|Ken Davitian|Kevin Sorbo|Diedrich Bader,2008,3.7,359
9013,Midnight Run,Adventure|Comedy|Crime,Martin Brest,Robert De Niro|Charles Grodin|Yaphet Kotto|John Ashton|Dennis Farina,1988,7.2,238
865,The Running Man,Action|Science Fiction,Paul Michael Glaser,Arnold Schwarzenegger|Richard Dawson|María Conchita Alonso|Yaphet Kotto|Jim Brown,1987,6.4,703
10776,Little Shop of Horrors,Horror|Comedy|Music,Frank Oz,Rick Moranis|Ellen Greene|Vincent Gardenia|Steve Martin|Tisha Campbell-Martin,1986,6.6,384
50456,Hanna,Action|Thriller|Adventure,Joe Wright,Saoirse Ronan|Eric Bana|Vicky Krieps|Cate Blanchett|Tom Hollander,2011,6.5,1263
9823,Mortal Kombat: Annihilation,Action|Fantasy|Science Fiction,John R. Leonetti,Robin Shou|Talisa Soto|James Remar|Sandra Hess|Lynn 'Red' Williams,1997,3.8,221
59861,Larry Crowne,Comedy|Romance|Drama,Tom Hanks,Tom Hanks|Julia Roberts|Bryan Cranston|Cedric the Entertainer|Pam Grier,2011,5.7,359
133805,Carrie,Drama|Horror,Kimberly Peirce,Chloë Grace Moretz|Julianne Moore|Judy Greer|Alex Russell|Portia Doubleday,2013,5.8,1463
12763,Take the Lead,Music,Liz Friedlander,Antonio Banderas|Rob Brown|Yaya DaCosta|Alfre Woodard|John Ortiz,2006,6.6,162
9766,Gridiron Gang,Action|Adventure|Crime|Drama,Phil Joanou,Dwayne Johnson|Xzibit|L. Scott Caldwell|Leon Rippy|Kevin Dunn,2006,6.5,206
14034,What's the Worst That Could Happen?,Action|Comedy,Sam Weisman,Martin Lawrence|Danny DeVito|John Leguizamo|Glenne Headly|Carmen Ejogo,2001,5.1,66
12244,9,Action|Adventure|Animation|Science Fiction|Thriller,Shane Acker,Christopher Plummer|Martin Landau|John C. Reilly|Crispin Glover|Jennifer Connelly,2009,6.6,1262
109421,Side Effects,Thriller|Crime|Drama,Steven Soderbergh,Jude Law|Rooney Mara|Catherine Zeta-Jones|Channing Tatum|Vinessa Shaw,2013,6.4,1323
11137,The Prince & Me,Comedy|Romance,Martha Coolidge,Julia Stiles|Luke Mably|Ben Miller|Miranda Richardson|James Fox,2004,5.9,278
51162,Winnie the Pooh,Animation|Family,Stephen Anderson,Jim Cummings|Travis Oates|Bud Luckey|Craig Ferguson|Tom Kenny,2011,6.8,258
10152,Dumb and Dumberer: When Harry Met Lloyd,Comedy,Troy Miller,Mimi Rogers|Eric Christian Olsen|Luis Guzmán|Rachel Nichols|Eugene Levy,2003,4.1,210
9452,Bulworth,Comedy|Drama,Warren Beatty,Warren Beatty|Halle Berry|Sean Astin|Christine Baranski|Adilah Barnes,1998,6.3,66
239566,Get on Up,Drama|Music,Tate Taylor,Chadwick Boseman|Nelsan Ellis|Dan Aykroyd|Viola Davis|Lennie James,2014,6.4,158
53113,One True Thing,Drama|Romance,Carl Franklin,Meryl Streep|Renée Zellweger|William Hurt|Tom Everett Scott|Lauren Graham,1998,6.2,27
9271,Virtuosity,Action|Crime|Science Fiction|Thriller,Brett Leonard,Denzel Washington|Russell Crowe|Kelly Lynch|William Forsythe|Stephen Spinella,1995,5.4,163
4474,My Super Ex-Girlfriend,Fantasy|Drama|Action|Comedy|Crime|Science Fiction,Ivan Reitman,Uma Thurman|Luke Wilson|Anna Faris|Eddie Izzard|Rainn Wilson,2006,4.8,442
184346,Deliver Us from Evil,Thriller|Crime|Horror,Scott Derrickson,Eric Bana|Edgar Ramírez|Olivia Munn|Joel McHale|Sean Harris,2014,5.9,690
48340,Sanctum,Action|Thriller,Alister Grierson,Ioan Gruffudd|Richard Roxburgh|Alice Parkinson|Daniel Wyllie|Allison Cratchley,2011,5.8,339
14846,Little Black Book,Comedy|Romance|Drama,Nick Hurran,Brittany Murphy|Holly Hunter|Kathy Bates|Ron Livingston|Kevin Sussman,2004,5.2,112
72207,The Five-Year Engagement,Comedy,Nicholas Stoller,Jason Segel|Emily Blunt|Chris Pratt|Alison Brie|Rhys Ifans,2012,5.7,457
16232,Mr. 3000,Comedy|Drama,Charles Stone III,Bernie Mac|Angela Bassett|Michael Rispoli|Brian J. White|Dondre Whitfield,2004,5.0,66
43539,The Next Three Days,Romance|Drama|Thriller|Crime,Paul Haggis,Russell Crowe|Elizabeth Banks|Brian Dennehy|RZA|Moran Atias,2010,6.9,905
9920,Ultraviolet,Science Fiction|Action|Thriller,Kurt Wimmer,Milla Jovovich|Cameron Bright|Nick Chinlund|Sebastien Andrieu|Ida Martin,2006,4.8,458
8978,Assault on Precinct 13,Thriller,Jean-François Richet,Ethan Hawke|Laurence Fishburne|Gabriel Byrne|Maria Bello|Drea de Matteo,2005,6.0,311
11702,The Replacement Killers,Action|Drama|Crime|Thriller,Antoine Fuqua,Chow Yun-fat|Mira Sorvino|Michael Rooker|Kenneth Tsang|Jürgen Prochnow,1998,6.0,127
18550,Fled,Action|Comedy|Thriller,Kevin Hooks,Laurence Fishburne|Stephen Baldwin|Salma Hayek|Will Patton|Robert John Burke,1996,5.2,47
8869,Eight Legged Freaks,Action|Comedy|Horror|Thriller,Ellory Elkayem,David Arquette|Kari Wuhrer|Scott Terra|Scarlett Johansson|Doug E. Doug,2002,5.4,295
43347,Love & Other Drugs,Drama|Comedy|Romance,Edward Zwick,Jake Gyllenhaal|Anne Hathaway|Oliver Platt|Hank Azaria|Gabriel Macht,2010,6.6,1233
3489,88 Minutes,Crime|Mystery|Thriller,Jon Avnet,Al Pacino|Alicia Witt|Leelee Sobieski|Amy Brenneman|William Forsythe,2007,5.7,313
9701,North Country,Drama,Niki Caro,Charlize Theron|Elle Peterson|Thomas Curtis|Frances McDormand|Sean Bean,2005,6.8,125
2122,The Whole Ten Yards,Comedy|Thriller|Crime,Howard Deutch,Bruce Willis|Matthew Perry|Amanda Peet|Kevin Pollak|Frank Collison,2004,5.5,278
37707,Splice,Horror|Thriller|Science Fiction,Vincenzo Natali,Adrien Brody|Sarah Polley|Delphine Chanéac|David Hewlett|Abigail Chu,2009,5.5,671
10658,Howard the Duck,Comedy|Fantasy|Science Fiction,Willard Huyck,Lea Thompson|Jeffrey Jones|Tim Robbins|Ed Gale|Holly Robinson Peete,1986,5.1,221
13150,Pride and Glory,Thriller|Crime|Drama,Gavin O'Connor,Edward Norton|Jon Voight|Colin Farrell|Noah Emmerich|Jennifer Ehle,2008,6.3,240
9042,The Cave,Action|Adventure|Horror|Thriller,Bruce Hunt,Cole Hauser|Eddie Cibrian|Morris Chestnut|Lena Headey|Piper Perabo,2005,5.1,202
17813,Alex & Emma,Comedy|Romance,Rob Reiner,Luke Wilson|Kate Hudson|Sophie Marceau|David Paymer|Paul Wilson,2003,5.0,68
11208,Wicker Park,Drama|Mystery|Romance|Thriller,Paul McGuigan,Josh Hartnett|Rose Byrne|Matthew Lillard|Diane Kruger|Christopher Cousins,2004,6.7,157
58151,Fright Night,Horror|Comedy,Craig Gillespie,Anton Yelchin|Colin Farrell|Toni Collette|Christopher Mintz-Plasse|David Tennant,2011,6.0,603
11400,The New World,Drama|History|Romance,Terrence Malick,Colin Farrell|Q'orianka Kilcher|Christopher Plummer|Christian Bale|August Schellenberg,2005,6.4,330
10350,Wing Commander,Action|Science Fiction,Christopher Roberts,Freddie Prinze Jr.|Saffron Burrows|Matthew Lillard|Tchéky Karyo|Jürgen Prochnow,1999,4.0,72
28902,In Dreams,Drama|Thriller,Neil Jordan,Annette Bening|Aidan Quinn|Stephen Rea|Robert Downey Jr.|Paul Guilfoyle,1999,5.4,44
14164,Dragonball Evolution,Action|Adventure|Fantasy|Science Fiction|Thriller,James Wong,Chow Yun-fat|Justin Chatwin|Joon Park|Jamie Chung|Emmy Rossum,2009,2.9,462
76640,The Last Stand,Action|Crime|Thriller,Kim Jee-woon,Arnold Schwarzenegger|Forest Whitaker|Rodrigo Santoro|Johnny Knoxville|Jaimie Alexander,2013,5.7,1266
11058,Godsend,Drama|Horror|Science Fiction|Thriller,Nick Hamm,Greg Kinnear|Rebecca Romijn|Robert De Niro|Cameron Bright|Zoie Palmer,2004,4.7,114
14844,Chasing Liberty,Comedy|Romance,Andy Cadiff,Mandy Moore|Stark Sands|Tony Jayawardena|Jeremy Piven|Annabella Sciorra,2004,6.1,152
57089,Hoodwinked Too! Hood VS. Evil,Comedy|Animation|Family,Mike Disa,Hayden Panettiere|Bill Hader|Joan Cusack|Patrick Warburton|Glenn Close,2011,4.8,131
1947,An Unfinished Life,Drama,Lasse Hallström,Robert Redford|Jennifer Lopez|Morgan Freeman|Becca Gardner|Josh Lucas,2005,6.7,161
8054,The Imaginarium of Doctor Parnassus,Adventure|Fantasy|Mystery,Terry Gilliam,Christopher Plummer|Heath Ledger|Johnny Depp|Jude Law|Colin Farrell,2009,6.3,869
46829,Barney's Version,Comedy|Drama,Richard J. Lewis,Paul Giamatti|Dustin Hoffman|Rosamund Pike|Minnie Driver|Rachelle Lefevre,2010,7.2,129
146238,Runner Runner,Crime|Thriller|Drama,Brad Furman,Ben Affleck|Gemma Arterton|Justin Timberlake|Anthony Mackie|David Costabile,2013,5.5,543
9989,Antitrust,Action|Crime|Drama,Peter Howitt,Ryan Phillippe|Rachael Leigh Cook|Tim Robbins|Claire Forlani|Richard Roundtree,2001,5.8,153
9665,Glory,War,Edward Zwick,Matthew Broderick|Denzel Washington|Cary Elwes|Morgan Freeman|Jihmi Kennedy,1989,7.4,383
311,Once Upon a Time in America,Drama|Crime,Sergio Leone,Robert De Niro|James Woods|Elizabeth McGovern|Joe Pesci|Burt Young,1984,8.2,1069
102362,Dead Man Down,Thriller|Action|Crime|Drama,Niels Arden Oplev,Colin Farrell|Noomi Rapace|Terrence Howard|Dominic Cooper|Isabelle Huppert,2013,5.9,638
11162,The Merchant of Venice,Drama|Romance,Michael Radford,Al Pacino|Jeremy Irons|Joseph Fiennes|Lynn Collins|Zuleikha Robinson,2004,6.7,144
6016,The Good Thief,Crime|Drama|Thriller,Neil Jordan,Nick Nolte|Tchéky Karyo|Nutsa Kukhianidze|Marc Lavoine|Saïd Taghmaoui,2003,6.0,31
17186,Supercross,Action|Adventure|Drama|Romance,Steve Boyum,Steve Howey|Mike Vogel|Cameron Richardson|Sophia Bush|Channing Tatum,2005,5.4,29
13967,Miss Potter,Drama|Family|Romance,Chris Noonan,Ewan McGregor|Renée Zellweger|Emily Watson|Barbara Flynn|Bill Paterson,2006,6.3,141
2008,The Promise,Fantasy|Drama|Action|Thriller|Romance,Chen Kaige,Cecilia Cheung|Liu Ye|Hong Chen|Cheng Qian|Jang Dong-gun,2005,5.0,29
9053,DOA: Dead or Alive,Adventure|Action|Thriller,Corey Yuen Kwai,Jaime Pressly|Devon Aoki|Holly Valance|Sarah Carter|Natassia Malthe,2006,5.0,205
4512,The Assassination of Jesse James by the Coward Robert Ford,Action|Drama|Western,Andrew Dominik,Brad Pitt|Casey Affleck|Sam Shepard|Mary-Louise Parker|Paul Schneider,2007,7.0,776
76349,1911,Adventure|Drama|Action|History|War,Jackie Chan,Jackie Chan|Li Bingbing|Joan Chen|Jaycee Chan|Sun Chun,2011,5.0,41
31203,Little Nicholas,Comedy,Laurent Tirard,Maxime Godart|Valérie Lemercier|Kad Merad|Sandrine Kiberlain|François-Xavier Demaison,2009,5.9,306
265208,Wild Card,Thriller|Crime|Drama,Simon West,Jason Statham|Michael Angarano|Milo Ventimiglia|Dominik García-Lorido|Anne Heche,2015,5.4,656
45610,Machine Gun Preacher,Action|Thriller|Crime,Marc Forster,Gerard Butler|Michelle Monaghan|Kathy Baker|Richard Goteri|Peter Carey,2011,6.4,286
50135,Animals United,Animation|Family|Comedy,Reinhard Klooss,Christoph Maria Herbst|Ralf Schmitz|Thomas Fritsch|Bastian Pastewka|Oliver Kalkofe,2010,5.5,90
1874,Goodbye Bafana,History|Drama,Bille August,Joseph Fiennes|Dennis Haysbert|Diane Kruger|Shiloh Henderson|Patrick Lyster,2007,7.0,38
271331,United Passions,Drama,Frédéric Auburtin,Tim Roth|Sam Neill|Thomas Kretschmann|Gérard Depardieu|Jemima West,2014,3.0,16
215211,Grace of Monaco,Romance|Drama,Olivier Dahan,Nicole Kidman|Milo Ventimiglia|Paz Vega|Tim Roth|Parker Posey,2014,5.8,195
367961,Savva. Heart of the Warrior,Fantasy|Adventure|Animation,Maksim Fadeev,Maksim Chukharyov|Konstantin Khabenskiy|Mikhail Galustyan|Fyodor Bondarchuk|Natalya Ionova,2015,6.4,7
10955,Ripley's Game,Crime|Thriller,Liliana Cavani,John Malkovich|Ray Winstone|Uwe Mansshardt|Hanns Zischler|Paolo Paoloni,2002,6.6,69
223702,Sausage Party,Adventure|Animation|Comedy|Fantasy,Conrad Vernon,Seth Rogen|Kristen Wiig|Jonah Hill|Bill Hader|Michael Cera,2016,5.6,2238
254470,Pitch Perfect 2,Comedy|Music,Elizabeth Banks,Anna Kendrick|Rebel Wilson|Hailee Steinfeld|Brittany Snow|Skylar Astin,2015,6.8,1940
69,Walk the Line,Drama|Music|Romance,James Mangold,Joaquin Phoenix|Reese Witherspoon|Ginnifer Goodwin|Robert Patrick|Tyler Hilton,2005,7.3,718
4967,Keeping the Faith,Comedy,Edward Norton,Ben Stiller|Edward Norton|Jenna Elfman|Anne Bancroft|Eli Wallach,2000,5.9,159
9449,The Borrowers,Adventure|Fantasy|Action|Comedy|Family,Peter Hewitt,John Goodman|Jim Broadbent|Celia Imrie|Tom Felton|Hugh Laurie,1997,5.8,135
11499,Frost/Nixon,Drama|History,Ron Howard,Michael Sheen|Frank Langella|Kevin Bacon|Sam Rockwell|Mark Simich,2008,7.2,328
4912,Confessions of a Dangerous Mind,Comedy|Crime|Drama|Romance|Thriller,George Clooney,Sam Rockwell|Drew Barrymore|Julia Roberts|Rutger Hauer|Brad Pitt,2002,6.6,275
12771,Serving Sara,Comedy|Romance,Reginald Hudlin,Matthew Perry|Elizabeth Hurley|Vincent Pastore|Bruce Campbell|Cedric the Entertainer,2002,5.0,85
323676,The Boss,Comedy,Ben Falcone,Melissa McCarthy|Peter Dinklage|Kristen Bell|Kathy Bates|Kristen Schaal,2016,5.5,431
12506,Cry Freedom,Drama,Richard Attenborough,Denzel Washington|Kevin Kline|Penelope Wilton|Kate Hardie|John Matshikiza,1987,6.9,51
24071,Mumford,Comedy|Drama|Romance,Lawrence Kasdan,Loren Dean|Hope Davis|Jason Lee|Alfre Woodard|Zooey Deschanel,1999,6.3,26
11249,Seed of Chucky,Drama|Horror|Comedy,Don Mancini,Brad Dourif|Jennifer Tilly|Billy Boyd|Redman|Hannah Spearritt,2004,4.9,287
9667,The Jacket,Drama|Mystery|Thriller|Fantasy,John Maybury,Adrien Brody|Keira Knightley|Kris Kristofferson|Jennifer Jason Leigh|Kelly Lynch,2005,6.8,455
812,Aladdin,Animation|Family|Comedy|Adventure|Fantasy|Romance,Ron Clements,Scott Weinger|Robin Williams|Linda Larkin|Jonathan Freeman|Frank Welker,1992,7.4,3416
277216,Straight Outta Compton,Drama|Music,F. Gary Gray,O'Shea Jackson Jr.|Corey Hawkins|Jason Mitchell|Neil Brown Jr.|Aldis Hodge,2015,7.7,1355
87,Indiana Jones and the Temple of Doom,Adventure|Action,Steven Spielberg,Harrison Ford|Kate Capshaw|Jonathan Ke Quan|Amrish Puri|Roshan Seth,1984,7.1,2781
14444,The Rugrats Movie,Animation|Family,Norton Virgien,Whoopi Goldberg|David Spade|E.G. Daily|Tara Strong|Christine Cavanaugh,1998,5.7,147
2043,Along Came a Spider,Crime|Mystery|Thriller|Action,Lee Tamahori,Morgan Freeman|Monica Potter|Michael Wincott|Dylan Baker|Mika Boorem,2001,6.1,400
315664,Florence Foster Jenkins,Comedy|Drama,Stephen Frears,Meryl Streep|Hugh Grant|Rebecca Ferguson|Simon Helberg|Nina Arianda,2016,6.6,392
1428,Once Upon a Time in Mexico,Action,Robert Rodriguez,Antonio Banderas|Salma Hayek|Johnny Depp|Eva Mendes|Mickey Rourke,2003,6.2,594
562,Die Hard,Action|Thriller,John McTiernan,Bruce Willis|Alan Rickman|Alexander Godunov|Bonnie Bedelia|Reginald VelJohnson,1988,7.5,3948
15373,Role Models,Comedy,David Wain,Seann William Scott|Paul Rudd|Elizabeth Banks|Christopher Mintz-Plasse|Bobb'e J. Thompson,2008,6.4,564
318846,The Big Short,Comedy|Drama,Adam McKay,Christian Bale|Steve Carell|Ryan Gosling|Brad Pitt|Melissa Leo,2015,7.3,2607
26320,Taking Woodstock,Music|Comedy|Drama,Ang Lee,Demetri Martin|Imelda Staunton|Henry Goodman|Liev Schreiber|Jonathan Groff,2009,6.2,127
14292,Miracle,Drama|History,Gavin O'Connor,Kurt Russell|Patricia Clarkson|Noah Emmerich|Sean McCann|Kenneth Welsh,2004,7.0,159
924,Dawn of the Dead,Fantasy|Horror|Action,Zack Snyder,Sarah Polley|Ving Rhames|Jake Weber|Mekhi Phifer|Ty Burrell,2004,6.8,1016
2018,The Wedding Planner,Comedy,Adam Shankman,Jennifer Lopez|Matthew McConaughey|Justin Chambers|Joanna Gleason|Lou Myers,2001,5.5,427
192577,Space Pirate Captain Harlock,Animation|Science Fiction,Shinji Aramaki,Shun Oguri|Haruma Miura|Yu Aoi|Arata Furuta|Ayano Fukuda,2013,6.5,356
9428,The Royal Tenenbaums,Comedy|Drama,Wes Anderson,Gene Hackman|Anjelica Huston|Ben Stiller|Gwyneth Paltrow|Luke Wilson,2001,7.4,1286
2832,Identity,Mystery|Thriller,James Mangold,John Cusack|Ray Liotta|Amanda Peet|John Hawkes|Alfred Molina,2003,7.1,1061
137093,Last Vegas,Comedy,Jon Turteltaub,Robert De Niro|Morgan Freeman|Michael Douglas|Kevin Kline|Mary Steenburgen,2013,6.4,799
699,For Your Eyes Only,Adventure|Action|Thriller,John Glen,Roger Moore|Carole Bouquet|Chaim Topol|Lynn-Holly Johnson|Julian Glover,1981,6.3,490
9778,Serendipity,Comedy|Romance,Peter Chelsom,John Cusack|Kate Beckinsale|Jeremy Piven|Bridget Moynahan|Eugene Levy,2001,6.6,521
8831,Timecop,Thriller|Science Fiction|Action|Crime,Peter Hyams,Jean-Claude Van Damme|Mia Sara|Ron Silver|Bruce McGill|Gloria Reuben,1994,5.5,282
9398,Zoolander,Comedy,Ben Stiller,Ben Stiller|Owen Wilson|Christine Taylor|Will Ferrell|Milla Jovovich,2001,6.1,1337
112949,Safe Haven,Romance,Lasse Hallström,Julianne Hough|Josh Duhamel|Cobie Smulders|David Lyons|Mike Pniewski,2013,6.9,823
10439,Hocus Pocus,Comedy|Family|Fantasy,Kenny Ortega,Bette Midler|Sarah Jessica Parker|Kathy Najimy|Omri Katz|Thora Birch,1993,6.4,471
3638,No Reservations,Comedy,Scott Hicks,Catherine Zeta-Jones|Aaron Eckhart|Abigail Breslin|Patricia Clarkson|Jenny Wade,2007,6.1,327
23483,Kick-Ass,Action|Crime,Matthew Vaughn,Aaron Taylor-Johnson|Chloë Grace Moretz|Christopher Mintz-Plasse|Nicolas Cage|Mark Strong,2010,7.1,4645
62206,30 Minutes or Less,Action|Adventure|Comedy,Ruben Fleischer,Jesse Eisenberg|Danny McBride|Aziz Ansari|Bianca Kajlich|Nick Swardson,2011,5.6,531
10577,Dracula 2000,Thriller|Horror,Patrick Lussier,Gerard Butler|Christopher Plummer|Jonny Lee Miller|Justine Waddell|Jennifer Esposito,2000,4.6,148
218778,"Alexander and the Terrible, Horrible, No Good, Very Bad Day",Family|Comedy,Miguel Arteta,Steve Carell|Jennifer Garner|Ed Oxenbould|Dylan Minnette|Kerris Dorsey,2014,6.1,493
4348,Pride & Prejudice,Drama|Romance,Joe Wright,Keira Knightley|Matthew Macfadyen|Rosamund Pike|Simon Woods|Donald Sutherland,2005,7.7,1358
78,Blade Runner,Science Fiction|Drama|Thriller,Ridley Scott,Harrison Ford|Rutger Hauer|Sean Young|Edward James Olmos|M. Emmet Walsh,1982,7.9,3509
11780,Rob Roy,Adventure,Michael Caton-Jones,Liam Neeson|Jessica Lange|John Hurt|Tim Roth|Eric Stoltz,1995,6.5,148
192102,3 Days to Kill,Action|Drama|Thriller|Crime,McG,Kevin Costner|Amber Heard|Hailee Steinfeld|Connie Nielsen|Tómas Lemarquis,2014,6.0,883
2001,We Own the Night,Drama|Crime|Thriller,James Gray,Joaquin Phoenix|Eva Mendes|Alex Veadov|Mark Wahlberg|Robert Duvall,2007,6.5,323
10383,Lost Souls,Horror|Thriller,Janusz Kamiński,Winona Ryder|Ben Chaplin|Sarah Wynter|Philip Baker Hall|John Hurt,2000,4.5,38
11516,Winged Migration,Documentary,Jacques Perrin,Philippe Labro|Jacques Perrin,2001,7.0,49
10025,Just My Luck,Comedy|Drama|Family|Fantasy|Romance,Donald Petrie,Lindsay Lohan|Samaire Armstrong|Chris Pine|Missi Pyle|Makenzie Vega Norfolk,2006,5.8,491
15198,"Mystery, Alaska",Drama|Comedy,Jay Roach,Russell Crowe|Hank Azaria|Mary McCormack|Burt Reynolds|Colm Meaney,1999,6.0,69
23172,The Spy Next Door,Action|Comedy|Family,Brian Levant,Amber Valletta|Lucas Till|Jackie Chan|Billy Ray Cyrus|George Lopez,2010,5.5,345
17834,A Simple Wish,Adventure|Comedy|Family|Fantasy,Michael Ritchie,Martin Short|Kathleen Turner|Mara Wilson|Robert Pastorelli|Deborah Odell,1997,5.5,46
10016,Ghosts of Mars,Action|Horror|Science Fiction,John Carpenter,Natasha Henstridge|Ice Cube|Jason Statham|Clea DuVall|Pam Grier,2001,4.8,296
10317,Our Brand Is Crisis,Comedy|Drama,David Gordon Green,Sandra Bullock|Anthony Mackie|Billy Bob Thornton|Zoe Kazan|Scoot McNairy,2015,5.8,195
58431,Pride and Prejudice and Zombies,Romance|Horror|Comedy|Thriller,Burr Steers,Lily James|Sam Riley|Jack Huston|Bella Heathcote|Douglas Booth,2016,5.5,640
9746,Kundun,Drama,Martin Scorsese,Tenzin Thuthob Tsarong|Tencho Gyalpo|Tsewang Migyur Khangsar|Gyurme Tethong|Robert Lin,1997,6.8,91
13092,How to Lose Friends & Alienate People,Comedy|Romance|Drama,Robert B. Weide,Kelan Pannell|Janette Scott|Simon Pegg|Megan Fox|Gillian Anderson,2008,6.2,244
59859,Kick-Ass 2,Action|Adventure|Crime,Jeff Wadlow,Aaron Taylor-Johnson|Chloë Grace Moretz|Christopher Mintz-Plasse|Clark Duke|Jim Carrey,2013,6.3,2224
13495,Alatriste,Action,Agustín Díaz Yanes,Viggo Mortensen|Elena Anaya|Unax Ugalde|Eduard Fernández|Eduardo Noriega,2006,5.6,61
254473,Brick Mansions,Action|Crime|Drama,Camille Delamarre,Paul Walker|David Belle|RZA|Robert Maillet|Carlo Rota,2014,5.7,615
700,Octopussy,Adventure|Action|Thriller,John Glen,Roger Moore|Maud Adams|Louis Jourdan|Kristina Wayborn|Kabir Bedi,1983,6.2,527
4964,Knocked Up,Comedy|Romance|Drama,Judd Apatow,Seth Rogen|Katherine Heigl|Leslie Mann|Paul Rudd|Jason Segel,2007,6.2,1214
10024,My Sister's Keeper,Drama,Nick Cassavetes,Cameron Diaz|Alec Baldwin|Abigail Breslin|Joan Cusack|Sofia Vassilieva,2009,7.1,598
13490,Welcome Home Roscoe Jenkins,Comedy|Drama,Malcolm D. Lee,Martin Lawrence|James Earl Jones|Margaret Avery|Joy Bryant|Cedric the Entertainer,2008,5.7,57
15927,A Passage to India,Drama|Adventure|History,David Lean,Judy Davis|Alec Guinness|Peggy Ashcroft|James Fox|Victor Banerjee,1984,6.9,67
1259,Notes on a Scandal,Drama|Romance,Richard Eyre,Judi Dench|Cate Blanchett|Bill Nighy|Juno Temple|Max Lewis,2006,6.9,235
5125,Rendition,Drama|Thriller,Gavin Hood,Omar Metwally|Reese Witherspoon|Jake Gyllenhaal|Moa Khouas|Zineb Oukach,2007,6.2,205
174,Star Trek VI: The Undiscovered Country,Science Fiction|Action|Adventure|Thriller,Nicholas Meyer,William Shatner|Leonard Nimoy|DeForest Kelley|James Doohan|George Takei,1991,6.7,413
9583,Divine Secrets of the Ya-Ya Sisterhood,Comedy|Drama|Romance,Callie Khouri,Sandra Bullock|Ellen Burstyn|Fionnula Flanagan|James Garner|Cherry Jones,2002,5.6,65
9437,Kiss the Girls,Drama|Mystery|Thriller|Crime,Gary Fleder,Morgan Freeman|Ashley Judd|Cary Elwes|Alex McArthur|Tony Goldwyn,1997,6.2,345
525,The Blues Brothers,Music|Comedy|Action|Crime,John Landis,Dan Aykroyd|John Belushi|James Brown|Cab Calloway|Ray Charles,1980,7.5,1065
10188,The Sisterhood of the Traveling Pants 2,Adventure|Comedy|Drama|Family,Sanaa Hamri,Alexis Bledel|Amber Tamblyn|America Ferrera|Blake Lively|Rachel Nichols,2008,6.0,238
63574,Joyful Noise,Comedy|Music,Todd Graff,Queen Latifah|Dolly Parton|Keke Palmer|Jeremy Jordan|Courtney B. Vance,2012,6.7,33
245,About a Boy,Drama|Comedy|Romance,Chris Weitz,Hugh Grant|Nicholas Hoult|Toni Collette|Rachel Weisz|Sharon Small,2002,6.6,607
9825,Lake Placid,Horror|Comedy|Action|Science Fiction|Thriller,Steve Miner,Bill Pullman|Bridget Fonda|Oliver Platt|Brendan Gleeson|Betty White,1999,5.5,247
186,Lucky Number Slevin,Drama|Thriller|Crime|Mystery,Paul McGuigan,Josh Hartnett|Bruce Willis|Lucy Liu|Morgan Freeman|Ben Kingsley,2006,7.4,1323
9549,The Right Stuff,Drama|History,Philip Kaufman,Fred Ward|Dennis Quaid|Ed Harris|Scott Glenn|Sam Shepard,1983,7.3,235
61891,Anonymous,Drama|History|Thriller,Roland Emmerich,Jamie Campbell Bower|Rhys Ifans|David Thewlis|Joely Richardson|Vanessa Redgrave,2011,6.3,288
34584,The NeverEnding Story,Drama|Family|Fantasy|Adventure,Wolfgang Petersen,Barret Oliver|Gerald McRaney|Noah Hathaway|Drum Garrett|Darryl Cooksey,1984,7.0,1002
2666,Dark City,Mystery|Science Fiction,Alex Proyas,Rufus Sewell|William Hurt|Kiefer Sutherland|Jennifer Connelly|Richard O'Brien,1998,7.2,828
12783,The Duchess,Drama|History|Romance,Saul Dibb,Keira Knightley|Ralph Fiennes|Aidan McArdle|Simon McBurney|Charlotte Rampling,2008,6.7,396
13155,Return to Oz,Adventure|Family|Fantasy,Walter Murch,Fairuza Balk|Nicol Williamson|Jean Marsh|Piper Laurie|Matt Clark,1985,6.7,120
42807,The Newton Boys,Crime|Action|Drama,Richard Linklater,Matthew McConaughey|Skeet Ulrich|Ethan Hawke|Vincent D'Onofrio|Gail Cronauer,1998,5.9,44
28355,Case 39,Horror|Mystery|Thriller,Christian Alvart,Renée Zellweger|Jodelle Ferland|Ian McShane|Kerry O'Malley|Callum Keith Rennie,2009,6.1,563
8080,Suspect Zero,Crime|Thriller,E. Elias Merhige,Carrie-Anne Moss|Aaron Eckhart|Ben Kingsley|Harry Lennix|Kevin Chamberlin,2004,5.5,98
5126,Martian Child,Drama,Menno Meyjes,John Cusack|Bobby Coleman|Amanda Peet|Joan Cusack|Oliver Platt,2007,6.8,79
56288,Spy Kids: All the Time in the World,Family|Comedy|Action,Robert Rodriguez,Jessica Alba|Mason Cook|Rowan Blanchard|Joel McHale|Jeremy Piven,2011,4.4,222
303858,Money Monster,Thriller,Jodie Foster,George Clooney|Julia Roberts|Jack O'Connell|Caitriona Balfe|Dominic West,2016,6.5,1068
1613,The 51st State,Thriller|Action|Comedy|Crime,Ronny Yu,Samuel L. Jackson|Robert Carlyle|Emily Mortimer|Meat Loaf|Rhys Ifans,2001,5.9,173
31582,Flawless,Comedy|Drama,Joel Schumacher,Robert De Niro|Philip Seymour Hoffman|Barry Miller|Chris Bauer|Skipp Sudduth,1999,5.9,56
16617,Mindhunters,Mystery|Thriller|Crime,Renny Harlin,LL Cool J|Jonny Lee Miller|Kathryn Morris|Patricia Velásquez|Clifton Collins Jr,2004,6.3,333
8944,What Just Happened,Comedy|Drama,Barry Levinson,Bruce Willis|Robert De Niro|Sean Penn|Robin Wright|Stanley Tucci,2008,5.2,127
41488,The Statement,Drama|Thriller,Norman Jewison,Michael Caine|Tilda Swinton|Jeremy Northam|Alan Bates|Charlotte Rampling,2003,5.9,23
37028,The Magic Flute,Comedy|Drama|Music,Kenneth Branagh,Joseph Kaiser|Amy Carson|René Pape|Lyubov Petrova|Benjamin Jay Davis,2006,6.9,6
14560,Paul Blart: Mall Cop,Action|Adventure|Comedy|Family,Steve Carr,Kevin James|Keir O'Donnell|Jayma Mays|Raini Rodriguez|Shirley Knight,2009,5.2,788
10330,Freaky Friday,Comedy,Mark Waters,Jamie Lee Curtis|Lindsay Lohan|Mark Harmon|Harold Gould|Haley Hudson,2003,6.0,879
6957,The 40 Year Old Virgin,Comedy|Romance,Judd Apatow,Steve Carell|Catherine Keener|Paul Rudd|Romany Malco|Seth Rogen,2005,6.2,1983
1934,Shakespeare in Love,Romance|History,John Madden,Joseph Fiennes|Gwyneth Paltrow|Geoffrey Rush|Tom Wilkinson|Judi Dench,1998,6.8,796
169917,A Walk Among the Tombstones,Crime|Drama|Mystery|Thriller,Scott Frank,Liam Neeson|Dan Stevens|David Harbour|Boyd Holbrook|Adam David Thompson,2014,6.2,1131
951,Kindergarten Cop,Comedy,Ivan Reitman,Arnold Schwarzenegger|Penelope Ann Miller|Pamela Reed|Linda Hunt|Richard Tyson,1990,5.8,628
10189,Pineapple Express,Action|Comedy,David Gordon Green,Seth Rogen|James Franco|Danny McBride|Gary Cole|Rosie Perez,2008,6.6,1148
9454,Ever After: A Cinderella Story,Drama|Romance|Comedy,Andy Tennant,Drew Barrymore|Dougray Scott|Anjelica Huston|Megan Dodds|Melanie Lynskey,1998,6.8,399
2055,Open Range,Western,Kevin Costner,Kevin Costner|Robert Duvall|Michael Gambon|Michael Jeter|Diego Luna,2003,7.0,262
1551,Flatliners,Drama|Horror|Science Fiction|Thriller,Joel Schumacher,Kiefer Sutherland|Julia Roberts|Kevin Bacon|William Baldwin|Oliver Platt,1990,6.3,404
5902,A Bridge Too Far,Drama|History|War,Richard Attenborough,Dirk Bogarde|James Caan|Michael Caine|Sean Connery|Edward Fox,1977,6.9,207
11460,Red Eye,Horror|Thriller,Wes Craven,Rachel McAdams|Cillian Murphy|Brian Cox|Jayma Mays|Jack Scalia,2005,6.2,455
9358,Final Destination 2,Horror|Mystery,David R. Ellis,Ali Larter|A.J. Cook|Michael Landes|Tony Todd|Keegan Connor Tracy,2003,5.9,1023
134,"O Brother, Where Art Thou?",Action|Adventure|Comedy,Joel Coen,George Clooney|John Turturro|Tim Blake Nelson|John Goodman|Holly Hunter,2000,7.3,1112
22894,Legion,Horror,Scott Stewart,Paul Bettany|Dennis Quaid|Kevin Durand|Kate Walsh|Doug Jones,2010,5.2,629
134374,Pain & Gain,Thriller|Crime|Action,Michael Bay,Mark Wahlberg|Dwayne Johnson|Anthony Mackie|Tony Shalhoub|Ed Harris,2013,6.1,1573
1901,In Good Company,Comedy|Drama|Romance,Paul Weitz,Topher Grace|Scarlett Johansson|Dennis Quaid|Marg Helgenberger|David Paymer,2004,5.9,194
15028,Clockstoppers,Adventure|Family|Science Fiction|Thriller,Jonathan Frakes,Jesse Bradford|Paula Garcés|Robin Thomas|French Stewart|Michael Biehn,2002,4.9,89
11509,Silverado,Action|Crime|Drama|Western,Lawrence Kasdan,Kevin Kline|Scott Glenn|Kevin Costner|Danny Glover|Brian Dennehy,1985,7.1,146
7445,Brothers,Drama|Thriller|War,Jim Sheridan,Tobey Maguire|Jake Gyllenhaal|Natalie Portman|Sam Shepard|Mare Winningham,2009,6.8,633
17047,Agent Cody Banks 2: Destination London,Comedy,Kevin Allen,Frankie Muniz|Anthony Anderson|Hannah Spearritt|Alfie Allen|Cynthia Stevenson,2004,5.2,144
62838,New Year's Eve,Comedy|Romance,Garry Marshall,Robert De Niro|Katherine Heigl|Ashton Kutcher|Carla Gugino|Lea Michele,2011,5.7,718
2057,Original Sin,Drama|Thriller|Mystery|Romance,Michael Cristofer,Angelina Jolie|Antonio Banderas|Gregory Itzin|Jack Thompson|Allison Mackie,2001,5.8,198
70436,The Raven,Crime|Thriller|Mystery,James McTeigue,John Cusack|Luke Evans|Alice Eve|Brendan Gleeson|Kevin McNally,2012,6.1,426
16784,Welcome to Mooseport,Comedy,Donald Petrie,Ray Romano|Gene Hackman|Marcia Gay Harden|Maura Tierney|June Squibb,2004,4.8,54
8011,Highlander: The Final Dimension,Action|Fantasy|Science Fiction,Andrew Morahan,Christopher Lambert|Mario Van Peebles|Deborah Kara Unger|Mako|Martin Neufeld,1994,4.5,110
31640,Blood and Wine,Crime|Drama|Thriller,Bob Rafelson,Jack Nicholson|Stephen Dorff|Jennifer Lopez|Judy Davis|Michael Caine,1996,5.5,34
9092,Snow White: A Tale of Terror,Fantasy|Horror,Michael Cohn,Sigourney Weaver|Sam Neill|Monica Keena|Gil Bellows|Brian Glover,1997,6.0,62
2779,The Curse of the Jade Scorpion,Comedy|Crime|Mystery|Romance|Thriller,Woody Allen,Dan Aykroyd|Helen Hunt|Woody Allen|Charlize Theron|David Ogden Stiers,2001,6.5,165
316002,Accidental Love,Romance|Comedy,David O. Russell,Jake Gyllenhaal|Jessica Biel|James Marsden|Catherine Keener|Paul Reubens,2015,3.9,95
36355,Flipper,Adventure|Family,Alan Shapiro,Elijah Wood|Paul Hogan|Jonathan Banks|Jason Fuchs|Robert Deacon,1996,5.3,84
238615,Self/less,Science Fiction|Mystery|Thriller,Tarsem Singh,Ryan Reynolds|Ben Kingsley|Natalie Martinez|Matthew Goode|Michelle Dockery,2015,6.3,1091
1985,The Constant Gardener,Drama|Mystery|Thriller,Fernando Meirelles,Ralph Fiennes|Rachel Weisz|Danny Huston|Bill Nighy|Donald Sumpter,2005,6.8,417
615,The Passion of the Christ,Drama,Mel Gibson,Jim Caviezel|Maia Morgenstern|Monica Bellucci|Rosalinda Celentano|Sergio Rubini,2004,6.9,864
788,Mrs. Doubtfire,Comedy|Drama|Family,Chris Columbus,Robin Williams|Sally Field|Pierce Brosnan|Harvey Fierstein|Polly Holliday,1993,7.0,1591
380,Rain Man,Drama,Barry Levinson,Dustin Hoffman|Tom Cruise|Valeria Golino|Gerald R. Molen|Jack Murdock,1988,7.6,1709
13223,Gran Torino,Drama,Clint Eastwood,Clint Eastwood|Christopher Carley|Bee Vang|Ahney Her|Brian Haley,2008,7.8,3086
10523,W.,Drama|History,Oliver Stone,Josh Brolin|Elizabeth Banks|Ellen Burstyn|Ioan Gruffudd|Thandie Newton,2008,6.1,143
8681,Taken,Action|Thriller,Pierre Morel,Liam Neeson|Famke Janssen|Maggie Grace|Katie Cassidy|Holly Valance,2008,7.2,4369
239571,The Best of Me,Drama|Romance,Michael Hoffman,Michelle Monaghan|James Marsden|Liana Liberato|Luke Bracey|Gerald McRaney,2014,7.2,765
619,The Bodyguard,Thriller|Action|Drama|Music|Romance,Mick Jackson,Whitney Houston|Kevin Costner|Michele Lamar Richards|Ralph Waite|Gary Kemp,1992,6.1,661
424,Schindler's List,Drama|History|War,Steven Spielberg,Liam Neeson|Ben Kingsley|Ralph Fiennes|Caroline Goodall|Jonathan Sagall,1993,8.3,4329
50014,The Help,Drama,Tate Taylor,Emma Stone|Viola Davis|Octavia Spencer|Bryce Dallas Howard|Jessica Chastain,2011,7.8,1910
162903,The Fifth Estate,Drama|Thriller,Bill Condon,Benedict Cumberbatch|Daniel Brühl|Anthony Mackie|David Thewlis|Alicia Vikander,2013,5.7,364
11024,Scooby-Doo 2: Monsters Unleashed,Mystery|Fantasy|Adventure|Comedy,Raja Gosnell,Freddie Prinze Jr.|Sarah Michelle Gellar|Matthew Lillard|Linda Cardellini|Seth Green,2004,5.4,500
208763,Forbidden Kingdom,Thriller|Adventure|Mystery|Fantasy,Oleg Stepchenko,Jason Flemyng|Aleksey Chadov|Agniya Ditkovskite|Yuriy Tsurilo|Olga Zaytseva,2014,4.9,71
6466,Freddy vs. Jason,Horror,Ronny Yu,Robert Englund|Ken Kirzinger|Jason Ritter|Monica Keena|Lochlyn Munro,2003,5.8,594
254024,The Face of an Angel,Thriller|Drama,Michael Winterbottom,Kate Beckinsale|Cara Delevingne|Daniel Brühl|Ava Acres|Corrado Invernizzi,2014,4.7,64
12589,Jimmy Neutron: Boy Genius,Action|Adventure|Animation|Comedy|Family|Fantasy|Science Fiction,John A. Davis,Debi Derryberry|Megan Cavanagh|Mark DeCarlo|Jeffrey Garcia|Patrick Stewart,2001,5.6,231
7191,Cloverfield,Action|Thriller|Science Fiction,Matt Reeves,Lizzy Caplan|Jessica Lucas|Odette Annable|Michael Stahl-David|Mike Vogel,2008,6.4,2251
1497,Teenage Mutant Ninja Turtles II: The Secret of the Ooze,Science Fiction|Adventure|Action|Comedy|Family,Michael Pressman,Paige Turco|David Warner|Michelan Sisti|Leif Tilden|Kenn Scott,1991,5.8,286
117,The Untouchables,Crime|Drama|History|Thriller,Brian De Palma,Kevin Costner|Sean Connery|Charles Martin Smith|Andy García|Robert De Niro,1987,7.6,1384
6977,No Country for Old Men,Crime|Drama|Thriller,Joel Coen,Tommy Lee Jones|Javier Bardem|Josh Brolin|Woody Harrelson|Kelly Macdonald,2007,7.7,3003
168530,Ride Along,Action|Comedy,Tim Story,Ice Cube|Kevin Hart|John Leguizamo|Bruce McGill|Tika Sumpter,2014,6.1,853
634,Bridget Jones's Diary,Comedy|Romance|Drama,Sharon Maguire,Renée Zellweger|Colin Firth|Hugh Grant|Gemma Jones|Jim Broadbent,2001,6.5,1356
392,Chocolat,Comedy|Drama|Romance,Lasse Hallström,Juliette Binoche|Alfred Molina|Johnny Depp|Judi Dench|Leslie Caron,2000,6.8,951
10327,"Legally Blonde 2: Red, White & Blonde",Comedy,Charles Herman-Wurmfeld,Reese Witherspoon|Sally Field|Regina King|Jennifer Coolidge|James Newman,2003,5.1,377
88042,Parental Guidance,Comedy,Andy Fickman,Billy Crystal|Bette Midler|Marisa Tomei|Tom Everett Scott|Bailee Madison,2012,5.7,210
41630,No Strings Attached,Comedy|Romance,Ivan Reitman,Natalie Portman|Ashton Kutcher|Kevin Kline|Cary Elwes|Greta Gerwig,2011,6.1,1331
11969,Tombstone,Action|Adventure|Drama|History|Western,George P. Cosmatos,Kurt Russell|Val Kilmer|Sam Elliott|Bill Paxton|Powers Boothe,1993,7.4,626
2085,Romeo Must Die,Action|Crime|Thriller,Andrzej Bartkowiak,Jet Li|Aaliyah|Isaiah Washington|Russell Wong|DMX,2000,6.0,330
794,The Omen,Horror|Thriller,Richard Donner,Gregory Peck|Lee Remick|David Warner|Billie Whitelaw|Harvey Stephens,1976,7.2,476
9286,Final Destination 3,Horror|Mystery,James Wong,Mary Elizabeth Winstead|Ryan Merriman|Kris Lemche|Alexz Johnson|Sam Easton,2006,5.8,974
77877,The Lucky One,Drama|Romance,Scott Hicks,Zac Efron|Blythe Danner|Taylor Schilling|Jay R. Ferguson|Riley Thomas Stewart,2012,6.8,946
1265,Bridge to Terabithia,Adventure|Drama|Family,Gábor Csupó,Josh Hutcherson|AnnaSophia Robb|Robert Patrick|Zooey Deschanel|Bailee Madison,2007,7.0,1113
866,Finding Neverland,Drama,Marc Forster,Johnny Depp|Kate Winslet|Julie Christie|Dustin Hoffman|Freddie Highmore,2004,7.2,1223
175555,A Madea Christmas,Comedy|Drama,Tyler Perry,Tyler Perry|Anna Maria Horsford|Tika Sumpter|Eric Lively|Chad Michael Murray,2013,7.0,35
75174,The Grey,Action|Drama|Thriller,Joe Carnahan,Liam Neeson|Dermot Mulroney|Frank Grillo|Dallas Roberts|Joe Anderson,2012,6.4,1451
11096,Hide and Seek,Horror|Mystery|Thriller,John Polson,Robert De Niro|Dakota Fanning|Famke Janssen|Elisabeth Shue|Amy Irving,2005,6.1,440
8699,Anchorman: The Legend of Ron Burgundy,Comedy,Adam McKay,Will Ferrell|Christina Applegate|Paul Rudd|David Koechner|Steve Carell,2004,6.7,1493
769,GoodFellas,Drama|Crime,Martin Scorsese,Robert De Niro|Ray Liotta|Joe Pesci|Lorraine Bracco|Paul Sorvino,1990,8.2,3128
10923,Agent Cody Banks,Action,Harald Zwart,Frankie Muniz|Hilary Duff|Angie Harmon|Keith David|Cynthia Stevenson,2003,5.0,284
11283,Nanny McPhee,Fantasy|Comedy|Family,Kirk Jones,Emma Thompson|Colin Firth|Kelly Macdonald|Thomas Brodie-Sangster|Eliza Bennett,2005,6.4,711
111,Scarface,Action|Crime|Drama|Thriller,Brian De Palma,Al Pacino|Steven Bauer|Michelle Pfeiffer|Mary Elizabeth Mastrantonio|Robert Loggia,1983,8.0,2948
11676,Nothing to Lose,Action|Adventure|Comedy,Steve Oedekerk,Tim Robbins|Martin Lawrence|John C. McGinley|Kelly Preston|Irma P. Hall,1997,6.3,174
746,The Last Emperor,Drama|History,Bernardo Bertolucci,John Lone|Peter O'Toole|Joan Chen|Dennis Dun|Ryuichi Sakamoto,1987,7.4,355
77866,Contraband,Thriller|Action|Drama|Crime,Baltasar Kormákur,Mark Wahlberg|Kate Beckinsale|Ben Foster|Giovanni Ribisi|J.K. Simmons,2012,6.1,770
9416,Money Talks,Action|Adventure|Comedy,Brett Ratner,Chris Tucker|Charlie Sheen|Heather Locklear|Paul Sorvino|Elise Neal,1997,5.9,87
7345,There Will Be Blood,Drama,Paul Thomas Anderson,Daniel Day-Lewis|Paul Dano|Dillon Freasier|Ciarán Hinds|Kevin J. O'Connor,2007,7.9,1537
14317,The Wild Thornberrys Movie,Animation|Adventure|Family,Cathy Malkasian,Lacey Chabert|Tom Kane|Cree Summer|Tim Curry|Lynn Redgrave,2002,5.8,44
20694,Rugrats Go Wild,Animation|Family,Norton Virgien,E.G. Daily|Nancy Cartwright|Kath Soucie|Dionne Quan|Tim Curry,2003,5.6,61
12277,Undercover Brother,Action|Comedy,Malcolm D. Lee,Eddie Griffin|Chris Kattan|Denise Richards|Aunjanue Ellis|Chi McBride,2002,5.5,112
9779,The Sisterhood of the Traveling Pants,Drama|Comedy,Ken Kwapis,Amber Tamblyn|Alexis Bledel|America Ferrera|Blake Lively|Jenna Boyd,2005,6.3,386
2140,Kiss of the Dragon,Action|Crime|Thriller,Chris Nahon,Jet Li|Bridget Fonda|Tchéky Karyo|Max Ryan|Ric Young,2001,6.4,298
12620,The House Bunny,Romance|Comedy,Fred Wolf,Anna Faris|Emma Stone|Kat Dennings|Katharine McPhee|Rumer Willis,2008,5.6,529
14177,Beauty Shop,Comedy|Romance,Bille Woodruff,Queen Latifah|Alicia Silverstone|Andie MacDowell|Alfre Woodard|Mena Suvari,2005,5.4,115
198185,Million Dollar Arm,Drama,Craig Gillespie,Jon Hamm|Bill Paxton|Lake Bell|Suraj Sharma|Aasif Mandvi,2014,6.6,259
227156,The Giver,Drama|Science Fiction,Phillip Noyce,Jeff Bridges|Meryl Streep|Brenton Thwaites|Odeya Rush|Alexander Skarsgård,2014,6.4,1798
10735,What a Girl Wants,Comedy,Dennie Gordon,Amanda Bynes|Colin Firth|Kelly Preston|Jonathan Pryce|Oliver James,2003,5.8,368
11351,Jeepers Creepers 2,Horror|Thriller,Victor Salva,Ray Wise|Jonathan Breck|Garikayi Mutambirwa|Eric Nenninger|Josh Hammond,2003,5.5,299
10030,Good Luck Chuck,Comedy|Drama|Romance,Mark Helfrich,Dane Cook|Jessica Alba|Dan Fogler|Ellia English|Lonny Ross,2007,5.5,444
10623,Cradle 2 the Grave,Action|Crime|Drama,Andrzej Bartkowiak,Jet Li|DMX|Kelly Hu|Anthony Anderson|Tom Arnold,2003,5.8,236
590,The Hours,Drama,Stephen Daldry,Nicole Kidman|Julianne Moore|Meryl Streep|Stephen Dillane|Miranda Richardson,2002,7.0,451
9655,She's the Man,Comedy|Drama|Family|Romance,Andy Fickman,Amanda Bynes|Channing Tatum|Laura Ramsey|Vinnie Jones|David Cross,2006,6.4,671
1268,Mr. Bean's Holiday,Family|Comedy,Steve Bendelack,Rowan Atkinson|Max Baldry|Emma de Caunes|Willem Dafoe|Karel Roden,2007,6.1,663
11237,Anacondas: The Hunt for the Blood Orchid,Adventure|Action|Horror|Science Fiction|Thriller,Dwight H. Little,Johnny Messner|KaDee Strickland|Matthew Marsden|Nicholas Gonzalez|Eugene Byrd,2004,4.9,199
190955,Blood Ties,Thriller|Crime|Drama,Guillaume Canet,Clive Owen|Billy Crudup|Marion Cotillard|Mila Kunis|Zoe Saldana,2013,6.0,171
5123,August Rush,Drama,Kirsten Sheridan,Freddie Highmore|Keri Russell|Jonathan Rhys Meyers|Terrence Howard|Robin Williams,2007,7.1,797
4518,Elizabeth,Drama|History,Shekhar Kapur,Cate Blanchett|Geoffrey Rush|Christopher Eccleston|Joseph Fiennes|Richard Attenborough,1998,7.1,334
11932,Bride of Chucky,Horror|Comedy,Ronny Yu,Ed Gale|Jennifer Tilly|Brad Dourif|Katherine Heigl|Nick Stabile,1998,5.5,350
11165,Tora! Tora! Tora!,History|Action|Drama|Adventure|War,Richard Fleischer,Martin Balsam|Sô Yamamura|Joseph Cotten|Tatsuya Mihashi|E.G. Marshall,1970,6.9,147
6116,Spice World,Adventure|Fantasy|Drama|Comedy|Music,Bob Spiers,Victoria Beckham|Melanie Brown|Emma Bunton|Melanie Chisholm|Geri Halliwell,1997,4.7,123
57431,The Sitter,Comedy,David Gordon Green,Sam Rockwell|Jonah Hill|Max Records|Ari Graynor|J.B. Smoove,2011,5.4,325
21724,Dance Flick,Action|Comedy|Music,Damien Dante Wayans,Shoshana Bush|Damon Wayans Jr.|Essence Atkins|Chris Elliott|David Alan Grier,2009,4.7,71
278,The Shawshank Redemption,Drama|Crime,Frank Darabont,Tim Robbins|Morgan Freeman|Bob Gunton|Clancy Brown|Mark Rolston,1994,8.5,8205
9290,Crocodile Dundee in Los Angeles,Adventure|Comedy,Simon Wincer,Paul Hogan|Linda Kozlowski|Jere Burns|Jonathan Banks|Alec Wilson,2001,4.7,146
11543,Kingpin,Comedy,Bobby Farrelly,Woody Harrelson|Randy Quaid|Vanessa Angel|Bill Murray|Chris Elliott,1996,6.7,244
284536,The Gambler,Thriller|Crime|Drama,Rupert Wyatt,Mark Wahlberg|John Goodman|Brie Larson|Michael Kenneth Williams|Jessica Lange,2014,5.7,543
152737,August: Osage County,Comedy|Drama,John Wells,Meryl Streep|Julia Roberts|Chris Cooper|Ewan McGregor|Margo Martindale,2013,6.9,483
13374,Ice Princess,Drama|Comedy|Family,Tim Fywell,Michelle Trachtenberg|Joan Cusack|Amy Stewart|Hayden Panettiere|Kim Cattrall,2005,5.9,185
8976,A Lot Like Love,Comedy,Nigel Cole,Ashton Kutcher|Amanda Peet|Aimee Garcia|Taryn Manning|Ali Larter,2005,6.5,318
319888,Eddie the Eagle,Comedy|Drama|History,Dexter Fletcher,Taron Egerton|Hugh Jackman|Christopher Walken|Ania Sowinski|Mads Sjøgård Pettersen,2016,7.2,661
9469,He Got Game,Drama,Spike Lee,Denzel Washington|Ray Allen|Milla Jovovich|Rosario Dawson|Hill Harper,1998,6.7,134
1909,Don Juan DeMarco,Romance|Drama|Comedy,Jeremy Leven,Johnny Depp|Marlon Brando|Faye Dunaway|Géraldine Pailhas|Bob Dishy,1994,6.2,183
22971,Dear John,Drama|Romance|War,Lasse Hallström,Amanda Seyfried|Channing Tatum|Henry Thomas|Richard Jenkins|Scott Porter,2010,6.6,1262
34813,The Losers,Action|Adventure|Crime|Mystery|Thriller,Sylvain White,Jeffrey Dean Morgan|Zoe Saldana|Chris Evans|Idris Elba|Columbus Short,2010,6.2,515
46261,Don't Be Afraid of the Dark,Fantasy|Horror|Thriller,Troy Nixey,Katie Holmes|Guy Pearce|Bailee Madison|Alan Dale|Jack Thompson,2010,5.4,341
10431,War,Action|Thriller|Crime,Philip G. Atwell,Jet Li|Jason Statham|John Lone|Devon Aoki|Luis Guzmán,2007,6.0,414
8051,Punch-Drunk Love,Comedy|Drama|Romance,Paul Thomas Anderson,Adam Sandler|Emily Watson|Philip Seymour Hoffman|Luis Guzmán|Mary Lynn Rajskub,2002,6.9,530
9352,EuroTrip,Comedy,Jeff Schaffer,Scott Mechlowicz|Jacob Pitts|Michelle Trachtenberg|Travis Wester|Vinnie Jones,2004,6.5,656
10167,Half Past Dead,Crime|Action|Thriller,Don Michael Paul,Steven Seagal|Morris Chestnut|Ja Rule|Nia Peeples|Claudia Christian,2002,4.6,82
18147,Unaccompanied Minors,Comedy|Family,Paul Feig,Lewis Black|Wilmer Valderrama|Tyler James Williams|Dyllan Christopher|Brett Kelly,2006,5.4,66
17170,"Bright Lights, Big City",Drama,James Bridges,Michael J. Fox|Kiefer Sutherland|Phoebe Cates|Jason Robards|Dianne Wiest,1988,4.7,28
18975,The Adventures of Pinocchio,Animation|Family|Fantasy,Steve Barron,Martin Landau|Jonathan Taylor Thomas|Geneviève Bujold|Udo Kier|Bebe Neuwirth,1996,5.0,54
15487,The Greatest Game Ever Played,Drama|Family,Bill Paxton,Shia LaBeouf|Stephen Dillane|Josh Flitter|Peter Firth|Peyton List,2005,6.9,110
22825,The Box,Thriller|Science Fiction,Richard Kelly,Cameron Diaz|James Marsden|Frank Langella|Michael Zegen|James Rebhorn,2009,5.4,597
11152,The Ruins,Drama|Horror,Carter Smith,Shawn Ashmore|Jonathan Tucker|Jena Malone|Laura Ramsey|Joe Anderson,2008,5.6,265
1831,The Next Best Thing,Comedy,John Schlesinger,Madonna|Rupert Everett|Benjamin Bratt|Malcolm Stumpf|Josef Sommer,2000,4.3,29
43931,My Soul to Take,Drama|Horror|Mystery|Thriller,Wes Craven,Max Thieriot|John Magaro|Denzel Whitaker|Zena Grey|Nick Lashaway,2010,5.2,147
10591,The Girl Next Door,Comedy,Luke Greenfield,Emile Hirsch|Elisha Cuthbert|Timothy Olyphant|James Remar|Chris Marquette,2004,6.3,824
10861,Maximum Risk,Action|Adventure|Thriller,Ringo Lam,Jean-Claude Van Damme|Natasha Henstridge|Jean-Hugues Anglade|Zach Grenier|Paul Ben-Victor,1996,5.2,101
12770,Stealing Harvard,Action|Comedy|Drama,Bruce McCulloch,Jason Lee|Tom Green|Leslie Mann|Dennis Farina|John C. McGinley,2002,4.4,46
276907,Legend,Crime|Thriller,Brian Helgeland,Tom Hardy|Emily Browning|Christopher Eccleston|David Thewlis|Taron Egerton,2015,6.7,973
10074,Hot Rod,Action|Comedy,Akiva Schaffer,Andy Samberg|Isla Fisher|Bill Hader|Sissy Spacek|Danny McBride,2007,6.3,313
65055,Shark Night,Horror|Thriller,David R. Ellis,Sara Paxton|Chris Carmack|Joel David Moore|Chris Zylka|Dustin Milligan,2011,4.9,132
10397,Angela's Ashes,Drama,Alan Parker,Emily Watson|Robert Carlyle|Joe Breen|Michael Legge|Ciaran Owens,1999,7.0,59
200505,Draft Day,Drama,Ivan Reitman,Kevin Costner|Jennifer Garner|Tom Welling|Sam Elliott|Terry Crews,2014,6.5,304
11954,Lifeforce,Fantasy|Horror|Science Fiction|Thriller,Tobe Hooper,Steve Railsback|Peter Firth|Frank Finlay|Mathilda May|Patrick Stewart,1985,6.2,135
60309,The Conspirator,Crime|Drama|History,Robert Redford,Evan Rachel Wood|James McAvoy|Kevin Kline|Robin Wright|Alexis Bledel,2010,6.2,137
9787,Lords of Dogtown,Drama,Catherine Hardwicke,Emile Hirsch|Victor Rasuk|Rebecca De Mornay|John Robinson|Michael Angarano,2005,7.0,210
293646,The 33,Drama|History,Patricia Riggen,Antonio Banderas|Rodrigo Santoro|Juliette Binoche|James Brolin|Lou Diamond Phillips,2015,6.0,378
6978,Big Trouble in Little China,Action|Adventure|Comedy|Fantasy,John Carpenter,Kurt Russell|Kim Cattrall|Dennis Dun|James Hong|Victor Wong,1986,7.1,705
133698,Fly Me to the Moon,Comedy|Romance,Pascal Chaumeil,Diane Kruger|Dany Boon|Alice Pol|Robert Plagnol|Jonathan Cohen,2012,5.6,194
59440,Warrior,Action|Drama,Gavin O'Connor,Tom Hardy|Jennifer Morrison|Nick Nolte|Joel Edgerton|Frank Grillo,2011,7.7,1272
1770,Michael Collins,Drama|Thriller,Neil Jordan,Liam Neeson|Aidan Quinn|Stephen Rea|Alan Rickman|Julia Roberts,1996,6.7,97
10655,Gettysburg,War|Drama|History,Ronald F. Maxwell,Jeff Daniels|Tom Berenger|Martin Sheen|Sam Elliott|Stephen Lang,1993,6.6,90
8988,Stop-Loss,Drama|War,Kimberly Peirce,Ryan Phillippe|Abbie Cornish|Joseph Gordon-Levitt|Channing Tatum|Josef Sommer,2008,6.1,82
15992,Abandon,Drama|Mystery|Thriller,Stephen Gaghan,Katie Holmes|Benjamin Bratt|Charlie Hunnam|Zooey Deschanel|Fred Ward,2002,4.6,45
17707,Brokedown Palace,Drama|Thriller,Jonathan Kaplan,Claire Danes|Kate Beckinsale|Bill Pullman|Jacqueline Kim|Lou Diamond Phillips,1999,6.2,111
77883,The Possession,Horror|Thriller,Ole Bornedal,Jeffrey Dean Morgan|Natasha Calis|Madison Davenport|Kyra Sedgwick|Rob LaBelle,2012,5.8,498
40001,Mrs. Winterbourne,Comedy|Romance|Drama,Richard Benjamin,Shirley MacLaine|Ricki Lake|Brendan Fraser|Jane Krakowski|Loren Dean,1996,5.3,25
64639,Straw Dogs,Drama|Thriller,Rod Lurie,James Marsden|Kate Bosworth|Alexander Skarsgård|Dominic Purcell|Laz Alonso,2011,5.5,144
9903,The Hoax,Comedy|Drama,Lasse Hallström,Richard Gere|Alfred Molina|Marcia Gay Harden|Hope Davis|Julie Delpy,2006,6.4,60
21338,Stone Cold,Action|Crime|Thriller,Craig R. Baxley,Brian Bosworth|Lance Henriksen|William Forsythe|Arabella Holzbog|Sam McMurray,1991,5.7,34
20766,The Road,Adventure|Drama,John Hillcoat,Viggo Mortensen|Kodi Smit-McPhee|Charlize Theron|Robert Duvall|Guy Pearce,2009,6.8,1087
24264,Sheena,Action|Adventure|Comedy|Fantasy|Science Fiction,John Guillermin,Tanya Roberts|Ted Wass|Donovan Scott|Elizabeth of Toro|France Zobda,1984,5.0,22
19803,Underclassman,Action|Comedy,Marcos Siega,Nick Cannon|Roselyn Sánchez|Shawn Ashmore|Cheech Marin|Kelly Hu,2005,5.5,28
20309,Say It Isn't So,Comedy|Romance,J.B. Rogers,Chris Klein|Heather Graham|Orlando Jones|Sally Field|Richard Jenkins,2001,4.8,47
9912,The World's Fastest Indian,Drama,Roger Donaldson,Anthony Hopkins|Iain Rea|Tessa Mitchell|Aaron Murphy|Tim Shadbolt,2005,7.3,166
9067,Tank Girl,Action|Comedy|Fantasy|Science Fiction,Rachel Talalay,Lori Petty|Ice-T|Naomi Watts|Malcolm McDowell|Iggy Pop,1995,5.5,138
27360,King's Ransom,Comedy|Crime,Jeffrey W. Byrd,Anthony Anderson|Jay Mohr|Kellita Smith|Brooke D'Orsay|Donald Faison,2005,5.1,14
8338,Blindness,Drama|Mystery|Science Fiction|Thriller,Fernando Meirelles,Julianne Moore|Mark Ruffalo|Alice Braga|Gael García Bernal|Danny Glover,2008,6.4,387
168705,BloodRayne,Action|Adventure|Fantasy|Horror,Uwe Boll,Kristanna Loken|Ben Kingsley|Michelle Rodriguez|Michael Madsen|Matthew Davis,2005,3.5,118
72113,Carnage,Comedy|Drama,Roman Polanski,Kate Winslet|Jodie Foster|Christoph Waltz|John C. Reilly|Elvis Polanski,2011,7.0,738
9729,Where the Truth Lies,Drama|Mystery|Thriller,Atom Egoyan,Kevin Bacon|Colin Firth|Alison Lohman|David Hayman|Rachel Blanchard,2005,5.9,66
94352,Cirque du Soleil: Worlds Away,Fantasy|Family,Andrew Adamson,Erica Linz|Igor Zaripov|Matt Gillanders|Jason Berrent|Dallas Barnett,2012,6.1,58
22256,Without Limits,Drama,Robert Towne,Billy Crudup|Donald Sutherland|Monica Potter|Jeremy Sisto|Matthew Lillard,1998,6.2,19
12404,Me and Orson Welles,Comedy|Drama|Romance,Richard Linklater,Zac Efron|Claire Danes|Christian McKay|Imogen Poots|Zoe Kazan,2009,6.6,49
152742,The Best Offer,Drama|Romance|Crime|Mystery,Giuseppe Tornatore,Geoffrey Rush|Jim Sturgess|Sylvia Hoeks|Donald Sutherland|Maximilian Dirr,2013,7.7,704
11699,The Bad Lieutenant: Port of Call - New Orleans,Drama|Crime,Werner Herzog,Nicolas Cage|Eva Mendes|Val Kilmer|Fairuza Balk|Shawn Hatosy,2009,6.0,326
49953,A Turtle's Tale: Sammy's Adventures,Animation|Family,Ben Stassen,Yuri Lowenthal|Gemma Arterton|Isabelle Fuhrman|Melanie Griffith|Tim Curry,2010,5.6,151
48034,Little White Lies,Comedy|Drama,Guillaume Canet,François Cluzet|Marion Cotillard|Benoît Magimel|Gilles Lellouche|Jean Dujardin,2010,7.1,380
39845,Love Ranch,Drama,Taylor Hackford,Helen Mirren|Joe Pesci|Sergio Peris-Mencheta|Gina Gershon|Bai Ling,2010,6.0,21
25353,The True Story of Puss 'n Boots,Family|Adventure|Animation,Jérôme Deschamps,Jérôme Deschamps|Yolande Moreau|Louise Wallon|Arthur Deschamps|Jean-Claude Bolle-Reddat,2009,3.8,7
36696,Space Dogs,Family|Animation,Inna Evlannikova,Anna Bolshova|Evgeny Mironov|Sergey Garmash|Aleksandr Bashirov|Elena Yakovleva,2010,6.3,10
109091,The Counselor,Thriller|Crime|Drama,Ridley Scott,Michael Fassbender|Cameron Diaz|Javier Bardem|Goran Visnjic|Penélope Cruz,2013,5.0,712
38543,Ironclad,Romance|Adventure|Action|History,Jonathan English,James Purefoy|Kate Mara|Jason Flemyng|Paul Giamatti|Brian Cox,2011,6.2,227
33157,Waterloo,History|Action|Drama,Sergey Bondarchuk,Rod Steiger|Christopher Plummer|Orson Welles|Jack Hawkins|Virginia McKenna,1970,7.0,31
290864,Kung Fu Jungle,Crime|Action|Thriller,Teddy Chan,Donnie Yen|Charlie Yeung|Wang Baoqiang|Bai Bing|Deep Ng,2014,6.5,114
242166,Red Sky,Action|Thriller,Mario Van Peebles,Cam Gigandet|Rachael Leigh Cook|Shane West|Bill Pullman|Brian Krause,2014,4.1,26
859,Dangerous Liaisons,Drama|Romance,Stephen Frears,Glenn Close|John Malkovich|Michelle Pfeiffer|Swoosie Kurtz|Keanu Reeves,1988,7.0,257
83770,On the Road,Adventure|Drama,Walter Salles,Garrett Hedlund|Sam Riley|Kristen Stewart|Amy Adams|Tom Sturridge,2012,5.5,301
168,Star Trek IV: The Voyage Home,Science Fiction|Adventure,Leonard Nimoy,William Shatner|Leonard Nimoy|DeForest Kelley|James Doohan|George Takei,1986,6.9,477
1246,Rocky Balboa,Drama,Sylvester Stallone,Sylvester Stallone|Burt Young|Milo Ventimiglia|Geraldine Hughes|James Francis Kelly III,2006,6.5,835
4233,Scream 2,Horror|Mystery,Wes Craven,David Arquette|Neve Campbell|Courteney Cox|Sarah Michelle Gellar|Jamie Kennedy,1997,6.1,840
174751,Jane Got a Gun,Action|Drama|Western,Gavin O'Connor,Natalie Portman|Joel Edgerton|Ewan McGregor|Noah Emmerich|Boyd Holbrook,2016,5.4,285
184098,Think Like a Man Too,Comedy|Romance,Tim Story,Adam Brody|Michael Ealy|Jerry Ferrara|Meagan Good|Regina Hall,2014,6.4,225
2069,The Whole Nine Yards,Comedy|Crime,Jonathan Lynn,Bruce Willis|Matthew Perry|Rosanna Arquette|Michael Clarke Duncan|Kevin Pollak,2000,6.2,531
1788,Footloose,Drama|Family|Music|Romance,Herbert Ross,Kevin Bacon|John Lithgow|Dianne Wiest|Chris Penn|Lori Singer,1984,6.4,505
11635,Old School,Comedy,Todd Phillips,Luke Wilson|Will Ferrell|Vince Vaughn|Ellen Pompeo|Leah Remini,2003,6.6,541
177,The Fisher King,Comedy|Drama,Terry Gilliam,Jeff Bridges|Robin Williams|Mercedes Ruehl|Amanda Plummer|Michael Jeter,1991,7.2,341
3600,I Still Know What You Did Last Summer,Horror|Mystery|Thriller,Danny Cannon,Jennifer Love Hewitt|Freddie Prinze Jr.|Mekhi Phifer|Brandy Norwood|Muse Watson,1998,5.1,374
2621,Return to Me,Romance|Comedy|Drama,Bonnie Hunt,David Duchovny|Minnie Driver|Carroll O'Connor|Robert Loggia|Jim Belushi,2000,6.1,67
10358,Zack and Miri Make a Porno,Comedy,Kevin Smith,Seth Rogen|Elizabeth Banks|Jennifer Schwalbach Smith|Jason Mewes|Gerry Bednob,2008,6.1,721
10480,Nurse Betty,Comedy|Crime|Thriller,Neil LaBute,Renée Zellweger|Morgan Freeman|Chris Rock|Greg Kinnear|Aaron Eckhart,2000,5.9,111
10313,The Men Who Stare at Goats,Comedy|War,Grant Heslov,George Clooney|Ewan McGregor|Jeff Bridges|Kevin Spacey|Robert Patrick,2009,5.9,742
18828,Double Take,Adventure|Drama|Action|Comedy|Romance,George Gallo,Orlando Jones|Eddie Griffin|Garcelle Beauvais|Gary Grubbs|Daniel Roebuck,2001,5.5,24
3558,"Girl, Interrupted",Drama,James Mangold,Winona Ryder|Angelina Jolie|Clea DuVall|Brittany Murphy|Elisabeth Moss,1999,7.6,721
13476,Win a Date with Tad Hamilton!,Comedy|Romance,Robert Luketic,Josh Duhamel|Kate Bosworth|Topher Grace|Nathan Lane|Sean Hayes,2004,5.5,160
10208,Muppets from Space,Fantasy|Comedy|Science Fiction|Family,Tim Hill,Steve Whitmire|Dave Goelz|Bill Barretta|Frank Oz|Jerry Nelson,1999,5.8,92
24961,The Wiz,Adventure|Family|Fantasy|Music,Sidney Lumet,Diana Ross|Michael Jackson|Nipsey Russell|Ted Ross|Theresa Merritt,1978,5.9,58
20697,Ready to Rumble,Action|Comedy|Drama,Brian Robbins,David Arquette|Scott Caan|Oliver Platt|Rose McGowan|Bill Goldberg,2000,4.7,49
20761,Play It to the Bone,Comedy|Drama,Ron Shelton,Antonio Banderas|Woody Harrelson|Lolita Davidovich|Tom Sizemore|Lucy Liu,1999,5.7,53
70868,I Don't Know How She Does It,Romance|Comedy,Douglas McGrath,Sarah Jessica Parker|Pierce Brosnan|Sarah Shahi|Busy Philipps|Olivia Munn,2011,5.0,141
43593,Piranha 3D,Comedy|Horror,Alexandre Aja,Elisabeth Shue|Adam Scott|Jerry O'Connell|Steven R. McQueen|Jessica Szohr,2010,5.3,581
6478,Beyond the Sea,Drama|Music,Kevin Spacey,Kevin Spacey|Kate Bosworth|John Goodman|Bob Hoskins|Brenda Blethyn,2004,6.5,55
40688,Meet the Deedles,Animation|Comedy|Family,Steve Boyum,Paul Walker|John Ashton|Dennis Hopper|Eric Braeden|Richard Lineback,1998,4.1,19
26672,The Thief and the Cobbler,Adventure|Fantasy|Animation|Science Fiction|Family,Richard Williams,Vincent Price|Anthony Quayle|Sean Connery|Joan Sims|Paul Matthews,1993,6.8,26
45881,The Bridge of San Luis Rey,Romance|Drama,Mary McGuckian,Gabriel Byrne|F. Murray Abraham|Kathy Bates|Robert De Niro|Harvey Keitel,2004,5.4,15
41283,Faster,Crime|Drama|Action|Thriller,"George Tillman, Jr.",Dwayne Johnson|Billy Bob Thornton|Maggie Grace|Carla Gugino|Tom Berenger,2010,6.1,568
4935,Howl's Moving Castle,Fantasy|Animation|Adventure,Hayao Miyazaki,Takuya Kimura|Akihiro Miwa|Tatsuya Gashûin|Mitsunori Isaki|Yo Oizumi,2004,8.2,1991
19908,Zombieland,Comedy|Horror,Ruben Fleischer,Jesse Eisenberg|Woody Harrelson|Emma Stone|Abigail Breslin|Amber Heard,2009,7.2,3550
10663,The Waterboy,Comedy,Frank Coraci,Adam Sandler|Kathy Bates|Fairuza Balk|Henry Winkler|Jerry Reed,1998,5.9,512
1891,The Empire Strikes Back,Adventure|Action|Science Fiction,Irvin Kershner,Mark Hamill|Harrison Ford|Carrie Fisher|Billy Dee Williams|Anthony Daniels,1980,8.2,5879
9737,Bad Boys,Action|Comedy|Crime|Thriller,Michael Bay,Will Smith|Martin Lawrence|Téa Leoni|Tchéky Karyo|Joe Pantoliano,1995,6.5,1699
37137,The Naked Gun 2½: The Smell of Fear,Comedy|Crime,David Zucker,Leslie Nielsen|Priscilla Presley|George Kennedy|O.J. Simpson|Robert Goulet,1991,6.6,546
9532,Final Destination,Horror,James Wong,Devon Sawa|Ali Larter|Kerr Smith|Tony Todd|Seann William Scott,2000,6.4,1378
10316,The Ides of March,Drama,George Clooney,Ryan Gosling|George Clooney|Philip Seymour Hoffman|Paul Giamatti|Evan Rachel Wood,2011,6.5,910
2787,Pitch Black,Thriller|Science Fiction|Action,David Twohy,Vin Diesel|Radha Mitchell|Cole Hauser|Lewis Fitz-Gerald|Claudia Black,2000,6.7,1789
12658,Someone Like You...,Comedy|Romance,Tony Goldwyn,Ashley Judd|Greg Kinnear|Hugh Jackman|Marisa Tomei|Ellen Barkin,2001,6.0,118
152601,Her,Romance|Science Fiction|Drama,Spike Jonze,Joaquin Phoenix|Scarlett Johansson|Rooney Mara|Amy Adams|Olivia Wilde,2013,7.9,4097
10866,Joy Ride,Mystery|Thriller|Drama,John Dahl,Steve Zahn|Paul Walker|Leelee Sobieski|Jessica Bowman|Stuart Stone,2001,6.3,325
227707,The Adventurer: The Curse of the Midas Box,Fantasy|Adventure|Family,Jonathan Newman,Aneurin Barnard|Michael Sheen|Lena Headey|Sam Neill|Ioan Gruffudd,2013,5.1,73
21349,Anywhere But Here,Drama|Comedy|Romance,Wayne Wang,Susan Sarandon|Natalie Portman|Hart Bochner|Eileen Ryan|Ray Baker,1999,5.9,66
19150,The Crew,Action|Comedy,Michael Dinner,Richard Dreyfuss|Burt Reynolds|Dan Hedaya|Seymour Cassel|Carrie-Anne Moss,2000,6.4,11
70435,Haywire,Action|Thriller,Steven Soderbergh,Gina Carano|Ewan McGregor|Michael Fassbender|Bill Paxton|Channing Tatum,2011,5.6,505
580,Jaws: The Revenge,Adventure|Thriller,Joseph Sargent,Lorraine Gary|Lance Guest|Mario Van Peebles|Michael Caine|Karen Young,1987,3.5,224
9819,Marvin's Room,Drama,Jerry Zaks,Diane Keaton|Meryl Streep|Leonardo DiCaprio|Robert De Niro|Hume Cronyn,1996,6.6,124
13579,The Longshots,Drama|Family,Fred Durst,Ice Cube|Keke Palmer|Tasha Smith|Jill Marie Jones|Dash Mihok,2008,6.5,11
20024,The End of the Affair,Drama,Neil Jordan,Ralph Fiennes|Stephen Rea|Julianne Moore|James Bolam|Ian Hart,1999,6.6,55
2453,Harley Davidson and the Marlboro Man,Action|Thriller,Simon Wincer,Mickey Rourke|Don Johnson|Chelsea Field|Daniel Baldwin|Giancarlo Esposito,1991,6.1,82
6973,In the Valley of Elah,History|Drama|Thriller|Crime|Mystery,Paul Haggis,Tommy Lee Jones|Charlize Theron|Susan Sarandon|Frances Fisher|James Franco,2007,6.6,261
11156,Coco Before Chanel,Drama|History,Anne Fontaine,Audrey Tautou|Benoît Poelvoorde|Alessandro Nivola|Marie Gillain|Emmanuelle Devos,2009,6.6,246
354110,Forsaken,Western|Drama,Jon Cassar,Demi Moore|Kiefer Sutherland|Donald Sutherland|Brian Cox|Siobhan Williams,2015,5.8,101
22215,Cheri,Drama|Comedy|Romance,Stephen Frears,Michelle Pfeiffer|Kathy Bates|Rupert Friend|Felicity Jones|Iben Hjejle,2009,5.9,56
11632,Vanity Fair,Drama|Romance,Mira Nair,Reese Witherspoon|James Purefoy|Jonathan Rhys Meyers|Romola Garai|Gabriel Byrne,2004,5.5,73
30596,Bodyguards and Assassins,Drama|Action|History,Teddy Chan,Donnie Yen|Wang Xue-qi|Tony Leung Ka-Fai|Nicholas Tse|Hu Jun,2009,6.5,57
3021,1408,Horror|Thriller,Mikael Håfström,John Cusack|Samuel L. Jackson|Mary McCormack|Jasmine Jessica Anthony|Tony Shalhoub,2007,6.5,1343
957,Spaceballs,Comedy|Science Fiction,Mel Brooks,Mel Brooks|Rick Moranis|Bill Pullman|Daphne Zuniga|John Candy,1987,6.7,902
256917,The Water Diviner,War|Drama,Russell Crowe,Russell Crowe|Olga Kurylenko|Yılmaz Erdoğan|Cem Yılmaz|Jai Courtney,2014,6.8,431
251,Ghost,Fantasy|Drama|Thriller|Mystery|Romance,Jerry Zucker,Patrick Swayze|Demi Moore|Whoopi Goldberg|Tony Goldwyn|Vincent Schiavelli,1990,6.9,1339
544,There's Something About Mary,Romance|Comedy,Bobby Farrelly,Cameron Diaz|Ben Stiller|Matt Dillon|Lee Evans|Chris Elliott,1998,6.5,1590
11395,The Santa Clause,Fantasy|Drama|Comedy|Family,John Pasquin,Tim Allen|Judge Reinhold|Wendy Crewson|David Krumholtz|Peter Boyle,1994,6.3,489
14635,The Rookie,Drama|Family,John Lee Hancock,Dennis Quaid|Rachel Griffiths|Beth Grant|Angus T. Jones|Brian Cox,2002,6.5,110
13680,The Game Plan,Comedy|Family,Andy Fickman,Dwayne Johnson|Madison Pettis|Kyra Sedgwick|Roselyn Sánchez|Morris Chestnut,2007,6.0,428
688,The Bridges of Madison County,Drama|Romance,Clint Eastwood,Meryl Streep|Clint Eastwood|Annie Corley|Victor Slezak|Jim Haynie,1995,7.3,385
11090,The Animal,Action|Comedy,Luke Greenfield,Rob Schneider|Colleen Haskell|John C. McGinley|Ed Asner|Guy Torry,2001,4.6,304
783,Gandhi,Drama|History,Richard Attenborough,Ben Kingsley|Candice Bergen|Edward Fox|John Gielgud|Trevor Howard,1982,7.4,716
228194,The Hundred-Foot Journey,Drama,Lasse Hallström,Helen Mirren|Manish Dayal|Om Puri|Charlotte Le Bon|Rohan Chand,2014,7.3,508
1642,The Net,Crime|Drama|Mystery|Thriller|Action,Irwin Winkler,Sandra Bullock|Jeremy Northam|Dennis Miller|Wendy Gazelle|Ken Howard,1995,5.6,354
10950,I Am Sam,Drama,Jessie Nelson,Sean Penn|Michelle Pfeiffer|Dianne Wiest|Dakota Fanning|Richard Schiff,2001,7.2,530
235260,Son of God,Drama,Christopher Spencer,Roma Downey|Diogo Morgado|Louise Delamere|Darwin Shaw|Amber Rose Revah,2014,5.9,83
277,Underworld,Fantasy|Action|Thriller,Len Wiseman,Kate Beckinsale|Scott Speedman|Michael Sheen|Shane Brolly|Bill Nighy,2003,6.6,2512
8999,Derailed,Drama|Thriller,Mikael Håfström,Clive Owen|Jennifer Aniston|Vincent Cassel|Melissa George|Addison Timlin,2005,6.1,319
11323,The Informant!,Drama|Comedy|Crime,Steven Soderbergh,Matt Damon|Scott Bakula|Joel McHale|Melanie Lynskey|Ann Dowd,2009,6.0,301
10445,Shadowlands,Drama|Romance,Richard Attenborough,Anthony Hopkins|Debra Winger|John Wood|Julian Fellowes|Roddy Maude-Roxby,1993,6.8,61
11453,Deuce Bigalow: European Gigolo,Comedy,Mike Bigelow,Rob Schneider|Eddie Griffin|Jeroen Krabbé|Til Schweiger|Hanna Verboom,2005,4.7,225
146239,Delivery Man,Comedy,Ken Scott,Vince Vaughn|Cobie Smulders|Chris Pratt|Britt Robertson|Jack Reynor,2013,6.2,551
205588,Our Kind of Traitor,Thriller,Susanna White,Ewan McGregor|Stellan Skarsgård|Damian Lewis|Naomie Harris|Jeremy Northam,2016,6.0,160
10878,Saving Silverman,Comedy|Crime|Romance,Dennis Dugan,Jason Biggs|Steve Zahn|Jack Black|Amanda Peet|Amanda Detmer,2001,5.4,154
82650,Diary of a Wimpy Kid: Dog Days,Comedy|Family,David Bowers,Zachary Gordon|Robert Capron|Devon Bostick|Rachael Harris|Steve Zahn,2012,6.0,223
10279,Summer of Sam,Thriller|Drama|Crime|Romance,Spike Lee,John Leguizamo|Adrien Brody|Mira Sorvino|Jennifer Esposito|Anthony LaPaglia,1999,6.3,112
2294,Jay and Silent Bob Strike Back,Comedy,Kevin Smith,Kevin Smith|Jason Mewes|Ben Affleck|Jeff Anderson|Brian O'Halloran,2001,6.4,480
2176,The Glass House,Drama|Thriller,Daniel Sackheim,Leelee Sobieski|Diane Lane|Stellan Skarsgård|Bruce Dern|Kathy Baker,2001,5.4,201
270487,"Hail, Caesar!",Comedy|Drama|Mystery,Joel Coen,Josh Brolin|George Clooney|Alden Ehrenreich|Ralph Fiennes|Scarlett Johansson,2016,5.7,1309
19366,Josie and the Pussycats,Comedy|Music,Deborah Kaplan,Rachael Leigh Cook|Rosario Dawson|Tara Reid|Gabriel Mann|Alan Cumming,2001,5.3,72
204082,Homefront,Action|Thriller,Gary Fleder,Jason Statham|James Franco|Izabela Vidovic|Winona Ryder|Rachelle Lefevre,2013,6.4,875
24100,The Little Vampire,Family|Horror,Uli Edel,Richard E. Grant|Jonathan Lipnicki|Jim Carter|Alice Krige|Pamela Gidley,2000,6.1,77
1599,I Heart Huckabees,Comedy|Romance,David O. Russell,Jason Schwartzman|Dustin Hoffman|Lily Tomlin|Jude Law|Mark Wahlberg,2004,6.2,239
5550,RoboCop 3,Action|Adventure|Crime|Science Fiction|Thriller,Fred Dekker,Robert John Burke|Nancy Allen|Mario Machado|Jodi Long|John Posey,1993,4.2,305
30379,Megiddo: The Omega Code 2,Action|Science Fiction|Thriller,Brian Trenchard-Smith,Michael York|Michael Biehn|Diane Venora|R. Lee Ermey|Udo Kier,2001,3.6,8
42586,Darling Lili,Drama|Comedy|Thriller|Music|Romance,Blake Edwards,Julie Andrews|Rock Hudson|Jeremy Kemp|Lance Percival|Michael Witney,1970,4.9,8
17709,Dudley Do-Right,Comedy|Family|Romance,Hugh Wilson,Brendan Fraser|Sarah Jessica Parker|Alfred Molina|Eric Idle|Robert Prosky,1999,3.8,48
287948,The Transporter Refueled,Thriller|Action|Crime,Camille Delamarre,Ed Skrein|Ray Stevenson|Loan Chabanol|Gabriella Wright|Tatjana Pajković,2015,5.2,559
7548,The Libertine,Drama|Romance,Laurence Dunmore,Johnny Depp|Samantha Morton|John Malkovich|Rosamund Pike|Paul Ritter,2004,5.9,128
9075,Black Book,Drama|Thriller|War,Paul Verhoeven,Carice van Houten|Sebastian Koch|Thom Hoffman|Halina Reijn|Waldemar Kobus,2006,7.2,277
11661,Joyeux Noël,Romance|Drama|History|War|Music,Christian Carion,Diane Kruger|Natalie Dessay|Benno Fürmann|Guillaume Canet|Gary Lewis,2005,7.2,212
109513,Hit & Run,Action|Comedy|Romance,Dax Shepard,Kristen Bell|Dax Shepard|Tom Arnold|Kristin Chenoweth|Michael Rosenbaum,2012,5.5,224
12085,Mad Money,Action|Comedy|Crime,Callie Khouri,Diane Keaton|Queen Latifah|Katie Holmes|Ted Danson|Roger Cross,2008,5.9,140
204922,Before I Go to Sleep,Mystery|Thriller,Rowan Joffe,Nicole Kidman|Colin Firth|Mark Strong|Anne-Marie Duff|Jing Lusi,2014,6.2,659
38985,Sorcerer,Action|Thriller|Adventure,William Friedkin,Roy Scheider|Bruno Cremer|Francisco Rabal|Amidou|Ramon Bieri,1977,7.4,98
44113,Stone,Drama,John Curran,Frances Conroy|Robert De Niro|Edward Norton|Milla Jovovich|Enver Gjokaj,2010,5.2,192
21494,Moliere,Romance|Drama|Comedy,Laurent Tirard,Romain Duris|Fabrice Luchini|Edouard Baer|Ludivine Sagnier|Laura Morante,2007,6.7,45
164457,Out of the Furnace,Thriller|Drama|Crime,Scott Cooper,Christian Bale|Zoe Saldana|Woody Harrelson|Sam Shepard|Willem Dafoe,2013,6.5,720
4566,Michael Clayton,Drama|Mystery|Crime,Tony Gilroy,George Clooney|Tom Wilkinson|Tilda Swinton|Sydney Pollack|Michael O'Keefe,2007,6.5,501
17795,My Fellow Americans,Comedy|Drama,Peter Segal,Jack Lemmon|James Garner|Dan Aykroyd|John Heard|Wilford Brimley,1996,6.3,46
1073,Arlington Road,Drama|Thriller|Mystery,Mark Pellington,Jeff Bridges|Tim Robbins|Joan Cusack|Hope Davis|Robert Gossett,1999,7.0,239
153158,Underdogs,Animation|Adventure|Romance,Juan José Campanella,Juan José Campanella|Diego Ramos|Pablo Rago|Axel Kuschevatzky|David Masajnik,2013,6.0,122
81836,To Rome with Love,Romance|Comedy,Woody Allen,Ellen Page|Woody Allen|Jesse Eisenberg|Penélope Cruz|Alec Baldwin,2012,5.6,546
10724,Firefox,Science Fiction|Action|Adventure|Thriller,Clint Eastwood,Clint Eastwood|Freddie Jones|David Huffman|Warren Clarke|Ronald Lacey,1982,5.5,139
9473,"South Park: Bigger, Longer & Uncut",Animation|Comedy|Music,Trey Parker,Trey Parker|Matt Stone|Mary Kay Bergman|Isaac Hayes|George Clooney,1999,7.1,893
2196,Death at a Funeral,Comedy|Drama,Frank Oz,Matthew Macfadyen|Keeley Hawes|Andy Nyman|Ewen Bremner|Daisy Donovan,2007,6.9,497
1499,Teenage Mutant Ninja Turtles III,Action|Adventure|Comedy|Family|Fantasy|Science Fiction,Stuart Gillard,Paige Turco|Stuart Wilson|Sab Shimono|Vivian Wu|Mark Caso,1993,5.1,184
20857,Hardball,Comedy|Romance,Brian Robbins,Keanu Reeves|Diane Lane|Michael B. Jordan|D. B. Sweeney|John Hawkes,2001,6.3,123
82693,Silver Linings Playbook,Drama|Comedy|Romance,David O. Russell,Bradley Cooper|Jennifer Lawrence|Robert De Niro|Jacki Weaver|Chris Tucker,2012,6.9,4742
1646,Freedom Writers,Crime|Drama,Richard LaGravenese,Hilary Swank|Scott Glenn|Imelda Staunton|Patrick Dempsey|Mario,2007,7.5,356
44944,For Colored Girls,Drama,Tyler Perry,Kimberly Elise|Janet Jackson|Loretta Devine|Thandie Newton|Anika Noni Rose,2010,7.0,22
4108,The Transporter,Action|Crime|Thriller,Louis Leterrier,Jason Statham|Shu Qi|François Berléand|Matt Schulze|Ric Young,2002,6.6,1692
8456,Never Back Down,Drama|Action,Jeff Wadlow,Sean Faris|Amber Heard|Cam Gigandet|Djimon Hounsou|Evan Peters,2008,6.4,497
7341,The Rage: Carrie 2,Horror|Thriller|Science Fiction,Katt Shea,Emily Bergl|Jason London|Amy Irving|J. Smith-Cameron|Dylan Bruno,1999,5.1,76
19255,Away We Go,Drama|Comedy|Romance,Sam Mendes,John Krasinski|Maya Rudolph|Carmen Ejogo|Catherine O'Hara|Jeff Daniels,2009,6.7,189
10187,Swing Vote,Drama|Comedy,Joshua Michael Stern,Kevin Costner|Madeline Carroll|Paula Patton|Kelsey Grammer|Dennis Hopper,2008,5.8,65
31005,Moonlight Mile,Romance|Drama,Brad Silberling,Jake Gyllenhaal|Dustin Hoffman|Susan Sarandon|Aleksia Landeau|Ellen Pompeo,2002,6.5,52
49517,Tinker Tailor Soldier Spy,Drama|Thriller|Mystery,Tomas Alfredson,John Hurt|Gary Oldman|Kathy Burke|Benedict Cumberbatch|Colin Firth,2011,6.6,840
44857,Molly,Drama|Comedy|Romance,John Duigan,Elisabeth Shue|Aaron Eckhart|Jill Hennessy|Thomas Jane|D.W. Moffett,1999,5.5,14
50780,The Beaver,Drama,Jodie Foster,Jodie Foster|Mel Gibson|Jennifer Lawrence|Anton Yelchin|Zachary Booth,2011,6.3,276
16363,The Best Little Whorehouse in Texas,Comedy,Colin Higgins,Burt Reynolds|Dolly Parton|Dom DeLuise|Charles Durning|Jim Nabors,1982,5.9,41
1946,eXistenZ,Action|Thriller|Science Fiction|Horror,David Cronenberg,Jennifer Jason Leigh|Jude Law|Ian Holm|Willem Dafoe|Don McKellar,1999,6.7,475
85,Raiders of the Lost Ark,Adventure|Action,Steven Spielberg,Harrison Ford|Karen Allen|Paul Freeman|Ronald Lacey|John Rhys-Davies,1981,7.7,3854
772,Home Alone 2: Lost in New York,Comedy|Family|Adventure|Crime,Chris Columbus,Macaulay Culkin|Joe Pesci|Catherine O'Hara|Daniel Stern|John Heard,1992,6.3,2395
840,Close Encounters of the Third Kind,Science Fiction|Drama,Steven Spielberg,Richard Dreyfuss|François Truffaut|Teri Garr|Melinda Dillon|Bob Balaban,1977,7.2,1098
9682,Pulse,Horror|Thriller,Jim Sonzero,Kristen Bell|Ian Somerhalder|Christina Milian|Rick Gonzalez|Jonathan Tucker,2006,5.0,150
96,Beverly Hills Cop II,Action|Comedy|Crime,Tony Scott,Eddie Murphy|Judge Reinhold|John Ashton|Ronny Cox|Paul Reiser,1987,6.1,613
10678,Bringing Down the House,Comedy,Adam Shankman,Steve Martin|Queen Latifah|Eugene Levy|Joan Plowright|Jean Smart,2003,5.4,183
274,The Silence of the Lambs,Crime|Drama|Thriller,Jonathan Demme,Jodie Foster|Anthony Hopkins|Scott Glenn|Ted Levine|Anthony Heald,1991,8.1,4443
8872,Wayne's World,Music|Comedy,Penelope Spheeris,Mike Myers|Dana Carvey|Rob Lowe|Tia Carrere|Lara Flynn Boyle,1992,6.5,728
16290,Jackass 3D,Comedy|Documentary|Action,Jeff Tremaine,Johnny Knoxville|Bam Margera|Ryan Dunn|Steve-O|Chris Pontius,2010,6.4,428
579,Jaws 2,Horror|Thriller,Jeannot Szwarc,Roy Scheider|Lorraine Gary|Murray Hamilton|Joseph Mascolo|Jeffrey Kramer,1978,5.9,406
14405,Beverly Hills Chihuahua,Adventure|Comedy|Family,Raja Gosnell,Drew Barrymore|Piper Perabo|Andy García|George Lopez|Paul Rodríguez,2008,4.9,209
138843,The Conjuring,Horror|Thriller,James Wan,Patrick Wilson|Vera Farmiga|Lili Taylor|Ron Livingston|Shanley Caswell,2013,7.4,3092
11637,Are We There Yet?,Adventure|Comedy|Family|Romance,Brian Levant,Ice Cube|Nia Long|Aleisha Allen|Philip Bolden|Jay Mohr,2005,5.2,221
226486,Tammy,Comedy,Ben Falcone,Melissa McCarthy|Susan Sarandon|Kathy Bates|Allison Janney|Dan Aykroyd,2014,5.0,500
1584,School of Rock,Comedy|Music,Richard Linklater,Jack Black|Joan Cusack|Mike White|Sarah Silverman|Adam Pascal,2003,6.7,1414
9312,Mortal Kombat,Action|Fantasy,Paul W.S. Anderson,Christopher Lambert|Robin Shou|Linden Ashby|Cary-Hiroyuki Tagawa|Bridgette Wilson,1995,5.4,442
12153,White Chicks,Comedy,Keenen Ivory Wayans,Shawn Wayans|Marlon Wayans|Jaime King|Frankie Faison|Maitland Ward,2004,6.3,679
65057,The Descendants,Comedy|Drama,Alexander Payne,George Clooney|Shailene Woodley|Amara Miller|Nick Krause|Robert Forster,2011,6.7,934
8326,Holes,Adventure|Family|Drama|Comedy,Andrew Davis,Sigourney Weaver|Jon Voight|Tim Blake Nelson|Patricia Arquette|Shia LaBeouf,2003,6.7,383
35690,The Last Song,Drama|Family|Romance,Julie Anne Robinson,Miley Cyrus|Greg Kinnear|Bobby Coleman|Liam Hemsworth|Hallock Beals,2010,6.9,923
76203,12 Years a Slave,Drama|History,Steve McQueen,Chiwetel Ejiofor|Michael Fassbender|Lupita Nyong'o|Benedict Cumberbatch|Paul Dano,2013,7.9,3674
13497,Drumline,Drama|Romance|Comedy|Music,Charles Stone III,Nick Cannon|Zoe Saldana|Orlando Jones|Leonard Roberts|GQ,2002,6.2,116
35688,Why Did I Get Married Too?,Comedy|Romance,Tyler Perry,Tyler Perry|Janet Jackson|Jill Scott|Sharon Leal|Malik Yoba,2010,6.1,29
162,Edward Scissorhands,Fantasy|Drama|Romance,Tim Burton,Johnny Depp|Winona Ryder|Dianne Wiest|Alan Arkin|Anthony Michael Hall,1990,7.5,3601
296096,Me Before You,Drama|Romance,Thea Sharrock,Emilia Clarke|Sam Claflin|Janet McTeer|Charles Dance|Brendan Coyle,2016,7.6,2562
103370,Madea's Witness Protection,Drama|Comedy|Crime,Tyler Perry,Tyler Perry|Eugene Levy|Denise Richards|Doris Roberts|Devan Leos,2012,5.9,52
1051,The French Connection,Action|Crime|Thriller,William Friedkin,Gene Hackman|Fernando Rey|Roy Scheider|Tony Lo Bianco|Marcel Bozzuffi,1971,7.4,422
376659,Bad Moms,Comedy,Jon Lucas,Mila Kunis|Kristen Bell|Kathryn Hahn|Christina Applegate|Jada Pinkett Smith,2016,6.3,1252
10073,Date Movie,Comedy,Jason Friedberg,Alyson Hannigan|Adam Campbell|Sophie Monk|Jennifer Coolidge|Fred Willard,2006,3.6,222
16690,Return to Never Land,Adventure|Fantasy|Animation|Family,Robin Budd,Harriet Owen|Blayne Weaver|Jeff Bennett|Kath Soucie|Corey Burton,2002,6.1,290
273895,Selma,History|Drama,Ava DuVernay,David Oyelowo|Tom Wilkinson|Carmen Ejogo|André Holland|Omar J. Dorsey,2014,7.4,817
14873,The Jungle Book 2,Family|Animation|Adventure,Steve Trenbirth,John Goodman|Haley Joel Osment|Mae Whitman|Connor Funk|Bob Joles,2003,5.6,269
8968,Boogeyman,Thriller|Horror|Drama|Mystery,Stephen T. Kay,Emily Deschanel|Barry Watson|Skye McCole Bartusiak|Lucy Lawless|Tory Mussett,2005,4.6,191
9963,Premonition,Thriller|Drama|Mystery,Mennan Yapo,Sandra Bullock|Julian McMahon|Courtney Taylor Burness|Nia Long|Shyann McClure,2007,5.8,381
15655,The Tigger Movie,Animation|Family,Jun Falkenstein,Jim Cummings|Nikita Hopkins|Ken Sansom|John Fiedler|Peter Cullen,2000,6.3,143
21208,Orphan,Horror|Thriller|Mystery,Jaume Collet-Serra,Vera Farmiga|Peter Sarsgaard|Isabelle Fuhrman|CCH Pounder|Jimmy Bennett,2009,6.7,1261
272878,Max,Adventure|Drama|Family,Boaz Yakin,Thomas Haden Church|Josh Wiggins|Lauren Graham|Robbie Amell|Mia Xitlali,2015,6.8,276
9760,Epic Movie,Action|Adventure|Comedy,Jason Friedberg,Kal Penn|Adam Campbell|Jennifer Coolidge|Jayma Mays|Faune A. Chambers,2007,3.2,326
314365,Spotlight,Drama|Thriller|History,Tom McCarthy,Mark Ruffalo|Michael Keaton|Rachel McAdams|Liev Schreiber|John Slattery,2015,7.8,2686
13279,Lakeview Terrace,Drama|Crime|Thriller,Neil LaBute,Samuel L. Jackson|Patrick Wilson|Kerry Washington|Ron Glass|Justin Chambers,2008,5.9,292
1975,The Grudge 2,Horror|Thriller,Takashi Shimizu,Sarah Michelle Gellar|Amber Tamblyn|Edison Chen|Arielle Kebbel|Jennifer Beals,2006,5.2,283
33644,How Stella Got Her Groove Back,Comedy|Drama|Romance,Kevin Rodney Sullivan,Angela Bassett|Taye Diggs|Whoopi Goldberg|Regina King|Suzzanne Douglas,1998,6.0,24
1649,Bill & Ted's Bogus Journey,Adventure|Comedy|Family|Fantasy|Science Fiction,Peter Hewitt,Keanu Reeves|Alex Winter|George Carlin|William Sadler|Joss Ackland,1991,5.9,308
9895,Man of the Year,Comedy|Drama|Romance|Thriller,Barry Levinson,Robin Williams|Christopher Walken|Laura Linney|Lewis Black|Jeff Goldblum,2006,5.8,129
9570,The Black Hole,Adventure|Family|Science Fiction|Action,Gary Nelson,Maximilian Schell|Anthony Perkins|Robert Forster|Joseph Bottoms|Ernest Borgnine,1979,6.1,131
27579,The American,Crime|Drama|Thriller,Anton Corbijn,George Clooney|Violante Placido|Thekla Reuten|Paolo Bonacelli|Johan Leysen,2010,5.8,481
16052,Selena,Drama,Gregory Nava,Jennifer Lopez|Edward James Olmos|Constance Marie|Jon Seda|Lupe Ontiveros,1997,7.0,114
40264,Vampires Suck,Horror|Comedy,Jason Friedberg,Chris Riggi|Matt Lanter|Jenn Proske|Ken Jeong|Bradley Dodds,2010,4.2,315
1164,Babel,Drama,Alejandro González Iñárritu,Brad Pitt|Cate Blanchett|Gael García Bernal|Rinko Kikuchi|Adriana Barraza,2006,6.9,1055
239678,This Is Where I Leave You,Drama|Comedy,Shawn Levy,Jason Bateman|Tina Fey|Adam Driver|Rose Byrne|Corey Stoll,2014,6.5,505
14359,Doubt,Drama|Mystery,John Patrick Shanley,Meryl Streep|Philip Seymour Hoffman|Amy Adams|Viola Davis|Alice Drummond,2008,7.0,435
3989,Team America: World Police,Music|Adventure|Animation|Action|Comedy,Trey Parker,Trey Parker|Matt Stone|Kristen Miller|Masasa Moyo|Daran Norris,2004,6.6,660
76617,Texas Chainsaw 3D,Horror|Thriller,John Luessenhop,Alexandra Daddario|Dan Yeager|Bill Moseley|Marilyn Burns|Tania Raymonde,2013,5.3,465
1710,Copycat,Drama|Thriller,Jon Amiel,Sigourney Weaver|Holly Hunter|Will Patton|William McNamara|Harry Connick Jr.,1995,6.4,194
4258,Scary Movie 5,Comedy,Malcolm D. Lee,Simon Rex|Ashley Tisdale|Charlie Sheen|Lindsay Lohan|Erica Ash,2013,4.6,793
20391,Paint Your Wagon,Drama|Action|Comedy|Western|Music,Joshua Logan,Lee Marvin|Clint Eastwood|Jean Seberg|Harve Presnell|Ray Walston,1969,6.2,63
10139,Milk,History|Drama,Gus Van Sant,Sean Penn|Emile Hirsch|James Franco|Josh Brolin|Diego Luna,2008,7.1,612
335778,Risen,Action,Kevin Reynolds,Tom Felton|Cliff Curtis|Joseph Fiennes|Peter Firth|Mark Killeen,2016,5.7,295
9645,Ghost Ship,Horror|Mystery|Thriller,Steve Beck,Gabriel Byrne|Julianna Margulies|Desmond Harrington|Ron Eldard|Isaiah Washington,2002,5.3,531
55465,A Very Harold & Kumar Christmas,Comedy,Todd Strauss-Schulson,Neil Patrick Harris|John Cho|Elias Koteas|Danneel Ackles|Kal Penn,2011,6.0,328
617,Wild Things,Crime|Drama|Mystery,John McNaughton,Matt Dillon|Kevin Bacon|Denise Richards|Neve Campbell|Theresa Russell,1998,6.3,444
19904,The Stepfather,Horror|Thriller|Mystery,Nelson McCormick,Dylan Walsh|Sela Ward|Penn Badgley|Amber Heard|Sherry Stringfield,2009,5.4,167
48289,The Debt,Drama|Thriller,John Madden,Helen Mirren|Ciarán Hinds|Tom Wilkinson|Jessica Chastain|Sam Worthington,2010,6.3,257
243,High Fidelity,Comedy|Drama|Romance|Music,Stephen Frears,John Cusack|Iben Hjejle|Todd Louiso|Jack Black|Lisa Bonet,2000,7.0,628
6933,One Missed Call,Horror|Mystery|Thriller,Eric Valette,Shannyn Sossamon|Edward Burns|Ana Claudia Talancón|Ray Wise|Azura Skye,2008,4.7,171
17182,Eye for an Eye,Drama|Thriller,John Schlesinger,Sally Field|Kiefer Sutherland|Ed Harris|Beverly D'Angelo|Charlayne Woodard,1996,5.8,63
8848,The Bank Job,Thriller|Crime|Drama,Roger Donaldson,Jason Statham|Saffron Burrows|Stephen Campbell Moore|Daniel Mays|James Faulkner,2008,6.6,697
38,Eternal Sunshine of the Spotless Mind,Science Fiction|Drama|Romance,Michel Gondry,Jim Carrey|Kate Winslet|Kirsten Dunst|Mark Ruffalo|Elijah Wood,2004,7.9,3652
38303,You Again,Comedy|Romance,Andy Fickman,Kristen Bell|Sigourney Weaver|Betty White|Kristin Chenoweth|Odette Annable,2010,6.0,368
1266,Street Kings,Action|Crime|Drama|Thriller,David Ayer,Keanu Reeves|Forest Whitaker|Chris Evans|Hugh Laurie|Martha Higareda,2008,6.3,363
107985,The World's End,Comedy|Action|Science Fiction,Edgar Wright,Simon Pegg|Nick Frost|Martin Freeman|Eddie Marsan|Paddy Considine,2013,6.7,1778
14043,Nancy Drew,Action|Adventure|Crime|Family|Mystery|Thriller,Andrew Fleming,Emma Roberts|Josh Flitter|Max Thieriot|Rachael Leigh Cook|Tate Donovan,2007,5.8,143
19901,Daybreakers,Fantasy|Horror|Action|Thriller|Science Fiction,Michael Spierig,Ethan Hawke|Sam Neill|Willem Dafoe|Claudia Karvan|Isabel Lucas,2009,6.0,634
34016,She's Out of My League,Comedy|Romance,Jim Field Smith,Alice Eve|Jay Baruchel|Mike Vogel|Krysten Ritter|Debra Jo Rupp,2010,5.9,525
59860,Monte Carlo,Adventure|Comedy|Romance,Thomas Bezucha,Selena Gomez|Katie Cassidy|Cory Monteith|Leighton Meester|Andie MacDowell,2011,6.0,593
10069,Stay Alive,Horror|Thriller,William Brent Bell,Jon Foster|Samaire Armstrong|Frankie Muniz|Jimmi Simpson|Wendell Pierce,2006,5.3,155
9588,Quigley Down Under,Romance|Action|Adventure|Western|Drama,Simon Wincer,Tom Selleck|Laura San Giacomo|Alan Rickman|Chris Haywood|Ron Haddrick,1990,6.5,119
12819,Alpha and Omega,Family|Animation,Ben Gluck,Hayden Panettiere|Justin Long|Dennis Hopper|Christina Ricci|Danny Glover,2010,5.3,124
9954,The Covenant,Action|Adventure|Fantasy|Horror|Science Fiction|Thriller,Renny Harlin,Steven Strait|Laura Ramsey|Jessica Lucas|Taylor Kitsch|Chace Crawford,2006,5.2,288
10115,Stick It,Comedy|Drama,Jessica Bendinger,Jeff Bridges|Missy Peregrym|Vanessa Lengies|Maddy Curley|Nikki SooHoo,2006,6.3,148
25132,Shorts,Comedy|Family,Robert Rodriguez,Jimmy Bennett|Kat Dennings|Jolie Vanier|William H. Macy|James Spader,2009,5.1,44
577,To Die For,Fantasy|Drama|Comedy|Thriller,Gus Van Sant,Nicole Kidman|Matt Dillon|Joaquin Phoenix|Casey Affleck|Illeana Douglas,1995,6.7,175
328387,Nerve,Mystery|Adventure|Crime,Henry Joost,Emma Roberts|Dave Franco|Emily Meade|Miles Heizer|Juliette Lewis,2016,7.1,2181
12690,Appaloosa,Drama|Western|Crime,Ed Harris,Viggo Mortensen|Ed Harris|Renée Zellweger|Jeremy Irons|Timothy Spall,2008,6.3,299
9945,Vampires,Action|Drama|Fantasy|Horror|Thriller,John Carpenter,James Woods|Daniel Baldwin|Sheryl Lee|Thomas Ian Griffith|Maximilian Schell,1998,5.8,255
539,Psycho,Drama|Horror|Thriller,Alfred Hitchcock,Anthony Perkins|Vera Miles|John Gavin|Janet Leigh|Martin Balsam,1960,8.2,2320
13596,My Best Friend's Girl,Romance|Comedy,Howard Deutch,Dane Cook|Kate Hudson|Alec Baldwin|Jason Biggs|Diora Baird,2008,5.4,220
226857,Endless Love,Drama|Romance,Shana Feste,Alex Pettyfer|Gabriella Wilde|Robert Patrick|Rhys Wakefield|Emma Rigby,2014,6.7,542
13159,Georgia Rule,Comedy|Drama|Romance,Garry Marshall,Jane Fonda|Lindsay Lohan|Felicity Huffman|Dermot Mulroney|Cary Elwes,2007,5.6,130
47941,Under the Rainbow,Comedy,Steve Rash,Chevy Chase|Carrie Fisher|Eve Arden|Joseph Maher|Robert Donner,1981,4.9,7
526,Ladyhawke,Adventure|Drama|Fantasy|Romance,Richard Donner,Matthew Broderick|Rutger Hauer|Michelle Pfeiffer|Alfred Molina|John Wood,1985,6.8,260
22796,Simon Birch,Comedy|Drama|Family,Mark Steven Johnson,Jim Carrey|Ashley Judd|Ian Michael Smith|Joseph Mazzello|Oliver Platt,1998,6.5,52
2355,Reign Over Me,Drama,Mike Binder,Adam Sandler|Don Cheadle|Jada Pinkett Smith|Liv Tyler|Saffron Burrows,2007,7.1,334
5915,Into the Wild,Adventure|Drama,Sean Penn,Emile Hirsch|Marcia Gay Harden|William Hurt|Jena Malone|Brian H. Dierker,2007,7.8,3045
9842,School for Scoundrels,Comedy|Drama|Romance,Todd Phillips,Billy Bob Thornton|Jon Heder|Jacinda Barrett|Sarah Silverman|Michael Clarke Duncan,2006,5.6,111
61012,Silent Hill: Revelation 3D,Thriller|Horror|Mystery,Michael J. Bassett,Adelaide Clemens|Kit Harington|Sean Bean|Carrie-Anne Moss|Radha Mitchell,2012,5.0,432
755,From Dusk Till Dawn,Horror|Action|Thriller|Crime,Robert Rodriguez,George Clooney|Quentin Tarantino|Harvey Keitel|Juliette Lewis|Ernest Liu,1996,6.9,1603
13682,Pooh's Heffalump Movie,Animation|Family,Frank Nissen,Jim Cummings|John Fiedler|Nikita Hopkins|Kath Soucie|Ken Sansom,2005,6.4,88
9089,Home for the Holidays,Comedy|Drama|Romance,Jodie Foster,Holly Hunter|Robert Downey Jr.|Anne Bancroft|Charles Durning|Claire Danes,1995,6.3,39
9470,Kung Fu Hustle,Action|Comedy|Crime|Fantasy,Stephen Chow,Stephen Chow|Yuen Wah|Yuen Qiu|Lam Tze-Chung|Huang Sheng-Yi,2004,7.2,831
18357,The Country Bears,Adventure|Comedy|Family,Peter Hastings,Haley Joel Osment|Diedrich Bader|Candy Ford|James Gammon|Brad Garrett,2002,4.3,20
7979,The Kite Runner,Drama,Marc Forster,Khalid Abdalla|Atossa Leoni|Shaun Toub|Zekeria Ebrahimi|Ahmad Khan Mahmoodzada,2007,7.3,394
470,21 Grams,Drama|Crime|Thriller,Alejandro González Iñárritu,Sean Penn|Naomi Watts|Benicio del Toro|Danny Huston|Carly Nahon,2003,7.2,918
15644,Paparazzi,Action|Drama|Thriller,Paul Abascal,Cole Hauser|Robin Tunney|Dennis Farina|Daniel Baldwin|Tom Sizemore,2004,5.8,52
9582,A Guy Thing,Comedy|Romance,Chris Koch,Jason Lee|Julia Stiles|Selma Blair|James Brolin|Shawn Hatosy,2003,5.3,83
10642,Loser,Drama|Comedy|Romance|Family,Amy Heckerling,Jason Biggs|Mena Suvari|Zak Orth|Thomas Sadoski|Jimmi Simpson,2000,5.0,120
22074,Capitalism: A Love Story,Documentary,Michael Moore,Michael Moore|Thora Birch|William Black|Elijah Cummings|Baron Hill,2009,7.0,167
2428,The Greatest Story Ever Told,Drama|History,George Stevens,Max von Sydow|Michael Anderson Jr.|Carroll Baker|Ina Balin|Victor Buono,1965,6.5,41
290751,Secret in Their Eyes,Crime|Drama|Mystery,Billy Ray,Chiwetel Ejiofor|Nicole Kidman|Julia Roberts|Dean Norris|Lyndon Smith,2015,6.2,336
13805,Disaster Movie,Action|Comedy,Jason Friedberg,Matt Lanter|Vanessa Lachey|Nicole Ari Parker|Crista Flanagan|Gary 'G. Thang' Johnson,2008,3.0,240
4597,Armored,Action|Crime|Drama|Thriller,Nimród Antal,Columbus Short|Laurence Fishburne|Skeet Ulrich|Amaury Nolasco|Matt Dillon,2009,5.5,208
9414,The Man Who Knew Too Little,Comedy|Thriller|Crime|Action,Jon Amiel,Bill Murray|Peter Gallagher|Joanne Whalley|Alfred Molina|Richard Wilson,1997,6.5,125
63492,What's Your Number?,Comedy|Romance,Mark Mylod,Chris Evans|Anna Faris|Martin Freeman|Chris Pratt|Ari Graynor,2011,6.2,671
81796,Lockout,Action|Thriller|Science Fiction,Stephen St. Leger,Guy Pearce|Maggie Grace|Joseph Gilgun|Lennie James|Peter Stormare,2012,5.8,715
10710,Envy,Comedy,Barry Levinson,Ben Stiller|Jack Black|Rachel Weisz|Christopher Walken|Amy Poehler,2004,4.8,139
15092,Crank: High Voltage,Action|Thriller|Crime,Brian Taylor,Jason Statham|Amy Smart|Dwight Yoakam|Efren Ramirez|Julanne Chidi Hill,2009,5.9,861
11382,Bullets Over Broadway,Action|Comedy|Thriller,Woody Allen,John Cusack|Dianne Wiest|Jennifer Tilly|Chazz Palminteri|Mary-Louise Parker,1994,7.0,130
15005,One Night with the King,Drama,Michael O. Sajbel,Tiffany Dupont|Peter O'Toole|Luke Goss|John Noble|Omar Sharif,2006,6.1,12
8198,The Quiet American,Drama|Action|Thriller|Romance,Phillip Noyce,Michael Caine|Brendan Fraser|Đỗ Thị Hải Yến|Tzi Ma|Rade Serbedzija,2002,6.4,81
6963,The Weather Man,Comedy|Drama,Gore Verbinski,Nicolas Cage|Michael Caine|Hope Davis|Gemmenne de la Peña|Nicholas Hoult,2005,6.0,289
15070,Undisputed,Action|Adventure|Drama|Thriller,Walter Hill,Wesley Snipes|Ving Rhames|Peter Falk|Michael Rooker|Jon Seda,2002,6.1,139
12797,Ghost Town,Comedy|Fantasy|Romance,David Koepp,Ricky Gervais|Greg Kinnear|Téa Leoni|Billy Campbell|Jordan Carlos,2008,6.4,286
17134,12 Rounds,Action|Adventure|Drama|Thriller,Renny Harlin,John Cena|Aidan Gillen|Ashley Scott|Steve Harris|Brian J. White,2009,5.7,220
41402,Let Me In,Drama|Horror|Mystery,Matt Reeves,Kodi Smit-McPhee|Chloë Grace Moretz|Richard Jenkins|Elias Koteas|Sasha Barrese,2010,6.7,641
18885,3 Ninjas Kick Back,Adventure|Action|Comedy|Family,Charles T. Kanganis,Victor Wong|Max Elliott Slade|Sean Fox|J. Evan Bonifant|Caroline Junko King,1994,4.5,48
4953,Be Kind Rewind,Drama|Comedy,Michel Gondry,Jack Black|Yasiin Bey|Danny Glover|Mia Farrow|Marcus Carl Franklin,2008,6.2,424
10773,Mrs Henderson Presents,Comedy|Drama,Stephen Frears,Judi Dench|Bob Hoskins|Will Young|Christopher Guest|Kelly Reilly,2005,6.4,62
146198,Triple 9,Action|Thriller,John Hillcoat,Casey Affleck|Chiwetel Ejiofor|Woody Harrelson|Kate Winslet|Anthony Mackie,2016,5.6,797
2639,Deconstructing Harry,Comedy|Drama,Woody Allen,Woody Allen|Kirstie Alley|Billy Crystal|Judy Davis|Caroline Aaron,1997,7.3,187
10563,Three to Tango,Comedy|Romance,Damon Santostefano,Matthew Perry|Neve Campbell|Dylan McDermott|Oliver Platt|Cylk Cozart,1999,5.4,62
295964,Burnt,Drama,John Wells,Bradley Cooper|Sienna Miller|Lily James|Alicia Vikander|Uma Thurman,2015,6.3,950
5971,We're No Angels,Comedy|Crime|Drama,Neil Jordan,Robert De Niro|Sean Penn|Demi Moore|Hoyt Axton|Bruno Kirby,1989,5.6,105
9716,Everyone Says I Love You,Music|Comedy|Romance,Woody Allen,Drew Barrymore|Diva Gray|Natasha Lyonne|Edward Norton|Woody Allen,1996,6.5,147
11835,Death Sentence,Action|Crime|Drama|Thriller,James Wan,Kevin Bacon|Garrett Hedlund|Kelly Preston|Jordan Garrett|John Goodman,2007,6.5,297
26171,Everybody's Fine,Drama,Kirk Jones,Robert De Niro|Drew Barrymore|Kate Beckinsale|Sam Rockwell|Melissa Leo,2009,6.5,284
31117,Superbabies: Baby Geniuses 2,Comedy|Family,Bob Clark,Jon Voight|Scott Baio|Vanessa Angel|Skyler Shaye|Whoopi Goldberg,2004,1.9,35
9074,The Man,Action|Comedy|Crime,Les Mayfield,Samuel L. Jackson|Eugene Levy|Luke Goss|Miguel Ferrer|Susie Essman,2005,5.4,133
14396,Code Name: The Cleaner,Action|Comedy|Crime,Les Mayfield,Cedric the Entertainer|Lucy Liu|Nicollette Sheridan|Mark Dacascos|Callum Keith Rennie,2007,4.7,78
15673,Connie and Carla,Comedy,Michael Lembeck,Nia Vardalos|Toni Collette|David Duchovny|Stephen Spinella|Alec Mapa,2004,6.4,24
42618,Sweet Charity,Comedy|Drama|Music|Romance,Bob Fosse,"Shirley MacLaine|John McMartin|Ricardo Montalban|Sammy Davis, Jr.|Chita Rivera",1969,6.5,15
171274,Inherent Vice,Comedy|Romance|Crime|Drama|Mystery,Paul Thomas Anderson,Joaquin Phoenix|Josh Brolin|Owen Wilson|Katherine Waterston|Reese Witherspoon,2014,6.5,833
24432,Doogal,Family,Frank Passingham,Daniel Tay|Jimmy Fallon|Jon Stewart|Whoopi Goldberg|William H. Macy,2006,3.2,18
109417,Battle of the Year,Music|Drama,Benson Lee,Josh Holloway|Josh Peck|Chris Brown|Laz Alonso|Caity Lotz,2013,5.9,88
13948,An American Carol,Comedy|Fantasy,David Zucker,Kevin Farley|Kelsey Grammer|Leslie Nielsen|Trace Adkins|Robert Davi,2008,4.1,20
106747,Machete Kills,Action|Crime|Thriller,Robert Rodriguez,Danny Trejo|Mel Gibson|Amber Heard|Michelle Rodriguez|Sofía Vergara,2013,5.3,631
10929,Willard,Horror,Glen Morgan,Crispin Glover|R. Lee Ermey|Laura Harring|Jackie Burroughs|Ashlyn Gere,2003,5.8,82
14220,Strange Wilderness,Comedy,Fred Wolf,Steve Zahn|Allen Covert|Jonah Hill|Kevin Heffernan|Ashley Scott,2008,4.7,69
46435,Topsy-Turvy,Comedy|Drama|Music,Mike Leigh,Allan Corduner|Jim Broadbent|Timothy Spall|Dexter Fletcher|Shirley Henderson,1999,6.7,41
256962,Little Boy,Comedy|Drama|War,Alejandro Monteverde,Jakob Salvati|Emily Watson|Cary-Hiroyuki Tagawa|Michael Rapaport|David Henrie,2015,7.0,185
48231,A Dangerous Method,Drama|Thriller,David Cronenberg,Keira Knightley|Viggo Mortensen|Michael Fassbender|Sarah Gadon|Vincent Cassel,2011,6.2,571
3509,A Scanner Darkly,Animation|Science Fiction|Thriller,Richard Linklater,Keanu Reeves|Winona Ryder|Woody Harrelson|Robert Downey Jr.|Mitch Baker,2006,6.8,532
82684,Chasing Mavericks,Drama,Curtis Hanson,Gerard Butler|Jonny Weston|Elisabeth Shue|Abigail Spencer|Leven Rambin,2012,7.0,216
12142,Alone in the Dark,Action|Fantasy|Horror|Thriller,Uwe Boll,Christian Slater|Tara Reid|Stephen Dorff|Frank C. Turner|Matthew Walker,2005,3.1,173
23367,Bandslam,Comedy|Drama|Family|Music,Todd Graff,Vanessa Hudgens|Aly Michalka|Gaelan Connell|Lisa Kudrow|Scott Porter,2009,5.4,126
10740,Birth,Drama|Mystery|Thriller,Jonathan Glazer,Nicole Kidman|Cameron Bright|Danny Huston|Lauren Bacall|Alison Elliott,2004,5.9,179
241239,A Most Violent Year,Crime|Drama|Thriller,J.C. Chandor,Oscar Isaac|Jessica Chastain|Albert Brooks|Elyes Gabel|David Oyelowo,2014,6.5,546
14582,Passchendaele,Drama|Romance|War|History,Paul Gross,Paul Gross|Caroline Dhavernas|Joe Dinicol|Meredith Bailey|Adam Harrington,2008,6.3,26
14914,Flash of Genius,Drama,Marc Abraham,Aaron Abrams|Alan Alda|Lauren Graham|Greg Kinnear|Tatiana Maslany,2008,6.3,59
3902,I'm Not There.,Drama|Music,Todd Haynes,Cate Blanchett|Heath Ledger|Julianne Moore|Ben Whishaw|Charlotte Gainsbourg,2007,6.6,195
77948,The Cold Light of Day,Action|Thriller,Mabrouk El Mechri,Henry Cavill|Verónica Echegui|Sigourney Weaver|Bruce Willis|Caroline Goodall,2012,4.8,271
21755,The Brothers Bloom,Adventure|Comedy|Drama|Romance,Rian Johnson,Rachel Weisz|Adrien Brody|Mark Ruffalo|Rinko Kikuchi|Robbie Coltrane,2008,6.8,203
4960,"Synecdoche, New York",Drama,Charlie Kaufman,Philip Seymour Hoffman|Samantha Morton|Jennifer Jason Leigh|Michelle Williams|Catherine Keener,2008,7.4,278
128,Princess Mononoke,Adventure|Fantasy|Animation,Hayao Miyazaki,Yōji Matsuda|Yuriko Ishida|Yūko Tanaka|Kaoru Kobayashi|Masahiko Nishimura,1997,8.2,1983
14652,Bon voyage,Comedy|Drama|Foreign,Jean-Paul Rappeneau,Grégori Derangère|Gérard Depardieu|Isabelle Adjani|Virginie Ledoyen|Yvan Attal,2003,5.7,20
40932,Can't Stop the Music,Comedy|Music,Nancy Walker,Alex Briley|David Hodo|Glenn Hughes|Randy Jones|Felipe Rose,1980,4.9,9
16608,The Proposition,Action|Adventure|Crime|Drama|Thriller|Western,John Hillcoat,Guy Pearce|Ray Winstone|Emily Watson|Danny Huston|David Wenham,2005,7.1,218
334531,My All American,Drama,Angelo Pizzo,Aaron Eckhart|Finn Wittrock|Robin Tunney|Sarah Bolger|Michael Reilly Burke,2015,6.8,36
32316,Marci X,Comedy,Richard Benjamin,Lisa Kudrow|Damon Wayans|Richard Benjamin|Jane Krakowski|Christine Baranski,2003,3.3,12
7299,Equilibrium,Action|Science Fiction|Thriller,Kurt Wimmer,Christian Bale|Taye Diggs|Emily Watson|Angus Macfadyen|Sean Bean,2002,6.9,1552
13405,The Children of Huang Shi,Drama|War,Roger Spottiswoode,Jonathan Rhys Meyers|Radha Mitchell|Chow Yun-fat|Michelle Yeoh,2008,6.5,52
19457,The Yards,Drama|Action|Thriller|Crime,James Gray,Mark Wahlberg|Joaquin Phoenix|Charlize Theron|James Caan|Ellen Burstyn,2000,6.0,97
112937,The Oogieloves in the Big Balloon Adventure,Family,Matthew Diamond,Christopher Lloyd|Cary Elwes|Jaime Pressly|Cloris Leachman|Chazz Palminteri,2012,2.2,8
314385,By the Sea,Drama|Romance,Angelina Jolie,Angelina Jolie|Brad Pitt|Mélanie Laurent|Melvil Poupaud|Niels Arestrup,2015,5.4,156
8953,Steamboy,Animation|Fantasy|Science Fiction,Katsuhiro Ōtomo,Anne Suzuki|Masane Tsukayama|Katsuo Nakamura|Manami Konishi|Kiyoshi Kodama,2004,6.4,102
29078,The Game of Their Lives,Drama,David Anspaugh,Gerard Butler|Wes Bentley|Gavin Rossdale|Costas Mandylor|Louis Mandylor,2005,5.8,14
46503,All Good Things,Drama|Mystery|Thriller|Crime|Romance,Andrew Jarecki,Kirsten Dunst|Ryan Gosling|Kristen Wiig|Frank Langella|Lily Rabe,2010,5.9,286
10448,Rapa Nui,Adventure,Kevin Reynolds,Jason Scott Lee|Esai Morales|Sandrine Holt|Eru Potaka-Dewes|Emilio Tuki Hito,1994,6.2,33
13688,CJ7,Comedy|Drama|Family|Fantasy|Science Fiction,Stephen Chow,Stephen Chow|Xu Jiao|Kitty Zhang Yuqi|Lam Tze-Chung|Lee Sheung-Ching,2008,6.1,107
10353,The Visitors II: The Corridors of Time,Comedy|Fantasy,Jean-Marie Poiré,Christian Clavier|Jean Reno|Marie-Anne Chazel|Christian Bujeau|Muriel Robin,1998,5.8,221
43935,Dylan Dog: Dead of Night,Action|Comedy|Horror|Mystery|Science Fiction|Thriller,Kevin Munroe,Brandon Routh|Peter Stormare|Sam Huntington|Taye Diggs|Anita Briem,2011,4.5,139
11458,People I Know,Drama|Thriller,Daniel Algrant,Al Pacino|Kim Basinger|Ryan O'Neal|Téa Leoni|Jonathan Walker,2002,5.5,48
44638,The Tempest,Drama|Fantasy,Julie Taymor,Helen Mirren|Felicity Jones|Reeve Carney|David Strathairn|Tom Conti,2010,6.0,31
241257,Regression,Horror|Mystery|Thriller,Alejandro Amenábar,Ethan Hawke|Emma Watson|David Thewlis|Lothaire Bluteau|Dale Dickey,2015,5.3,585
14538,Three Kingdoms: Resurrection of the Dragon,Action|History|Drama,Daniel Lee,Sammo Hung|Vanness Wu|Maggie Q|Andy Lau|Ti Lung,2008,6.6,35
13250,Butterfly on a Wheel,Crime|Drama|Thriller,Mike Barker,Pierce Brosnan|Maria Bello|Gerard Butler|Emma Karwandy|Claudette Mink,2007,6.3,130
133931,Zambezia,Comedy|Animation|Adventure|Family,Wayne Thornley,Jeremy Suarez|Samuel L. Jackson|Abigail Breslin|Leonard Nimoy|Jeff Goldblum,2012,5.3,68
280871,Ramanujan,Drama|History,Gnana Rajasekaran,Abhinay Vaddi|Suhasini Maniratnam|Kevin McGowan|Abbas|Anmol,2014,5.0,3
239897,Dwegons,Animation,Tom Walsh,Melissa Leo|Maggie Wheeler|Joey D. Vieira|R. Martin Klein|Thomas Francis Walsh III,2014,0.5,1
184341,Hands of Stone,Drama,Jonathan Jakubowicz,Robert De Niro|Edgar Ramírez|Jurnee Smollett|Ellen Barkin|Rubén Blades,2016,6.1,109
334074,Survivor,Thriller,James McTeigue,Pierce Brosnan|Milla Jovovich|Dylan McDermott|Angela Bassett|Robert Forster,2015,5.4,404
199373,The Frozen Ground,Thriller|Crime,Scott Walker,Nicolas Cage|Vanessa Hudgens|John Cusack|Radha Mitchell|Jodi Lyn O'Keefe,2013,6.1,465
14202,The Painted Veil,Drama|Romance,John Curran,Edward Norton|Juliet Howland|Naomi Watts|Ian Renwick|Liev Schreiber,2006,7.1,312
6968,The Baader Meinhof Complex,Action|Crime|Drama|History|Thriller,Uli Edel,Martina Gedeck|Moritz Bleibtreu|Johanna Wokalek|Nadja Uhl|Stipe Erceg,2008,7.1,157
581,Dances with Wolves,Adventure|Drama|Western,Kevin Costner,Kevin Costner|Mary McDonnell|Graham Greene|Rodney A. Grant|Floyd Red Crow Westerman,1990,7.6,1046
52449,Bad Teacher,Comedy,Jake Kasdan,Cameron Diaz|Jason Segel|Justin Timberlake|Lucy Punch|Phyllis Smith,2011,5.4,1584
12150,Sea of Love,Drama|Crime|Mystery,Harold Becker,Al Pacino|Ellen Barkin|John Goodman|Michael Rooker|William Hickey,1989,6.7,141
11247,A Cinderella Story,Comedy,Mark Rosman,Hilary Duff|Jennifer Coolidge|Chad Michael Murray|Dan Byrd|Regina King,2004,6.1,713
4232,Scream,Crime|Horror|Mystery,Wes Craven,David Arquette|Neve Campbell|Courteney Cox|Matthew Lillard|Rose McGowan,1996,7.0,1476
9378,Thir13en Ghosts,Horror|Thriller,Steve Beck,Tony Shalhoub|Embeth Davidtz|Matthew Lillard|Shannon Elizabeth|Matthew Harrison,2001,5.4,440
694,The Shining,Horror|Thriller,Stanley Kubrick,Jack Nicholson|Shelley Duvall|Danny Lloyd|Scatman Crothers|Barry Nelson,1980,8.1,3757
105,Back to the Future,Adventure|Comedy|Science Fiction|Family,Robert Zemeckis,Michael J. Fox|Christopher Lloyd|Lea Thompson|Crispin Glover|Thomas F. Wilson,1985,8.0,6079
11377,House on Haunted Hill,Horror|Mystery|Thriller,William Malone,Geoffrey Rush|Famke Janssen|Taye Diggs|Peter Gallagher|Chris Kattan,1999,5.5,209
26367,I Can Do Bad All By Myself,Drama|Comedy,Tyler Perry,Tyler Perry|Taraji P. Henson|Adam Rodríguez|Mary J. Blige|Gladys Knight,2009,6.0,40
385383,Fight Valley,Action|Drama,Rob Hawk,Erin O'Brien|Miesha Tate|Holly Holm|Cristiane Justino|Susie Celek,2016,3.9,8
41210,The Switch,Comedy|Romance|Drama,Josh Gordon,Jason Bateman|Jennifer Aniston|Jeff Goldblum|Juliette Lewis|Todd Louiso,2010,5.9,583
12090,Just Married,Comedy,Shawn Levy,Ashton Kutcher|Brittany Murphy|Christian Kane|David Moscow|Alex Thomas,2003,5.3,404
62630,The Devil's Double,Drama|Action|Thriller|Crime|War,Lee Tamahori,Dominic Cooper|Ludivine Sagnier|Raad Rawi|Mehmet Ferda|Philip Quast,2011,6.5,208
16110,Thomas and the Magic Railroad,Animation|Drama|Family|Science Fiction,Britt Allcroft,Alec Baldwin|Peter Fonda|Mara Wilson,2000,4.6,8
29427,The Crazies,Mystery|Horror|Action,Breck Eisner,Timothy Olyphant|Radha Mitchell|Joe Anderson|Danielle Panabaker|Christie Lynn Smith,2010,6.2,633
129,Spirited Away,Fantasy|Adventure|Animation|Family,Hayao Miyazaki,Rumi Hiiragi|Miyu Irino|Mari Natsuki|Takashi Naito|Yasuko Sawaguchi,2001,8.3,3840
244114,Firestorm,Action|Crime,Alan Yuen,Andy Lau|Gordon Lam Ka-Tung|Yao Chen|Hu Jun|Ray Lui,2013,5.9,43
2669,The Bounty,Action|Drama|History,Roger Donaldson,Mel Gibson|Anthony Hopkins|Laurence Olivier|Edward Fox|Daniel Day-Lewis,1984,6.5,108
203833,The Book Thief,Drama,Brian Percival,Geoffrey Rush|Sophie Nélisse|Emily Watson|Nico Liersch|Ben Schnetzer,2013,7.4,1486
13523,Sex Drive,Comedy|Adventure|Romance,Sean Anders,Josh Zuckerman|Amanda Crew|Clark Duke|James Marsden|Seth Green,2008,6.0,342
25195,Leap Year,Romance|Comedy,Anand Tucker,Amy Adams|Matthew Goode|Adam Scott|John Lithgow|Flaminia Cinque,2010,6.4,465
17277,The Fall of the Roman Empire,Drama|History,Anthony Mann,Sophia Loren|Stephen Boyd|Alec Guinness|Christopher Plummer|Anthony Quayle,1964,6.0,33
50725,Take Me Home Tonight,Comedy|Drama|Romance,Michael Dowse,Topher Grace|Anna Faris|Dan Fogler|Teresa Palmer|Michelle Trachtenberg,2011,6.2,208
82631,Won't Back Down,Drama,Daniel Barnz,Viola Davis|Maggie Gyllenhaal|Ving Rhames|Lance Reddick|Rosie Perez,2012,5.8,40
73191,The Nutcracker,Family|Fantasy|Music,Emile Ardolino,Darci Kistler|Damian Woetzel|Bart Robinson Cook|Kyra Nichols|Jessica Lynn Cohen,1993,5.6,5
22479,Kansas City,Thriller|Drama|Music|Crime,Robert Altman,Jennifer Jason Leigh|Miranda Richardson|Harry Belafonte|Michael Murphy|Dermot Mulroney,1996,6.1,12
340611,Indignation,Drama,James Schamus,Logan Lerman|Sarah Gadon|Tracy Letts|Linda Emond|Danny Burstein,2016,6.8,69
10065,The Amityville Horror,Horror|Thriller|Drama,Andrew Douglas,Ryan Reynolds|Melissa George|Jesse James|Chloë Grace Moretz|Jimmy Bennett,2005,6.0,588
2757,Adaptation.,Comedy|Crime|Drama,Spike Jonze,Nicolas Cage|Meryl Streep|Chris Cooper|Tilda Swinton|Cara Seymour,2002,7.3,638
11683,Land of the Dead,Horror,George A. Romero,Simon Baker|John Leguizamo|Dennis Hopper|Robert Joy|Asia Argento,2005,6.0,381
244339,Out of Inferno,Action,Danny Pang,Lau Ching-Wan|Angelica Lee|Chen Sicheng|Natalie Tong|Eddie Cheung Siu-Fai,2013,5.8,11
1878,Fear and Loathing in Las Vegas,Adventure|Drama|Comedy,Terry Gilliam,Johnny Depp|Benicio del Toro|Tobey Maguire|Christina Ricci|Ellen Barkin,1998,7.2,1301
23082,The Invention of Lying,Comedy|Romance|Fantasy,Ricky Gervais,Ricky Gervais|Jennifer Garner|Jonah Hill|Louis C.K.|Jeffrey Tambor,2009,6.0,518
195589,Neighbors,Comedy,Nicholas Stoller,Seth Rogen|Zac Efron|Rose Byrne|Dave Franco|Ike Barinholtz,2014,6.2,2713
854,The Mask,Romance|Comedy|Crime|Fantasy,Chuck Russell,Jim Carrey|Cameron Diaz|Nancy Fish|Tim Bagley|Johnny Williams,1994,6.6,2472
2280,Big,Fantasy|Drama|Comedy|Romance|Family,Penny Marshall,Tom Hanks|Elizabeth Perkins|Robert Loggia|John Heard|Jared Rushton,1988,6.9,993
496,Borat: Cultural Learnings of America for Make Benefit Glorious Nation of Kazakhstan,Comedy,Larry Charles,Sacha Baron Cohen|Ken Davitian|Luenell|Pamela Anderson|Bob Barr,2006,6.5,1579
8835,Legally Blonde,Comedy,Robert Luketic,Reese Witherspoon|Luke Wilson|Selma Blair|Matthew Davis|Victor Garber,2001,6.1,882
157,Star Trek III: The Search for Spock,Science Fiction|Action|Adventure|Thriller,Leonard Nimoy,William Shatner|Leonard Nimoy|DeForest Kelley|James Doohan|George Takei,1984,6.4,434
8643,The Exorcism of Emily Rose,Crime|Drama|Horror|Thriller,Scott Derrickson,Laura Linney|Tom Wilkinson|Campbell Scott|Jennifer Carpenter|Kenneth Welsh,2005,6.3,659
10402,Deuce Bigalow: Male Gigolo,Comedy,Mike Mitchell,Rob Schneider|William Forsythe|Eddie Griffin|Arija Bareikis|Oded Fehr,1999,5.5,308
218043,Left Behind,Thriller|Action|Science Fiction,Vic Armstrong,Nicolas Cage|Chad Michael Murray|Lea Thompson|Nicky Whelan|Martin Klebba,2014,3.7,392
9043,The Family Stone,Comedy|Drama|Romance,Thomas Bezucha,Claire Danes|Diane Keaton|Rachel McAdams|Dermot Mulroney|Sarah Jessica Parker,2005,6.2,249
21301,Barbershop 2:  Back in Business,Comedy|Drama,Kevin Rodney Sullivan,Ice Cube|Cedric the Entertainer|Sean Patrick Thomas|Keke Palmer|Michael Ealy,2004,5.6,74
10147,Bad Santa,Drama|Comedy|Crime,Terry Zwigoff,Billy Bob Thornton|Tony Cox|Brett Kelly|Bernie Mac|John Ritter,2003,6.5,656
816,Austin Powers: International Man of Mystery,Science Fiction|Comedy|Crime,Jay Roach,Mike Myers|Elizabeth Hurley|Michael York|Mimi Rogers|Seth Green,1997,6.5,1013
302688,My Big Fat Greek Wedding 2,Romance|Comedy|Family,Kirk Jones,John Corbett|Elena Kampouris|Nia Vardalos|Ian Gomez|John Stamos,2016,5.5,322
60307,Diary of a Wimpy Kid: Rodrick Rules,Family|Comedy,David Bowers,Zachary Gordon|Devon Bostick|Rachael Harris|Robert Capron|Steve Zahn,2011,6.3,238
106,Predator,Science Fiction|Action|Adventure|Thriller,John McTiernan,Arnold Schwarzenegger|Carl Weathers|Elpidia Carrillo|Bill Duke|Jesse Ventura,1987,7.3,2093
279,Amadeus,Drama|History|Music,Miloš Forman,F. Murray Abraham|Tom Hulce|Elizabeth Berridge|Roy Dotrice|Simon Callow,1984,7.8,1076
8617,Prom Night,Crime|Horror,Nelson McCormick,Brittany Snow|Scott Porter|Jessica Stroup|Dana Davis|Kelly Blatz,2008,4.8,167
10625,Mean Girls,Comedy,Mark Waters,Lindsay Lohan|Rachel McAdams|Tim Meadows|Ana Gasteyer|Amy Poehler,2004,6.9,2320
10934,Under the Tuscan Sun,Comedy|Drama|Romance,Audrey Wells,Diane Lane|Sandra Oh|Lindsay Duncan|Raoul Bova|Vincent Riotta,2003,6.4,172
5279,Gosford Park,Drama|Mystery|Thriller,Robert Altman,Helen Mirren|Clive Owen|Maggie Smith|Geraldine Somerville|Jeremy Northam,2001,6.8,246
10013,Peggy Sue Got Married,Comedy|Drama|Fantasy|Romance,Francis Ford Coppola,Kathleen Turner|Nicolas Cage|Barry Miller|Catherine Hicks|Joan Allen,1986,5.9,136
194662,Birdman,Drama|Comedy,Alejandro González Iñárritu,Michael Keaton|Emma Stone|Zach Galifianakis|Naomi Watts|Edward Norton,2014,7.4,4535
160588,Blue Jasmine,Comedy|Drama,Woody Allen,Cate Blanchett|Alec Baldwin|Sally Hawkins|Bobby Cannavale|Louis C.K.,2013,7.0,1098
9829,United 93,Drama|History|Crime|Thriller|Action,Paul Greengrass,J.J. Johnson|Polly Adams|Trish Gates|Nancy McDoniel|Opal Alladin,2006,6.9,367
10028,Honey,Romance|Music|Family,Bille Woodruff,Jessica Alba|Mekhi Phifer|Joy Bryant|Romeo Miller|David Moscow,2003,6.0,303
10535,Spy Hard,Action|Comedy,Rick Friedberg,Leslie Nielsen|Nicollette Sheridan|Charles Durning|Marcia Gay Harden|Barry Bostwick,1996,4.9,147
790,The Fog,Horror,John Carpenter,Adrienne Barbeau|Jamie Lee Curtis|Janet Leigh|John Houseman|Tom Atkins,1980,6.4,311
43959,Soul Surfer,Action|Drama,Sean McNamara,AnnaSophia Robb|Helen Hunt|Lorraine Nicholson|Carrie Underwood|Dennis Quaid,2011,6.9,342
10364,Catch-22,War|Comedy|Drama,Mike Nichols,Alan Arkin|Martin Balsam|Richard Benjamin|Art Garfunkel|Jack Gilford,1970,6.7,72
16991,Observe and Report,Comedy|Crime|Drama,Jody Hill,Seth Rogen|Anna Faris|Michael Peña|Ray Liotta|Collette Wolfe,2009,5.6,225
9610,Conan the Destroyer,Adventure|Fantasy|Action,Richard Fleischer,Arnold Schwarzenegger|Grace Jones|Wilt Chamberlain|Tracey Walter|Mako,1984,5.8,383
1578,Raging Bull,Drama,Martin Scorsese,Robert De Niro|Joe Pesci|Cathy Moriarty|Frank Vincent|Nicholas Colasanto,1980,7.7,938
25643,Love Happens,Drama|Romance,Brandon Camp,Aaron Eckhart|Jennifer Aniston|Judy Greer|Martin Sheen|Deirdre Blades,2009,5.6,180
11904,Young Sherlock Holmes,Action|Adventure|Crime|Drama|Family|Mystery|Thriller,Barry Levinson,Nicholas Rowe|Alan Cox|Sophie Ward|Anthony Higgins|Susan Fleetwood,1985,6.7,167
28665,Fame,Music|Comedy|Drama|Romance,Kevin Tancharoen,Kay Panabaker|Naturi Naughton|Kherington Payne|Megan Mullally|Walter Perez,2009,5.5,135
44115,127 Hours,Adventure|Drama|Thriller,Danny Boyle,James Franco|Kate Mara|Amber Tamblyn|Clémence Poésy|Lizzy Caplan,2010,7.0,2606
10569,Small Time Crooks,Action|Comedy|Crime,Woody Allen,Woody Allen|Carolyn Saxon|Tracey Ullman|Michael Rapaport|Tony Darrow,2000,6.4,155
10560,Center Stage,Drama|Music,Nicholas Hytner,Amanda Schull|Zoe Saldana|Susan May Pratt|Peter Gallagher|Scottie Thompson,2000,6.8,90
333348,Love the Coopers,Comedy|Family,Jessie Nelson,Steve Martin|Diane Keaton|John Goodman|Alan Arkin|Olivia Wilde,2015,5.4,167
20483,Catch That Kid,Family|Action|Adventure,Bart Freundlich,Kristen Stewart|Corbin Bleu|Max Thieriot|Jennifer Beals|Sam Robards,2004,4.9,76
11457,Life as a House,Drama,Irwin Winkler,Kevin Kline|Kristin Scott Thomas|Hayden Christensen|Jena Malone|Mary Steenburgen,2001,7.2,120
321697,Steve Jobs,Drama|History,Danny Boyle,Michael Fassbender|Kate Winslet|Seth Rogen|Katherine Waterston|Jeff Daniels,2015,6.8,1573
19840,"I Love You, Beth Cooper",Comedy|Romance,Chris Columbus,Hayden Panettiere|Paul Rust|Lauren London|Lauren Storm|Jack Carpenter,2009,5.1,197
22327,Youth in Revolt,Drama|Comedy|Romance,Miguel Arteta,Michael Cera|Zach Galifianakis|Justin Long|Ray Liotta|Steve Buscemi,2009,5.9,319
38665,The Legend of the Lone Ranger,Action|Adventure|Romance|Western,William A. Fraker,Christopher Lloyd|Matt Clark|Juanin Clay|Jason Robards|John Bennett Perry,1981,3.7,14
2575,The Tailor of Panama,Drama|Thriller,John Boorman,Pierce Brosnan|Geoffrey Rush|Jamie Lee Curtis|Leonor Varela|Brendan Gleeson,2001,6.2,92
11644,Blow Out,Drama|Mystery|Thriller,Brian De Palma,John Travolta|Nancy Allen|John Lithgow|Dennis Franz|Peter Boyden,1981,7.3,236
146227,Getaway,Action|Crime,Courtney Solomon,Ethan Hawke|Selena Gomez|Jon Voight|Paul Freeman|Bruce Payne,2013,4.9,246
68924,The Ice Storm,Drama,Ang Lee,Kevin Kline|Joan Allen|Sigourney Weaver|Henry Czerny|Tobey Maguire,1997,6.9,176
253235,And So It Goes,Comedy|Drama|Romance,Rob Reiner,Michael Douglas|Diane Keaton|Sterling Jerins|Paloma Guzmán|Frances Sternhagen,2014,5.7,164
22102,Troop Beverly Hills,Adventure|Comedy|Family,Jeff Kanew,Shelley Long|Craig T. Nelson|Betty Thomas|Mary Gross|Carla Gugino,1989,5.6,56
18701,Being Julia,Comedy|Drama|Romance,István Szabó,Michael Gambon|Annette Bening|Leigh Lawson|Shaun Evans|Jeremy Irons,2004,6.4,23
10068,Nine 1/2 Weeks,Drama|Romance,Adrian Lyne,Mickey Rourke|Kim Basinger|Margaret Whitton|David Margulies|Christine Baranski,1986,5.8,177
848,Dragonslayer,Fantasy,Matthew Robbins,Peter MacNicol|Caitlin Clarke|Ralph Richardson|John Hallam|Peter Eyre,1981,6.5,67
36811,The Last Station,Drama|Romance,Michael Hoffman,James McAvoy|Christopher Plummer|Helen Mirren|Paul Giamatti|Anne-Marie Duff,2009,6.7,55
522,Ed Wood,Comedy|Drama|History,Tim Burton,Johnny Depp|Martin Landau|Sarah Jessica Parker|Patricia Arquette|Jeffrey Jones,1994,7.3,630
130150,Labor Day,Drama,Jason Reitman,Josh Brolin|Kate Winslet|Gattlin Griffith|Tobey Maguire|Tom Lipinski,2013,6.7,299
12246,Mongol: The Rise of Genghis Khan,History,Sergei Bodrov,Tadanobu Asano|Sun Honglei|Khulan Chuluun|Aliya|Ba Sen,2007,6.5,158
13809,RockNRolla,Action|Crime|Thriller,Guy Ritchie,Mark Strong|Tom Wilkinson|Toby Kebbell|Gerard Butler|Tom Hardy,2008,6.9,836
27380,Megaforce,Adventure|Action|Science Fiction,Hal Needham,Barry Bostwick|Michael Beck|Persis Khambatta|Henry Silva|George Furth,1982,3.5,15
10549,Hamlet,Drama,Kenneth Branagh,Kenneth Branagh|Derek Jacobi|Julie Christie|Richard Briers|Kate Winslet,1996,7.3,117
33870,Mao's Last Dancer,Drama|Romance,Bruce Beresford,Chi Cao|Chengwu Guo|Wen Bin Huang|Joan Chen|Bruce Greenwood,2009,6.8,28
245703,Midnight Special,Adventure|Drama|Science Fiction,Jeff Nichols,Michael Shannon|Jaeden Lieberher|Joel Edgerton|Kirsten Dunst|Adam Driver,2016,6.2,694
10739,Anything Else,Comedy|Romance,Woody Allen,Woody Allen|Jason Biggs|Christina Ricci|Stockard Channing|Danny DeVito,2003,6.2,149
127560,The Railway Man,Drama|History,Jonathan Teplitzky,Jeremy Irvine|Colin Firth|Stellan Skarsgård|Michael MacKenzie|Nicole Kidman,2013,6.7,273
37903,The White Ribbon,Crime|Drama|Mystery,Michael Haneke,Ursina Lardi|Ulrich Tukur|Burghart Klaußner|Christian Friedel|Leonie Benesch,2009,7.2,255
396152,Restoration,Horror,Zack Ward,Emily Roya O'Brien|Adrian Gaeta|Zack Ward|Sarah Ann Schultz,2016,5.3,11
10017,The Wraith,Romance|Science Fiction|Horror|Action|Crime,Mike Marvin,Charlie Sheen|Nick Cassavetes|Sherilyn Fenn|Randy Quaid|Matthew Barry,1986,5.9,108
11468,Salton Sea,Drama|Mystery|Thriller,D.J. Caruso,Val Kilmer|Vincent D'Onofrio|Adam Goldberg|Luis Guzmán|Doug Hutchison,2002,7.0,104
193613,Metallica: Through the Never,Music,Nimród Antal,Dane DeHaan|Mackenzie Gray|James Hetfield|Lars Ulrich|Kirk Hammett,2013,6.7,83
17436,The Informers,Drama,Gregor Jordan,Billy Bob Thornton|Kim Basinger|Mickey Rourke|Winona Ryder|Jon Foster,2008,4.4,60
43434,Carlos,Crime|Drama|Thriller|History,Olivier Assayas,Edgar Ramírez|Alexander Scheer|Fadi Abi Samra|Nora von Waldstätten|Talal El-Jordi,2010,6.7,50
31166,I Come with the Rain,Thriller|Drama,Tran Anh Hung,Josh Hartnett|Elias Koteas|Takuya Kimura|Lee Byung-hun|Tran Nu Yên-Khê,2009,5.6,20
69848,One Man's Hero,Western|Action|Drama|History,Lance Hool,Tom Berenger|Joaquim de Almeida|Daniela Romo|Mark Moses|Stuart Graham,1999,9.3,2
8408,Day of the Dead,Horror|Science Fiction,George A. Romero,Lori Cardille|Terry Alexander|Joseph Pilato|Jarlath Conroy|Anthony Dileo Jr.,1985,6.9,270
332411,I Am Wrath,Action|Crime|Drama|Thriller,Chuck Russell,John Travolta|Christopher Meloni|Rebecca De Mornay|Amanda Schull|Patrick St. Esprit,2016,4.5,179
9389,Renaissance,Action|Animation|Science Fiction,Christian Volckman,Daniel Craig|Catherine McCormack|Romola Garai|Jonathan Pryce|Ian Holm,2006,6.7,77
9626,Red Sonja,Adventure|Fantasy|Action,Richard Fleischer,"Arnold Schwarzenegger|Brigitte Nielsen|Sandahl Bergman|Paul L. Smith|Ernie Reyes, Jr.",1985,5.0,206
75638,Red Lights,Thriller,Rodrigo Cortés,Sigourney Weaver|Robert De Niro|Cillian Murphy|Elizabeth Olsen|Toby Jones,2012,6.0,376
8363,Superbad,Comedy,Greg Mottola,Jonah Hill|Michael Cera|Christopher Mintz-Plasse|Bill Hader|Seth Rogen,2007,7.0,2100
15670,Madea Goes to Jail,Comedy|Crime|Drama,Tyler Perry,Tyler Perry|Derek Luke|Keshia Knight Pulliam|Whoopi Goldberg|Ion Overman,2009,6.4,52
290555,Wolves,Horror|Action,David Hayter,Jason Momoa|Lucas Till|John Pyper-Ferguson|Stephen McHattie|Merritt Patterson,2014,5.7,82
8328,Step Up 2: The Streets,Music|Drama|Romance,Jon M. Chu,Briana Evigan|Robert Hoffman|Will Kemp|Cassie Ventura|Adam G. Sevani,2008,6.5,640
10982,Hoodwinked!,Animation|Comedy|Family,Cory Edwards,Anne Hathaway|Glenn Close|Jim Belushi|Patrick Warburton|Anthony Anderson,2005,5.9,479
205,Hotel Rwanda,Drama|History|War,Terry George,Don Cheadle|Sophie Okonedo|Nick Nolte|Fana Mokoena|Joaquin Phoenix,2004,7.5,793
1620,Hitman,Action|Crime|Drama|Thriller,Xavier Gens,Timothy Olyphant|Dougray Scott|Olga Kurylenko|Robert Knepper|Ulrich Thomsen,2007,5.9,966
175541,Black Nativity,Drama|Music,Kasi Lemmons,Forest Whitaker|Angela Bassett|Jennifer Hudson|Tyrese Gibson|Jacob Latimore,2013,5.8,16
241254,The Prince,Thriller|Action,Brian A Miller,Bruce Willis|Jason Patric|John Cusack|Jessica Lowndes|Gia Mantegna,2014,4.6,218
31932,City of Ghosts,Thriller,Matt Dillon,Matt Dillon|James Caan|Natascha McElhone|Gérard Depardieu|Stellan Skarsgård,2002,5.4,18
1933,The Others,Horror|Drama|Mystery|Thriller,Alejandro Amenábar,Nicole Kidman|Christopher Eccleston|Alakina Mann|James Bentley|Eric Sykes,2001,7.4,1660
679,Aliens,Horror|Action|Thriller|Science Fiction,James Cameron,Sigourney Weaver|Michael Biehn|James Remar|Paul Reiser|Lance Henriksen,1986,7.7,3220
11113,My Fair Lady,Drama|Family|Music|Romance,George Cukor,Audrey Hepburn|Rex Harrison|Stanley Holloway|Wilfrid Hyde-White|Gladys Cooper,1964,7.4,352
3597,I Know What You Did Last Summer,Horror|Thriller|Mystery,Jim Gillespie,Jennifer Love Hewitt|Sarah Michelle Gellar|Ryan Phillippe|Freddie Prinze Jr.|Bridgette Wilson,1997,5.6,687
193893,Let's Be Cops,Comedy,Luke Greenfield,Jake Johnson|Damon Wayans Jr.|Nina Dobrev|Rob Riggle|James D'Arcy,2014,6.4,1219
9675,Sideways,Comedy|Drama|Romance,Alexander Payne,Paul Giamatti|Thomas Haden Church|Virginia Madsen|Sandra Oh|Marylouise Burke,2004,6.9,478
9988,Beerfest,Comedy,Jay Chandrasekhar,Erik Stolhanske|Jay Chandrasekhar|Steve Lemme|Paul Soter|M.C. Gainey,2006,5.8,172
948,Halloween,Horror|Thriller,John Carpenter,Donald Pleasence|Jamie Lee Curtis|P.J. Soles|Nancy Kyes|Nick Castle,1978,7.4,1035
21765,Good Boy!,Comedy|Family|Science Fiction,John Robert Hoffman,Molly Shannon|Liam Aiken|Matthew Broderick|Donald Faison|Cheech Marin,2003,4.7,30
146304,The Best Man Holiday,Comedy,Malcolm D. Lee,Terrence Howard|Harold Perrineau|Morris Chestnut|Sanaa Lathan|Taye Diggs,2013,6.7,110
7516,Smokin' Aces,Action|Comedy|Crime|Thriller,Joe Carnahan,Ryan Reynolds|Ray Liotta|Joseph Ruskin|Alex Rocco|Wayne Newton,2006,6.4,534
41439,Saw: The Final Chapter,Horror|Crime,Kevin Greutert,Tobin Bell|Costas Mandylor|Betsy Russell|Cary Elwes|Sean Patrick Flanery,2010,5.8,730
2752,40 Days and 40 Nights,Comedy|Romance,Michael Lehmann,Josh Hartnett|Shannyn Sossamon|Adam Trese|Emmanuelle Vaugier|Barry Newman,2002,5.2,297
9429,A Night at the Roxbury,Comedy,John Fortenberry,Will Ferrell|Chris Kattan|Jennifer Coolidge|Michael Clarke Duncan|Eva Mendes,1998,5.9,198
38117,Beastly,Drama|Fantasy|Romance,Daniel Barnz,Alex Pettyfer|Vanessa Hudgens|Mary-Kate Olsen|Lisa Gay Hamilton|Neil Patrick Harris,2011,6.0,849
9792,The Hills Have Eyes,Horror|Thriller,Alexandre Aja,Aaron Stanford|Kathleen Quinlan|Vinessa Shaw|Emilie de Ravin|Dan Byrd,2006,6.1,705
13778,Dickie Roberts: Former Child Star,Comedy,Sam Weisman,David Spade|Mary McCormack|Craig Bierko|Scott Terra|Jenna Boyd,2003,5.1,64
228203,"McFarland, USA",Drama,Niki Caro,Kevin Costner|Ramiro Rodriguez|Carlos Pratts|Johnny Ortiz|Rafael Martinez,2015,7.4,213
41382,Lottery Ticket,Comedy,Erik White,Shad Moss|Brandon T. Jackson|Naturi Naughton|Loretta Devine|Teairra Mari,2010,5.6,54
13960,ATL,Drama,Christian Robinson,T.I.|Evan Ross|Jackie Long|Lauren London|Albert Daniels,2006,6.0,32
114150,Pitch Perfect,Comedy|Music|Romance,Jason Moore,Anna Kendrick|Skylar Astin|Brittany Snow|Anna Camp|Rebel Wilson,2012,7.3,2247
26602,Summer Catch,Drama|Comedy|Romance,Mike Tollin,Freddie Prinze Jr.|Jessica Biel|Fred Ward|Matthew Lillard|Brian Dennehy,2001,4.8,63
10223,A Simple Plan,Drama|Crime|Thriller,Sam Raimi,Bill Paxton|Bridget Fonda|Billy Bob Thornton|Brent Briscoe|Chelcie Ross,1998,6.9,187
16028,They,Horror|Thriller,Robert Harmon,Laura Regan|Marc Blucas|Ethan Embry|Dagmara Domińczyk|Jon Abrahams,2002,4.6,74
15639,Larry the Cable Guy: Health Inspector,Comedy,Trent Cooper,Larry the Cable Guy|Iris Bahr|Tony Hale|David Koechner|Brooke Dillman,2006,3.3,17
16112,The Adventures of Elmo in Grouchland,Family,Gary Halvorson,Kevin Clash|Mandy Patinkin|Vanessa Williams|Sonia Manzano|Roscoe Orman,1999,6.3,14
26390,Brooklyn's Finest,Crime|Drama|Thriller,Antoine Fuqua,Richard Gere|Don Cheadle|Ethan Hawke|Wesley Snipes|Vincent D'Onofrio,2009,6.2,293
27759,55 Days at Peking,Action|Drama|History,Nicholas Ray,Charlton Heston|Ava Gardner|David Niven|Burt Kwouk|Flora Robson,1963,6.3,36
109428,Evil Dead,Horror,Fede Alvarez,Jane Levy|Shiloh Fernandez|Lou Taylor Pucci|Jessica Lucas|Elizabeth Blackmore,2013,6.4,1723
23049,My Life in Ruins,Comedy|Romance,Donald Petrie,Nia Vardalos|Richard Dreyfuss|Alexis Georgoulis|Alistair McGowan|Harland Williams,2009,5.6,101
9310,American Dreamz,Comedy|Drama|Family,Paul Weitz,Hugh Grant|Dennis Quaid|Mandy Moore|Willem Dafoe|Chris Klein,2006,4.9,95
11411,Superman IV: The Quest for Peace,Action|Adventure|Science Fiction,Sidney J. Furie,Christopher Reeve|Margot Kidder|Gene Hackman|Jackie Cooper|Marc McClure,1987,4.1,318
16988,How She Move,Drama,Ian Iqbal Rashid,Rutina Wesley|Dwain Murphy|Boyd Banks|Clé Bennett|Nina Dobrev,2008,3.0,6
7304,Running Scared,Action|Crime|Drama|Thriller,Wayne Kramer,Paul Walker|Cameron Bright|Vera Farmiga|Chazz Palminteri|Karel Roden,2006,7.0,331
24747,Bobby Jones: Stroke of Genius,Drama,Rowdy Herrington,Jim Caviezel|Claire Forlani|Jeremy Northam|Malcolm McDowell|Aidan Quinn,2004,5.5,19
58048,Shanghai Surprise,Adventure,Jim Goddard,Madonna|Sean Penn|Paul Freeman|Richard Griffiths|Clyde Kusatsu,1986,2.9,15
1491,The Illusionist,Fantasy|Drama|Thriller|Romance,Neil Burger,Edward Norton|Jessica Biel|Paul Giamatti|Rufus Sewell|Eddie Marsan,2006,7.1,1615
2989,Roar,Adventure|Thriller,Noel Marshall,Tippi Hedren|Melanie Griffith|Jerry Marshall|Kyalo Mativo|Rick Glassey,1981,5.6,19
10629,Veronica Guerin,Drama|Crime|Thriller,Joel Schumacher,Cate Blanchett|Gerard McSorley|Ciarán Hinds|Brenda Fricker|Don Wycherley,2003,6.8,59
255343,Escobar: Paradise Lost,Thriller|Romance,Andrea Di Stefano,Benicio del Toro|Josh Hutcherson|Brady Corbet|Claudia Traisac|Carlos Bardem,2014,6.1,271
4723,Southland Tales,Action|Adventure|Comedy|Drama|Science Fiction|Thriller,Richard Kelly,Dwayne Johnson|Seann William Scott|Sarah Michelle Gellar|Mandy Moore|Will Sasso,2006,5.2,153
10800,Dragon Hunters,Animation|Family,Guillaume Ivernel,Vincent Lindon|Patrick Timsit|Philippe Nahon|Amanda Lear|Marie Drion,2008,6.5,129
25763,Damnation Alley,Action|Adventure|Science Fiction,Jack Smight,Jan-Michael Vincent|George Peppard|Dominique Sanda|Paul Winfield|Jackie Earle Haley,1977,5.0,27
79694,The Apparition,Horror|Thriller,Todd Lincoln ,Ashley Greene|Sebastian Stan|Tom Felton|Julianna Guill|Luke Pasqualino,2012,4.5,140
4032,My Girl,Comedy|Drama|Family,Howard Zieff,Anna Chlumsky|Macaulay Culkin|Dan Aykroyd|Jamie Lee Curtis|Richard Masur,1991,7.0,428
18615,Fur: An Imaginary Portrait of Diane Arbus,Drama|Mystery|Romance,Steven Shainberg,Nicole Kidman|Robert Downey Jr.|Ty Burrell|Harris Yulin|Jane Alexander,2006,5.8,73
10673,Wall Street,Crime|Drama,Oliver Stone,Charlie Sheen|Michael Douglas|Martin Sheen|Daryl Hannah|John C. McGinley,1987,7.0,546
4584,Sense and Sensibility,Drama|Romance,Ang Lee,Kate Winslet|Emma Thompson|Hugh Grant|Tom Wilkinson|Alan Rickman,1995,7.2,352
2977,Becoming Jane,Drama|Romance,Julian Jarrold,Anne Hathaway|James McAvoy|Julie Walters|James Cromwell|Maggie Smith,2007,6.9,317
10760,Sydney White,Comedy,Joe Nussbaum,Amanda Bynes|Sara Paxton|Matt Long|Jeremy Howard|Danny Strong,2007,6.0,236
11093,House of Sand and Fog,Drama,Vadim Perelman,Jennifer Connelly|Ben Kingsley|Ron Eldard|Frances Fisher|Kim Dickens,2003,7.0,199
207,Dead Poets Society,Drama,Peter Weir,Robin Williams|Ethan Hawke|Robert Sean Leonard|Gale Hansen|Josh Charles,1989,8.1,2705
8467,Dumb and Dumber,Comedy,Bobby Farrelly,Jim Carrey|Jeff Daniels|Lauren Holly|Teri Garr|Mike Starr,1994,6.5,1859
639,When Harry Met Sally...,Comedy|Romance|Drama,Rob Reiner,Meg Ryan|Billy Crystal|Carrie Fisher|Bruno Kirby|Steven Ford,1989,7.3,950
24226,The Verdict,Drama,Sidney Lumet,Paul Newman|Charlotte Rampling|Jack Warden|James Mason|Milo O'Shea,1982,7.4,131
9285,Road Trip,Comedy|Adventure,Todd Phillips,Breckin Meyer|Seann William Scott|Amy Smart|Paulo Costanzo|DJ Qualls,2000,5.9,542
14709,Varsity Blues,Comedy|Drama|Romance,Brian Robbins,James Van Der Beek|Amy Smart|Jon Voight|Paul Walker|Ron Lester,1999,6.0,122
74643,The Artist,Drama|Comedy|Romance,Michel Hazanavicius,Jean Dujardin|Bérénice Bejo|John Goodman|James Cromwell|Penelope Ann Miller,2011,7.3,1049
13788,The Unborn,Horror|Thriller|Mystery,David S. Goyer,Odette Annable|Gary Oldman|Meagan Good|Cam Gigandet|Idris Elba,2009,4.8,365
83666,Moonrise Kingdom,Comedy|Drama|Romance,Wes Anderson,Bruce Willis|Edward Norton|Jared Gilman|Kara Hayward|Bill Murray,2012,7.6,1662
10781,The Texas Chainsaw Massacre: The Beginning,Horror,Jonathan Liebesman,Jordana Brewster|Taylor Handley|Diora Baird|Matt Bomer|R. Lee Ermey,2006,5.9,402
318850,The Young Messiah,Drama,Cyrus Nowrasteh,Adam Greaves-Neal|Sara Lazzaro|Vincent Walsh|Sean Bean|Jonathan Bailey,2016,6.4,30
13908,The Master of Disguise,Comedy|Family,Perry Andelin Blake,Dana Carvey|Brent Spiner|Jennifer Esposito|Harold Gould|James Brolin,2002,3.7,78
1417,Pan's Labyrinth,Fantasy|Drama|War,Guillermo del Toro,Ivana Baquero|Maribel Verdú|Sergi López|Doug Jones|Ariadna Gil,2006,7.6,3041
39180,See Spot Run,Action|Comedy|Family,John Whitesell,Michael Clarke Duncan|David Arquette|Leslie Bibb|Joe Viterelli|Steve Schirripa,2001,4.8,44
16161,Baby Boy,Crime|Drama|Romance,John Singleton,Tyrese Gibson|Taraji P. Henson|Omar Gooding|Ving Rhames|Snoop Dogg,2001,7.4,55
49950,The Roommate,Thriller|Drama|Horror,Christian E. Christiansen,Minka Kelly|Leighton Meester|Cam Gigandet|Aly Michalka|Matt Lanter,2011,5.3,224
10956,Joe Dirt,Mystery|Adventure|Comedy|Romance|Drama,Dennie Gordon,David Spade|Brittany Daniel|Dennis Miller|Adam Beach|Jaime Pressly,2001,5.5,242
9594,Double Impact,Thriller|Action|Crime|Drama,Sheldon Lettich,Jean-Claude Van Damme|Geoffrey Lewis|Alonna Shaw|Cory Everson|Philip Chan Yan-Kin,1991,5.3,215
4638,Hot Fuzz,Crime|Action|Comedy,Edgar Wright,Simon Pegg|Nick Frost|Jim Broadbent|Paddy Considine|Rafe Spall,2007,7.4,2199
13972,The Women,Comedy|Drama|Romance,Diane English,Cloris Leachman|India Ennenga|Annette Bening|Eva Mendes|Debra Messing,2008,4.6,96
5038,Vicky Cristina Barcelona,Drama|Romance,Woody Allen,Scarlett Johansson|Rebecca Hall|Javier Bardem|Penélope Cruz|Christopher Evan Welch,2008,6.7,1020
13491,Arn: The Knight Templar,Action|Adventure|Drama|Romance,Peter Flinth,Joakim Nätterqvist|Sofia Helin|Stellan Skarsgård|Michael Nyqvist|Mirja Turestedt,2007,6.4,76
10571,Boys and Girls,Comedy|Drama|Romance,Robert Iscove,Freddie Prinze Jr.|Claire Forlani|Jason Biggs|Amanda Detmer|Alyson Hannigan,2000,5.4,103
10994,White Oleander,Drama,Peter Kosminsky,Alison Lohman|Michelle Pfeiffer|Cole Hauser|Robin Wright|Amy Aquino,2002,7.2,108
19994,Jennifer's Body,Comedy|Horror,Karyn Kusama,Megan Fox|Amanda Seyfried|Johnny Simmons|Adam Brody|J.K. Simmons,2009,5.3,837
25166,Drowning Mona,Comedy|Crime|Mystery,Nick Gomez,Danny DeVito|Bette Midler|Neve Campbell|Jamie Lee Curtis|Casey Affleck,2000,5.4,43
30890,Radio Days,Comedy|Drama,Woody Allen,Woody Allen|Mia Farrow|Jeff Daniels|Larry David|Todd Field,1987,7.0,127
23169,Remember Me,Drama|Romance,Allen Coulter,Robert Pattinson|Emilie de Ravin|Pierce Brosnan|Lena Olin|Chris Cooper,2010,6.9,948
17403,How to Deal,Drama|Comedy|Romance,Clare Kilner,Mandy Moore|Trent Ford|Allison Janney|Alexandra Holden|Dylan Baker,2003,5.7,42
12120,My Stepmother is an Alien,Comedy|Science Fiction,Richard Benjamin,Dan Aykroyd|Kim Basinger|Jon Lovitz|Alyson Hannigan|Seth Green,1988,5.3,131
9800,Philadelphia,Drama,Jonathan Demme,Tom Hanks|Denzel Washington|Jason Robards|Mary Steenburgen|Antonio Banderas,1993,7.6,988
1090,The Thirteenth Floor,Thriller|Science Fiction|Mystery,Josef Rusnak,Craig Bierko|Armin Mueller-Stahl|Gretchen Mol|Vincent D'Onofrio|Dennis Haysbert,1999,6.8,378
18475,The Cookout,Comedy|Drama,Lance Rivera,Ja Rule|Tim Meadows|Jenifer Lewis|Jonathan Silverman|Eve,2004,4.6,10
40160,Meteor,Action|Science Fiction|Thriller,Ronald Neame,Sean Connery|Natalie Wood|Karl Malden|Brian Keith|Martin Landau,1979,5.1,36
18074,Duets,Comedy|Drama|Music,Bruce Paltrow,Gwyneth Paltrow|Scott Speedman|Maria Bello|Paul Giamatti|Andre Braugher,2000,5.5,34
9689,Hollywood Ending,Comedy|Drama,Woody Allen,Woody Allen|George Hamilton|Téa Leoni|Debra Messing|Mark Rydell,2002,6.4,113
9781,Detroit Rock City,Comedy|Music,Adam Rifkin,Giuseppe Andrews|James DeBello|Edward Furlong|Sam Huntington|Lin Shaye,1999,6.7,100
8009,Highlander,Adventure|Action|Fantasy,Russell Mulcahy,Christopher Lambert|Roxanne Hart|Clancy Brown|Sean Connery|Beatie Edney,1986,6.8,624
3877,Things We Lost in the Fire,Drama,Susanne Bier,Halle Berry|Benicio del Toro|David Duchovny|Alison Lohman|Sarah Dubrovsky,2007,6.7,90
8854,Steel,Science Fiction|Action|Adventure,Kenneth Johnson,Shaquille O'Neal|Annabeth Gish|Richard Roundtree|Judd Nelson|Irma P. Hall,1997,4.3,48
152599,The Immigrant,Drama|Romance,James Gray,Marion Cotillard|Jeremy Renner|Joaquin Phoenix|Dagmara Domińczyk|Gabriel Rush,2013,6.2,250
18840,The White Countess,Drama|History|Family|Romance,James Ivory,Ralph Fiennes|Natasha Richardson|Hiroyuki Sanada|Lynn Redgrave|Vanessa Redgrave,2005,6.9,21
68727,Trance,Thriller|Crime|Drama|Mystery,Danny Boyle,James McAvoy|Vincent Cassel|Rosario Dawson|Matt Cross|Danny Sapani,2013,6.5,956
12657,Soul Plane,Romance|Comedy,Jessy Terrero,Tom Arnold|Kevin Hart|Method Man|Snoop Dogg|K. D. Aubert,2004,4.7,108
8265,Welcome to the Sticks,Comedy,Dany Boon,Kad Merad|Dany Boon|Zoé Félix|Lorenzo Ausilia-Foret|Anne Marivin,2008,6.8,615
12410,Good,Drama,Vicente Amorim,Viggo Mortensen|Jason Isaacs|Mark Strong|Steven Mackintosh|Jodie Whittaker,2008,6.3,29
34647,Enter the Void,Fantasy|Drama,Gaspar Noé,Nathaniel Brown|Paz de la Huerta|Cyril Roy|Masato Tanno|Jesse Kuhn,2009,7.2,387
73935,Vamps,Comedy|Romance|Horror,Amy Heckerling,Alicia Silverstone|Krysten Ritter|Sigourney Weaver|Richard Lewis|Wallace Shawn,2012,4.8,91
28178,Hachi: A Dog's Tale,Drama|Family,Lasse Hallström,Richard Gere|Joan Allen|Jason Alexander|Cary-Hiroyuki Tagawa|Sarah Roemer,2009,7.7,1717
185567,Zulu,Crime|Drama|Thriller,Jérôme Salle,Orlando Bloom|Forest Whitaker|Conrad Kemp|Inge Beckmann|Tinarie Van Wyk-Loots,2013,6.7,172
264656,The Homesman,Western|Drama,Tommy Lee Jones,Hilary Swank|Tommy Lee Jones|Grace Gummer|Meryl Streep|Miranda Otto,2014,6.4,258
35696,Juwanna Mann,Comedy|Drama,Jesse Vaughan,"Miguel A. Núñez, Jr.|Vivica A. Fox|Kevin Pollak|Tommy Davidson|Ginuwine",2002,4.2,20
16351,Ararat,War|Drama,Atom Egoyan,Simon Abkarian|Charles Aznavour|Christopher Plummer|Arsinée Khanjian|David Alpay,2002,5.7,16
38717,Madison,Action|Adventure|Drama,William Bindley,Jim Caviezel|Jake Lloyd|Mary McCormack|Bruce Dern|Paul Dooley,2001,5.3,3
18777,Slow Burn,Mystery|Crime|Drama|Thriller,Wayne Beach,Ray Liotta|LL Cool J|Mekhi Phifer|Jolene Blalock|Chiwetel Ejiofor,2005,5.5,16
2110,Wasabi,Drama|Action|Comedy,Gérard Krawczyk,Jean Reno|Ryoko Hirosue|Michel Muller|Carole Bouquet|Yoshi Oida,2001,6.2,283
9035,Slither,Comedy|Horror|Science Fiction,James Gunn,Nathan Fillion|Don Thompson|Elizabeth Banks|Gregg Henry|Xantha Radley,2006,6.3,317
90,Beverly Hills Cop,Action|Comedy|Crime,Martin Brest,Eddie Murphy|Judge Reinhold|John Ashton|Ronny Cox|Paul Reiser,1984,6.8,961
771,Home Alone,Comedy|Family,Chris Columbus,Macaulay Culkin|Joe Pesci|Daniel Stern|John Heard|Catherine O'Hara,1990,7.1,2414
12154,Three Men and a Baby,Family|Comedy|Drama,Leonard Nimoy,Tom Selleck|Steve Guttenberg|Ted Danson|Nancy Travis|Margaret Colin,1987,5.8,253
9576,Tootsie,Comedy|Romance,Sydney Pollack,Dustin Hoffman|Jessica Lange|Teri Garr|Dabney Coleman|Charles Durning,1982,6.9,421
744,Top Gun,Action|Romance|War,Tony Scott,Tom Cruise|Kelly McGillis|Val Kilmer|Anthony Edwards|Tom Skerritt,1986,6.7,1698
146,"Crouching Tiger, Hidden Dragon",Adventure|Drama|Action|Romance,Ang Lee,Chow Yun-fat|Michelle Yeoh|Zhang Ziyi|Chang Chen|Cheng Pei-Pei,2000,7.2,927
14,American Beauty,Drama,Sam Mendes,Kevin Spacey|Annette Bening|Thora Birch|Wes Bentley|Mena Suvari,1999,7.9,3313
45269,The King's Speech,Drama|History,Tom Hooper,Colin Firth|Geoffrey Rush|Helena Bonham Carter|Guy Pearce|Timothy Spall,2010,7.6,2752
9493,Twins,Comedy,Ivan Reitman,Arnold Schwarzenegger|Danny DeVito|Kelly Preston|Chloe Webb|David Caruso,1988,5.7,559
22556,The Yellow Handkerchief,Drama|Romance,Udayan Prasad,William Hurt|Maria Bello|Kristen Stewart|Eddie Redmayne|Veronica Russell,2008,6.4,52
873,The Color Purple,Drama,Steven Spielberg,Whoopi Goldberg|Margaret Avery|Danny Glover|Akosua Busia|Oprah Winfrey,1985,7.7,338
33196,Tidal Wave,Action|Adventure|Drama|Thriller,Yoon Je-kyoon,Park Joong-hoon|Sol Kyung-gu|Uhm Jung-hwa|Ha Ji-won|Lee Briggs,2009,6.5,48
205596,The Imitation Game,History|Drama|Thriller|War,Morten Tyldum,Benedict Cumberbatch|Keira Knightley|Matthew Goode|Rory Kinnear|Allen Leech,2014,8.0,5723
10765,Private Benjamin,Comedy,Howard Zieff,Goldie Hawn|Eileen Brennan|Armand Assante|Robert Webber|Mary Kay Place,1980,6.0,102
16769,Coal Miner's Daughter,Drama|Music,Michael Apted,Sissy Spacek|Tommy Lee Jones|Levon Helm|Beverly D'Angelo|William Sanderson,1980,7.2,67
33217,Diary of a Wimpy Kid,Comedy|Family,Thor Freudenthal,Zachary Gordon|Robert Capron|Rachael Harris|Steve Zahn|Devon Bostick,2010,5.9,355
132232,Mama,Horror,Andy Muschietti,Jessica Chastain|Nikolaj Coster-Waldau|Megan Charpentier|Isabelle Nélisse|Daniel Kash,2013,6.0,1401
11153,National Lampoon's Vacation,Comedy|Adventure|Romance,Harold Ramis,Chevy Chase|Beverly D'Angelo|Imogene Coca|Randy Quaid|Anthony Michael Hall,1983,7.1,410
208134,Bad Grandpa,Comedy,Jeff Tremaine,Johnny Knoxville|Jackson Nicoll|Georgina Cates|Spike Jonze|Catherine Keener,2013,6.0,680
1165,The Queen,Drama,Stephen Frears,Helen Mirren|Michael Sheen|James Cromwell|Sylvia Syms|Helen McCrory,2006,6.8,338
4011,Beetlejuice,Fantasy|Comedy,Tim Burton,Geena Davis|Alec Baldwin|Winona Ryder|Michael Keaton|Catherine O'Hara,1988,7.1,1444
17202,Why Did I Get Married?,Comedy|Drama,Tyler Perry,Tyler Perry|Jill Scott|Janet Jackson|Michael Jai White|Malik Yoba,2007,6.1,33
9587,Little Women,Drama|Romance,Gillian Armstrong,Winona Ryder|Gabriel Byrne|Trini Alvarado|Samantha Mathis|Kirsten Dunst,1994,7.0,215
65086,The Woman in Black,Drama|Horror|Thriller,James Watkins,Daniel Radcliffe|Ciarán Hinds|Sidney Johnston|Alisa Khazanova|Mary Stockley,2012,6.1,1206
10053,When a Stranger Calls,Horror|Thriller,Simon West,Camilla Belle|Katie Cassidy|Tommy Flanagan|Brian Geraghty|Clark Gregg,2006,5.4,268
11870,Big Fat Liar,Comedy|Family,Shawn Levy,Frankie Muniz|Paul Giamatti|Amanda Bynes|Amanda Detmer|Donald Faison,2002,5.6,197
11778,The Deer Hunter,Drama|War,Michael Cimino,Robert De Niro|John Cazale|John Savage|Christopher Walken|Meryl Streep,1978,7.8,921
586,Wag the Dog,Comedy|Drama,Barry Levinson,Dustin Hoffman|Robert De Niro|Anne Heche|Woody Harrelson|Jim Belushi,1997,6.7,270
18736,The Lizzie McGuire Movie,Family|Comedy,Jim Fall,Hilary Duff|Adam Lamberg|Hallie Todd|Robert Carradine|Jake Thomas,2003,5.7,280
134411,Snitch,Thriller|Drama,Ric Roman Waugh,Dwayne Johnson|Barry Pepper|Jon Bernthal|Susan Sarandon|Michael Kenneth Williams,2013,5.8,1138
287903,Krampus,Horror|Comedy|Fantasy,Michael Dougherty,Adam Scott|Toni Collette|Allison Tolman|David Koechner|Emjay Anthony,2015,5.9,584
9276,The Faculty,Horror|Mystery|Science Fiction,Robert Rodriguez,Jordana Brewster|Elijah Wood|Clea DuVall|Laura Harris|Josh Hartnett,1998,6.2,492
15765,What's Love Got to Do with It,Drama|Music,Brian Gibson,Angela Bassett|Laurence Fishburne|Vanessa Bell Calloway|Rae'Ven Larrymore Kelly|Virginia Capers,1993,6.9,72
2142,Cop Land,Action|Crime|Drama,James Mangold,Sylvester Stallone|Harvey Keitel|Ray Liotta|Robert De Niro|Michael Rapaport,1997,6.6,382
11397,Not Another Teen Movie,Comedy,Joel Gallen,Chyler Leigh|Chris Evans|Jaime Pressly|Eric Christian Olsen|Mia Kirshner,2001,5.5,431
77016,End of Watch,Crime|Drama|Thriller,David Ayer,Jake Gyllenhaal|Michael Peña|Natalie Martinez|Anna Kendrick|David Harbour,2012,7.2,1170
11478,The Skulls,Crime|Drama|Thriller,Rob Cohen,Joshua Jackson|Paul Walker|Hill Harper|Leslie Bibb|Christopher McDonald,2000,5.8,156
266856,The Theory of Everything,Drama|Romance,James Marsh,Eddie Redmayne|Felicity Jones|Charlie Cox|Emily Watson|Simon McBurney,2014,7.8,3311
13411,Malibu's Most Wanted,Comedy|Crime,John Whitesell,Jamie Kennedy|Taye Diggs|Anthony Anderson|Regina Hall|Blair Underwood,2003,4.7,77
10564,Where the Heart Is,Comedy|Drama|Romance,Matt Williams,Natalie Portman|Ashley Judd|Stockard Channing|Joan Cusack|Sally Field,2000,6.9,155
947,Lawrence of Arabia,Adventure|Drama|History|War,David Lean,Peter O'Toole|Alec Guinness|Anthony Quinn|Jack Hawkins|Omar Sharif,1962,7.8,851
24150,Halloween II,Horror,Rob Zombie,Scout Taylor-Compton|Sheri Moon Zombie|Tyler Mane|Chase Wright Vanek|Brad Dourif,2009,5.1,267
228970,Wild,Drama,Jean-Marc Vallée,Reese Witherspoon|Laura Dern|Thomas Sadoski|Keene McRae|Michiel Huisman,2014,7.0,951
18405,The Last House on the Left,Crime|Thriller|Horror|Drama,Dennis Iliadis,Garret Dillahunt|Michael Bowen|Joshua Cox|Riki Lindhome|Aaron Paul,2009,6.2,440
6961,The Wedding Date,Comedy|Romance,Clare Kilner,Debra Messing|Dermot Mulroney|Amy Adams|Jack Davenport|Jeremy Sheffield,2005,6.2,230
11442,Halloween: Resurrection,Horror|Thriller,Rick Rosenthal,Jamie Lee Curtis|Brad Loree|Busta Rhymes|Bianca Kajlich|Katee Sackhoff,2002,4.5,228
2493,The Princess Bride,Adventure|Family|Fantasy|Comedy|Romance,Rob Reiner,Cary Elwes|Robin Wright|Mandy Patinkin|André the Giant|Chris Sarandon,1987,7.6,1486
14047,The Great Debaters,Drama,Denzel Washington,Denzel Washington|Nate Parker|Forest Whitaker|Denzel Whitaker|Kimberly Elise,2007,6.9,151
64690,Drive,Drama|Action|Thriller|Crime,Nicolas Winding Refn,Ryan Gosling|Carey Mulligan|Bryan Cranston|Albert Brooks|Oscar Isaac,2011,7.4,3725
11132,Confessions of a Teenage Drama Queen,Comedy,Sara Sugarman,Lindsay Lohan|Adam Garcia|Glenne Headly|Alison Pill|Megan Fox,2004,5.1,221
17127,The Object of My Affection,Comedy|Drama|Romance,Nicholas Hytner,Jennifer Aniston|Paul Rudd|Hayden Panettiere|Alan Alda|Allison Janney,1998,5.6,72
1562,28 Weeks Later,Horror|Thriller|Science Fiction,Juan Carlos Fresnadillo,Imogen Poots|Robert Carlyle|Rose Byrne|Jeremy Renner|Harold Perrineau,2007,6.5,1197
232679,When the Game Stands Tall,Drama,Thomas Carter,Jim Caviezel|Michael Chiklis|Laura Dern|Clancy Brown|Ser'Darius Blain,2014,6.3,130
17880,Because of Winn-Dixie,Comedy|Drama|Family,Wayne Wang,Jeff Daniels|AnnaSophia Robb|Cicely Tyson|Eva Marie Saint|Dave Matthews,2005,6.1,61
14736,Love & Basketball,Action|Comedy|Drama|Romance,Gina Prince-Bythewood,"Chris Warren, Jr.|Kyla Pratt|Sanaa Lathan|Omar Epps|Alfre Woodard",2000,7.4,88
9434,Grosse Pointe Blank,Action|Comedy|Thriller|Romance,George Armitage,John Cusack|Minnie Driver|Dan Aykroyd|Joan Cusack|Alan Arkin,1997,6.9,275
23706,All About Steve,Comedy,Phil Traill,Sandra Bullock|Thomas Haden Church|Bradley Cooper|Ken Jeong|DJ Qualls,2009,4.7,295
11531,Book of Shadows: Blair Witch 2,Mystery|Thriller|Horror,Joe Berlinger,Kim Director|Jeffrey Donovan|Erica Leerhsen|Tristine Skyler|Stephen Barker Turner,2000,4.3,212
9100,The Craft,Drama|Fantasy|Horror|Thriller,Andrew Fleming,Robin Tunney|Fairuza Balk|Neve Campbell|Rachel True|Skeet Ulrich,1996,6.3,380
116,Match Point,Drama|Thriller|Crime|Romance,Woody Allen,Jonathan Rhys Meyers|Scarlett Johansson|Emily Mortimer|Brian Cox|Penelope Wilton,2005,7.3,1105
38843,Ramona and Beezus,Comedy|Family,Elizabeth Allen Rosenbaum,Joey King|Selena Gomez|John Corbett|Bridget Moynahan|Ginnifer Goodwin,2010,6.1,245
1245,The Remains of the Day,Drama|Romance,James Ivory,Anthony Hopkins|Emma Thompson|James Fox|Christopher Reeve|Hugh Grant,1993,7.5,202
4995,Boogie Nights,Drama,Paul Thomas Anderson,Mark Wahlberg|Burt Reynolds|John C. Reilly|Julianne Moore|Thomas Jane,1997,7.5,796
10413,Nowhere to Run,Action|Adventure|Drama|Thriller,Robert Harmon,Jean-Claude Van Damme|Rosanna Arquette|Kieran Culkin|Ted Levine|Tiffany Taubman,1993,5.5,119
14012,Flicka,Drama,Michael Mayer,Tim McGraw|Maria Bello|Armie Hammer|Alison Lohman|Ryan Kwanten,2006,6.1,52
9793,The Hills Have Eyes 2,Horror|Thriller,Martin Weisz,Michael Bailey Smith|Archie Kao|Jay Acovone|Jeff Kober|Philip Pavel,2007,5.2,351
12212,Urban Legends: Final Cut,Horror,John Ottman,Jennifer Morrison|Matthew Davis|Loretta Devine|Hart Bochner|Anthony Anderson,2000,4.4,100
13768,Tuck Everlasting,Fantasy|Drama|Science Fiction|Romance|Family,Jay Russell,Alexis Bledel|William Hurt|Sissy Spacek|Jonathan Jackson|Scott Bairstow,2002,6.4,128
8975,The Marine,Action|Adventure|Drama|Thriller,John Bonito,John Cena|Kelly Carlson|Robert Patrick|Abigail Bianca|Anthony Ray Parker,2006,5.0,163
342521,Keanu,Action|Comedy,Peter Atencio,Jordan Peele|Keegan-Michael Key|Tiffany Haddish|Method Man|Darrell Britt-Gibson,2016,6.0,421
45272,Country Strong,Drama|Romance,Shana Feste,Gwyneth Paltrow|Garrett Hedlund|Tim McGraw|Leighton Meester|Marshall Chapman,2010,5.9,80
9424,Disturbing Behavior,Mystery|Horror|Science Fiction,David Nutter,James Marsden|Katie Holmes|Nick Stahl|Steve Railsback|Bruce Greenwood,1998,5.5,104
97367,The Place Beyond the Pines,Drama|Crime,Derek Cianfrance,Ryan Gosling|Bradley Cooper|Eva Mendes|Dane DeHaan|Emory Cohen,2013,6.8,1653
254904,The November Man,Crime|Action|Thriller,Roger Donaldson,Pierce Brosnan|Luke Bracey|Olga Kurylenko|Bill Smitrovich|Amila Terzimehic,2014,6.0,639
18681,Eye of the Beholder,Drama|Mystery|Thriller,Stephan Elliott,Ewan McGregor|Ashley Judd|Patrick Bergin|k.d. lang|Geneviève Bujold,1999,5.3,42
12162,The Hurt Locker,Drama|Thriller|War,Kathryn Bigelow,Jeremy Renner|Anthony Mackie|Brian Geraghty|Guy Pearce|Ralph Fiennes,2008,7.2,1840
11495,Firestarter,Fantasy|Drama|Horror|Action|Thriller,Mark L. Lester,David Keith|Drew Barrymore|Freddie Jones|Heather Locklear|Martin Sheen,1984,5.9,173
64689,Killing Them Softly,Crime|Thriller,Andrew Dominik,Brad Pitt|Scoot McNairy|Ben Mendelsohn|James Gandolfini|Ray Liotta,2012,5.8,742
157849,A Most Wanted Man,Thriller,Anton Corbijn,Philip Seymour Hoffman|Rachel McAdams|Robin Wright|Daniel Brühl|Willem Dafoe,2014,6.5,541
13166,Freddy Got Fingered,Comedy,Tom Green,Tom Green|Rip Torn|Marisa Coughlan|Eddie Kaye Thomas|Harland Williams,2001,4.6,115
15511,VeggieTales: The Pirates Who Don't Do Anything,Adventure|Animation|Comedy|Science Fiction|Family,Mike Nawrocki,Phil Vischer|Mike Nawrocki|Cam Clarke|Laura Gerow|Yuri Lowenthal,2008,5.9,25
37003,U2 3D,Music|Documentary,Mark Pellington,Bono|The Edge|Adam Clayton| Larry Mullen Jr.,2007,6.7,10
12211,Highlander: Endgame,Action|Fantasy|Science Fiction,Douglas Aarniokoski,Christopher Lambert|Bruce Payne|Adrian Paul|Donnie Yen|Lisa Barbuscia,2000,4.4,104
13816,Idlewild,Crime|Drama|Music,Bryan Barber,André Benjamin|Paula Patton|Terrence Howard|Faizon Love|Malinda Williams,2006,5.1,17
51828,One Day,Drama|Romance,Lone Scherfig,Anne Hathaway|Jim Sturgess|Patricia Clarkson|Ken Stott|Romola Garai,2011,7.0,978
22798,Whip It,Drama,Drew Barrymore,Ellen Page|Alia Shawkat|Kristen Wiig|Drew Barrymore|Shannon Eagen,2009,6.7,357
7501,Knockaround Guys,Crime|Thriller,Brian Koppelman,Barry Pepper|Andy Davoli|Seth Green|Vin Diesel|John Malkovich,2001,5.9,97
10743,Confidence,Action|Comedy|Thriller|Crime,James Foley,Edward Burns|Rachel Weisz|Morris Chestnut|Dustin Hoffman|Andy García,2003,6.4,126
37718,The Muse,Fantasy|Comedy,Albert Brooks,Albert Brooks|Sharon Stone|Andie MacDowell|Jeff Bridges|Cybill Shepherd,1999,5.3,31
15237,De-Lovely,Drama|Music,Irwin Winkler,Kevin Kline|Ashley Judd|Jonathan Pryce|Kevin McNally|Sandra Nelson,2004,6.3,32
9686,New York Stories,Comedy|Drama|Romance,Francis Ford Coppola,Woody Allen|Marvin Chatinover|Mae Questel|Mia Farrow|Molly Regan,1989,6.2,64
97430,The Man with the Iron Fists,Action,RZA,Russell Crowe|Lucy Liu|Jamie Chung|RZA|Zhu Zhu,2012,5.2,358
12257,Home Fries,Drama|Comedy|Romance,Dean Parisot,Drew Barrymore|Catherine O'Hara|Luke Wilson|Jake Busey|Shelley Duvall,1998,4.8,32
13539,Here On Earth,Romance,Mark Piznarski,Leelee Sobieski|Chris Klein|Josh Hartnett|Michael Rooker|Annie Corley,2000,5.4,48
68,Brazil,Comedy|Science Fiction,Terry Gilliam,Jonathan Pryce|Robert De Niro|Katherine Helmond|Ian Holm|Bob Hoskins,1985,7.5,861
14024,Raise Your Voice,Music|Drama|Romance,Sean McNamara,Hilary Duff|Oliver James|David Keith|Johnny Lewis|Rita Wilson,2004,6.0,211
115,The Big Lebowski,Comedy|Crime,Joel Coen,Jeff Bridges|John Goodman|Julianne Moore|Steve Buscemi|Philip Seymour Hoffman,1998,7.8,2926
7874,Black Snake Moan,Drama,Craig Brewer,"Samuel L. Jackson|Christina Ricci|Justin Timberlake|S. Epatha Merkerson|John Cothran, Jr.",2006,6.6,243
4911,Dark Blue,Action|Crime|Drama|Thriller,Ron Shelton,Kurt Russell|Scott Speedman|Michael Michele|Brendan Gleeson|Ving Rhames,2002,6.5,85
1988,A Mighty Heart,Drama|Thriller,Michael Winterbottom,Angelina Jolie|Dan Futterman|Irrfan Khan|Archie Panjabi|Denis O'Hare,2007,6.7,95
16222,Whatever It Takes,Drama|Comedy|Romance,David Raynr,Jodi Lyn O'Keefe|Shane West|Marla Sokoloff|James Franco|Aaron Paul,2000,5.0,37
9557,Boat Trip,Comedy,Mort Nathan,Cuba Gooding Jr.|Horatio Sanz|Roselyn Sánchez|Vivica A. Fox|Maurice Godin,2002,4.7,146
9026,The Importance of Being Earnest,Comedy|Drama|History|Romance,Oliver Parker,Rupert Everett|Colin Firth|Reese Witherspoon|Judi Dench|Tom Wilkinson,2002,6.7,127
57943,The Love Letter,Comedy|Drama|Fantasy|Romance,Dan Curtis,Campbell Scott|Jennifer Jason Leigh|David Dukes|Estelle Parsons,1998,4.7,3
18276,Hoot,Drama|Family,Wil Shriner,Luke Wilson|Logan Lerman|Brie Larson|Tim Blake Nelson|Cody Linley,2006,5.5,44
8321,In Bruges,Comedy|Drama|Crime,Martin McDonagh,Colin Farrell|Brendan Gleeson|Ralph Fiennes|Clémence Poésy|Thekla Reuten,2008,7.4,1388
72359,Peeples,Comedy,Tina Gordon Chism,Craig Robinson|Kerry Washington|David Alan Grier|S. Epatha Merkerson|Tyler James Williams,2013,5.6,26
10186,The Rocker,Comedy|Music,Peter Cattaneo,Rainn Wilson|Josh Gad|Christina Applegate|Emma Stone|Teddy Geiger,2008,5.6,156
25704,Post Grad,Comedy,Vicky Jenson,Alexis Bledel|Zach Gilford|Rodrigo Santoro|Jane Lynch|Carol Burnett,2009,5.0,100
133694,Promised Land,Drama,Gus Van Sant,Matt Damon|John Krasinski|Frances McDormand|Rosemarie DeWitt|Lucas Black,2012,6.0,243
19265,Whatever Works,Comedy|Romance,Woody Allen,Larry David|Evan Rachel Wood|Adam Brooks|Michael McKean|Lyle Kanouse,2009,6.8,350
36047,The In Crowd,Thriller,Mary Lambert,Susan Ward|Lori Heuring|Matthew Settle|Nathan Bexton|Tess Harper,2000,4.7,15
8053,The Three Burials of Melquiades Estrada,Adventure|Crime|Drama|Mystery|Western,Tommy Lee Jones,Tommy Lee Jones|Barry Pepper|Dwight Yoakam|January Jones|Melissa Leo,2005,7.0,177
2290,Jakob the Liar,Comedy|Drama|History,Peter Kassovitz,Robin Williams|Armin Mueller-Stahl|Hannah Taylor-Gordon|Éva Igó|István Bálint,1999,6.0,90
5236,Kiss Kiss Bang Bang,Action|Comedy|Crime|Mystery,Shane Black,Robert Downey Jr.|Val Kilmer|Michelle Monaghan|Corbin Bernsen|Dash Mihok,2005,7.2,886
6552,Idle Hands,Thriller|Comedy|Horror,Rodman Flender,Devon Sawa|Seth Green|Jessica Alba|Vivica A. Fox|Christopher Hart,1999,6.1,182
1018,Mulholland Drive,Thriller|Drama|Mystery,David Lynch,Naomi Watts|Laura Harring|Ann Miller|Dan Hedaya|Justin Theroux,2001,7.6,1477
10075,Blood and Chocolate,Drama|Fantasy|Horror|Romance,Katja von Garnier,Agnes Bruckner|Hugh Dancy|Katja Riemann|Olivier Martinez|Bryan Dick,2007,5.4,87
38031,You Will Meet a Tall Dark Stranger,Comedy|Drama|Romance,Woody Allen,Gemma Jones|Anthony Hopkins|Naomi Watts|Josh Brolin|Antonio Banderas,2010,5.8,251
42188,Never Let Me Go,Drama|Romance|Science Fiction,Mark Romanek,Carey Mulligan|Andrew Garfield|Keira Knightley|Domhnall Gleeson|Andrea Riseborough,2010,6.8,737
112430,The Company,Drama,Mikael Salomon,Chris O'Donnell|Alfred Molina|Michael Keaton|Rory Cochrane|Alessandro Nivola,2007,7.0,12
6687,Transsiberian,Thriller|Crime|Mystery,Brad Anderson,Woody Harrelson|Emily Mortimer|Kate Mara|Eduardo Noriega|Thomas Kretschmann,2008,6.5,195
13853,The Clan of the Cave Bear,Adventure|Drama,Michael Chapman,Daryl Hannah|Pamela Reed|James Remar|Thomas G. Waites|John Doolittle,1986,4.8,27
31306,Crazy in Alabama,Comedy|Drama,Antonio Banderas,Melanie Griffith|David Morse|Lucas Black|Cathy Moriarty|Meat Loaf,1999,6.5,12
8461,Funny Games,Horror|Thriller|Crime,Michael Haneke,Naomi Watts|Tim Roth|Michael Pitt|Brady Corbet|Devon Gearhart,2007,6.3,545
331592,Listening,Drama|Thriller|Science Fiction,Khalil Sullins,Thomas Stroppel|Artie Ahr|Amber Marie Bollinger|Christine Haeberman|Steve Hanks,2015,5.5,31
47692,Felicia's Journey,Drama,Atom Egoyan,Bob Hoskins|Elaine Cassidy|Arsinée Khanjian|Peter McDonald|Gerard McSorley,1999,6.6,23
19,Metropolis,Drama|Science Fiction,Fritz Lang,Brigitte Helm|Alfred Abel|Gustav Fröhlich|Rudolf Klein-Rogge|Fritz Rasp,1927,8.0,657
10045,District B13,Action|Thriller|Science Fiction,Pierre Morel,David Belle|Cyril Raffaelli|Tony D'Amario|Dany Verissimo-Petit|Bibi Naceri,2004,6.5,565
400,Things to Do in Denver When You're Dead,Drama|Crime,Gary Fleder,Andy García|Christopher Lloyd|William Forsythe|Bill Nunn|Treat Williams,1995,6.7,85
253450,The Assassin,Action|Drama|History,Hou Hsiao-hsien,Shu Qi|Chang Chen|Nikki Hsieh|Sheu Fang-Yi|Ethan Juan,2015,6.6,157
9104,Buffalo Soldiers,Drama|Comedy|War|Crime|Thriller,Gregor Jordan,Joaquin Phoenix|Ed Harris|Scott Glenn|Anna Paquin|Elizabeth McGovern,2001,6.5,93
11190,The Return,Thriller|Drama|Mystery,Andrey Zvyagintsev,Vladimir Garin|Konstantin Lavronenko|Nataliya Vdovina|Vanya Dobronravov|Yelizaveta Aleksandrova,2003,7.4,100
16353,Ong Bak 2,Adventure|Action|Thriller,Tony Jaa,Tony Jaa|Sarunyu Wongkrachang|Sorapong Chatree|Primorata Dejudom,2008,6.0,152
23759,Centurion,Adventure|Action|Drama,Neil Marshall,Michael Fassbender|Olga Kurylenko|David Morrissey|Liam Cunningham|Dominic West,2010,5.9,386
24206,Silent Trigger,Drama|Action|Thriller,Russell Mulcahy,Dolph Lundgren|Gina Bellman|Conrad Dunn|Christopher Heyerdahl,1996,5.0,22
10185,The Midnight Meat Train,Mystery|Drama|Crime|Thriller|Horror,Ryûhei Kitamura,Bradley Cooper|Vinnie Jones|Brooke Shields|Leslie Bibb|Roger Bart,2008,6.0,290
75033,Winnie Mandela,Drama,Darrell James Roodt,Elias Koteas|Terrence Howard|Jennifer Hudson|Wendy Crewson|Angelique Pretorius,2011,5.2,5
74536,The Son of No One,Drama|Thriller|Crime,Dito Montiel,Channing Tatum|Al Pacino|Juliette Binoche|Katie Holmes|James Ransone,2011,4.8,92
31668,All The Queen's Men,Action|Comedy|Drama|History,Stefan Ruzowitzky,Matt LeBlanc|Eddie Izzard|James Cosmo|Nicolette Krebitz|David Tristan Birkin,2001,6.1,7
13501,The Good Night,Comedy|Drama|Romance|Fantasy|Music,Jake Paltrow,Penélope Cruz|Martin Freeman|Gwyneth Paltrow|Simon Pegg|Danny DeVito,2007,5.7,41
15208,Bathory: Countess of Blood,Drama|Fantasy,Juraj Jakubisko,Anna Friel|Karel Roden|Hans Matheson|Vincent Regan|Franco Nero,2008,5.6,31
172391,Khumba,Animation|Adventure|Family,Anthony Silverston,Jake T. Austin|Liam Neeson|Steve Buscemi|AnnaSophia Robb|Laurence Fishburne,2013,5.8,72
262543,Automata,Thriller|Science Fiction,Gabe Ibáñez,Antonio Banderas|Birgitte Hjort Sørensen|Dylan McDermott|Robert Forster|Tim McInnerny,2014,5.6,670
9288,Dungeons & Dragons: Wrath of the Dragon God,Action|Adventure|Fantasy,Gerry Lively,Bruce Payne|Mark Dymond|Clemency Burton-Hill|Ellie Chidzey|Tim Stern,2005,4.8,36
370980,Chiamatemi Francesco - Il Papa della gente,Drama,Daniele Luchetti,Rodrigo de la Serna|Sergio Hernández|Àlex Brendemühl|Maximilian Dirr|Mercedes Morán,2015,7.3,12
20083,Shinjuku Incident,Drama|Action|Thriller|Crime,Derek Yee Tung-Sing,Jackie Chan|Naoto Takenaka|Daniel Wu|Xu Jinglei|Fan Bingbing,2009,6.7,65
40880,Pandaemonium,Drama|Foreign,Julien Temple,Linus Roache|John Hannah|Samantha Morton|Emily Woof|Andrea Lowe,2001,4.5,2
137,Groundhog Day,Romance|Fantasy|Drama|Comedy,Harold Ramis,Bill Murray|Andie MacDowell|Chris Elliott|Stephen Tobolowsky|Brian Doyle-Murray,1993,7.4,2301
264999,Magic Mike XXL,Comedy|Drama|Music,Gregory Jacobs,Channing Tatum|Matt Bomer|Joe Manganiello|Kevin Nash|Adam Rodríguez,2015,6.3,706
454,Romeo + Juliet,Drama|Romance,Baz Luhrmann,Leonardo DiCaprio|Claire Danes|John Leguizamo|Harold Perrineau|Pete Postlethwaite,1996,6.7,1374
53457,Sarah's Key,Drama|War,Gilles Paquet-Brenner,Kristin Scott Thomas|Niels Arestrup|Frédéric Pierrot|Michel Duchaussoy|Dominique Frot,2010,7.2,196
288980,Freedom,Drama,Peter Cousens,Cuba Gooding Jr.|William Sadler|Sharon Leal|David Rasche|Diane Salinger,2014,5.8,9
33,Unforgiven,Western,Clint Eastwood,Clint Eastwood|Gene Hackman|Morgan Freeman|Richard Harris|Jaimz Woolvett,1992,7.7,1113
1951,Manderlay,Drama,Lars von Trier,Bryce Dallas Howard|Isaach De Bankolé|Danny Glover|Willem Dafoe|Michaël Abiteboul,2005,6.9,78
12405,Slumdog Millionaire,Drama|Romance,Danny Boyle,Dev Patel|Freida Pinto|Anil Kapoor|Mia Drake Inderbitzin|Saurabh Shukla,2008,7.6,2827
10998,Fatal Attraction,Drama|Romance|Thriller,Adrian Lyne,Michael Douglas|Glenn Close|Anne Archer|Ellen Hamilton Latzen|Jane Krakowski,1987,6.6,291
114,Pretty Woman,Romance|Comedy,Garry Marshall,Julia Roberts|Richard Gere|Ralph Bellamy|Jason Alexander|Héctor Elizondo,1990,7.0,1746
9396,Crocodile Dundee II,Adventure|Comedy,John Cornell,Paul Hogan|Linda Kozlowski|John Meillon|Ernie Dingo|Charles S. Dutton,1988,5.5,303
319910,Broken Horses,Thriller|Mystery|Drama|Crime,Vidhu Vinod Chopra,María Valverde|Vincent D'Onofrio|Thomas Jane|Anton Yelchin|Sean Patrick Flanery,2015,5.0,10
2604,Born on the Fourth of July,Drama|War,Oliver Stone,Tom Cruise|Raymond J. Barry|Caroline Kava|Holly Marie Combs|Kyra Sedgwick,1989,6.7,395
864,Cool Runnings,Comedy,Jon Turteltaub,Leon Robinson|Doug E. Doug|Rawle D. Lewis|Malik Yoba|John Candy,1993,6.8,491
14435,My Bloody Valentine,Mystery|Horror,Patrick Lussier,Jensen Ackles|Jaime King|Kerr Smith|Betsy Rue|Edi Gathegi,2009,5.3,299
1931,Stomp the Yard,Drama|Music,Sylvain White,Columbus Short|Meagan Good|Ne-Yo|Darrin Henson|Jermaine Williams,2007,6.1,88
691,The Spy Who Loved Me,Adventure|Action|Thriller,Lewis Gilbert,Roger Moore|Barbara Bach|Curd Jürgens|Richard Kiel|Caroline Munro,1977,6.6,507
9877,Urban Legend,Horror|Thriller,Jamie Blanks,Alicia Witt|Jared Leto|Rebecca Gayheart|Michael Rosenbaum|Loretta Devine,1998,5.6,290
62008,Good Deeds,Comedy|Drama|Romance,Tyler Perry,Tyler Perry|Phylicia Rashād|Thandie Newton|Brian J. White|Gabrielle Union,2012,6.2,45
12227,White Fang,Action|Adventure|Drama|Family,Randal Kleiser,Klaus Maria Brandauer|Ethan Hawke|Seymour Cassel|Susan Hogan|James Remar,1991,6.5,135
13824,Superstar,Comedy|Family,Bruce McCulloch,Molly Shannon|Will Ferrell|Elaine Hendrix|Harland Williams|Tom Green,1999,5.1,83
71688,The Iron Lady,History|Drama,Phyllida Lloyd,Meryl Streep|Anthony Stewart Head|Harry Lloyd|Jim Broadbent|Susan Brown,2011,6.2,527
15173,Jonah: A VeggieTales Movie,Action|Adventure|Animation|Comedy|Family|Fantasy|Romance,Phil Vischer,Phil Vischer|Mike Nawrocki|Tim Hodge|Lisa Vischer|Daniel Anderson,2002,6.4,22
8291,Poetic Justice,Drama|Romance,John Singleton,Janet Jackson|Tupac Amaru Shakur|Regina King|Joe Torry|Tyra Ferrell,1993,6.9,47
13950,All About the Benjamins,Action|Adventure|Comedy,Kevin Bray,Ice Cube|Mike Epps|Tommy Flanagan|Carmen Chaplin|Eva Mendes,2002,5.8,48
12158,Vampire in Brooklyn,Comedy|Horror|Romance,Wes Craven,Eddie Murphy|Angela Bassett|Allen Payne|Kadeem Hardison|John Witherspoon,1995,4.5,111
11586,Exorcist II: The Heretic,Horror|Thriller|Fantasy,John Boorman,Linda Blair|Richard Burton|Louise Fletcher|Max von Sydow|Kitty Winn,1977,4.5,133
10008,An American Haunting,Horror|Thriller,Courtney Solomon,Donald Sutherland|Sissy Spacek|James D'Arcy|Matthew Marsh|Gaye Brown,2005,5.3,142
2830,My Boss's Daughter,Comedy|Romance,David Zucker,Ashton Kutcher|Tara Reid|Andy Richter|Jeffrey Tambor|Michael Madsen,2003,4.4,180
12403,A Perfect Getaway,Thriller|Mystery|Adventure,David Twohy,Milla Jovovich|Timothy Olyphant|Steve Zahn|Chris Hemsworth|Anthony Ruivivar,2009,6.2,351
34563,Our Family Wedding,Comedy,Rick Famuyiwa,Forest Whitaker|America Ferrera|Carlos Mencia|Regina King|Lance Gross,2010,5.7,39
14557,Dead Man on Campus,Comedy,Alan Cohn,Tom Everett Scott|Mark-Paul Gosselaar|Poppy Montgomery|Lochlyn Munro|Randy Pearlstein,1998,5.6,49
10368,Tea with Mussolini,Comedy|Drama|War,Franco Zeffirelli,Cher|Judi Dench|Joan Plowright|Maggie Smith|Lily Tomlin,1999,5.8,32
10280,Thinner,Horror|Thriller,Tom Holland,Robert John Burke|Joe Mantegna|Lucinda Jenney|Michael Constantine|Kari Wuhrer,1996,5.5,124
12637,"New York, New York",Drama|Music|Romance,Martin Scorsese,Liza Minnelli|Robert De Niro|Lionel Stander|Barry Primus|Dick Miller,1977,6.1,67
34152,Crooklyn,Comedy|Drama,Spike Lee,Alfre Woodard|Delroy Lindo|David Patrick Kelly|Zelda Harris|Carlton Williams,1994,6.7,31
14434,I Think I Love My Wife,Comedy|Romance,Chris Rock,Chris Rock|Kerry Washington|Gina Torres|Steve Buscemi|Edward Herrmann,2007,5.0,55
11470,Jason X,Horror|Science Fiction,James Isaac,Kane Hodder|Lexa Doig|Chuck Campbell|Lisa Ryder|David Cronenberg,2001,4.5,291
10741,Bobby,History|Drama,Emilio Estevez,Anthony Hopkins|Heather Graham|Ashton Kutcher|Mary Elizabeth Winstead|Helen Hunt,2006,6.4,119
24940,Head Over Heels,Comedy|Romance,Mark Waters,Monica Potter|Freddie Prinze Jr.|Shalom Harlow|Ivana Miličević|Sarah Murdoch,2001,5.3,73
82679,Fun Size,Comedy,Josh Schwartz,Victoria Justice|Jackson Nicoll|Chelsea Handler|Josh Pence|Jane Levy,2012,5.5,134
2013,The Diving Bell and the Butterfly,Drama,Julian Schnabel,Mathieu Amalric|Emmanuelle Seigner|Marie-Josée Croze|Anne Consigny|Patrick Chesnais,2007,7.4,283
1440,Little Children,Romance|Drama,Todd Field,Kate Winslet|Patrick Wilson|Jennifer Connelly|Jackie Earle Haley|Noah Emmerich,2006,6.9,240
18041,Gossip,Drama|Mystery|Thriller,Davis Guggenheim,Joshua Jackson|James Marsden|Kate Hudson|Lena Headey|Norman Reedus,2000,5.5,68
28029,A Walk on the Moon,Drama|Romance,Tony Goldwyn,Diane Lane|Viggo Mortensen|Liev Schreiber|Anna Paquin|Tovah Feldshuh,1999,6.2,21
1123,Catch a Fire,Action|Drama|Thriller,Phillip Noyce,Tim Robbins|Derek Luke|Bonnie Henna|Mncedisi Shabangu|Tumisho Masha,2006,6.4,25
14033,Soul Survivors,Horror|Mystery|Thriller,Stephen Carpenter,Eliza Dushku|Melissa Sagemiller|Wes Bentley|Casey Affleck|Angela Featherstone,2001,4.4,49
87729,Jefferson in Paris,Drama|Romance,James Ivory,Nick Nolte|Greta Scacchi|Thandie Newton|Gwyneth Paltrow|Jean-Pierre Aumont,1995,5.2,10
16899,Easy Virtue,Comedy|Romance,Stephan Elliott,Jessica Biel|Ben Barnes|Kristin Scott Thomas|Colin Firth|Kimberley Nixon,2008,6.3,108
41317,Caravans,Action|Adventure|Drama|Romance,James Fargo,Anthony Quinn|Jennifer O'Neill|Michael Sarrazin|Christopher Lee|Joseph Cotten,1978,5.8,1
245700,Mr. Turner,History|Drama,Mike Leigh,Timothy Spall|Dorothy Atkinson|Marion Bailey|Paul Jesson|Lesley Manville,2014,6.3,204
37842,Wild Grass,Drama|Romance,Alain Resnais,André Dussollier|Sabine Azéma|Emmanuelle Devos|Mathieu Amalric|Anne Consigny,2009,5.8,22
9045,Amen.,Drama|History,Costa-Gavras,Ulrich Tukur|Mathieu Kassovitz|Ulrich Mühe|Michel Duchaussoy|Marcel Iureș,2002,7.1,75
44092,Reign of Assassins,History|Action,John Woo,Michelle Yeoh|Jung Woo-sung|Wang Xue-qi|Barbie Hsu|Shawn Yue,2010,6.7,57
16005,The Lucky Ones,Comedy|Drama|History,Neil Burger,Tim Robbins|Rachel McAdams|Michael Peña|Kerry Bishé|Molly Hagan,2008,6.3,55
44754,Margaret,Drama,Kenneth Lonergan,Anna Paquin|Matt Damon|Mark Ruffalo|Matthew Broderick|Jeannie Berlin,2011,6.1,86
23988,Stan Helsing,Comedy|Horror,Bo Zenga,Diora Baird|Leslie Nielsen|Steve Howey|Kenan Thompson|Tara Wilson,2009,4.0,97
43949,Flipped,Romance|Drama,Rob Reiner,Madeline Carroll|Callan McAuliffe|Rebecca De Mornay|Anthony Edwards|John Mahoney,2010,7.4,418
142,Brokeback Mountain,Drama|Romance,Ang Lee,Heath Ledger|Jake Gyllenhaal|Randy Quaid|Michelle Williams|Anne Hathaway,2005,7.5,1480
9603,Clueless,Comedy|Drama|Romance,Amy Heckerling,Alicia Silverstone|Stacey Dash|Brittany Murphy|Paul Rudd|Donald Faison,1995,6.9,803
10712,Far from Heaven,Drama|Romance,Todd Haynes,Julianne Moore|Dennis Quaid|Dennis Haysbert|Patricia Clarkson|Viola Davis,2002,6.9,144
243938,Hot Tub Time Machine 2,Comedy,Steve Pink,Rob Corddry|Craig Robinson|Clark Duke|Adam Scott|Chevy Chase,2015,5.0,354
10876,Quills,Drama,Philip Kaufman,Geoffrey Rush|Kate Winslet|Joaquin Phoenix|Michael Caine|Billie Whitelaw,2000,6.8,128
86838,Seven Psychopaths,Comedy|Crime,Martin McDonagh,Colin Farrell|Sam Rockwell|Woody Harrelson|Christopher Walken|Tom Waits,2012,6.7,1206
25208,The Caveman's Valentine,Drama|Mystery|Thriller,Kasi Lemmons,Samuel L. Jackson|Colm Feore|Ann Magnuson|Aunjanue Ellis|Tamara Tunie,2001,6.0,27
613,Downfall,Drama|History|War,Oliver Hirschbiegel,Bruno Ganz|Alexandra Maria Lara|Corinna Harfouch|Ulrich Matthes|Juliane Köhler,2004,7.7,1037
1913,The Sea Inside,Drama,Alejandro Amenábar,Javier Bardem|Belén Rueda|Lola Dueñas|Joan Dalmau|Josep Maria Pou,2004,7.2,219
97370,Under the Skin,Thriller|Science Fiction|Drama,Jonathan Glazer,Scarlett Johansson|Kryštof Hádek|Paul Brannigan|Michael Moreland|Scott Dymond,2014,6.0,1102
801,"Good Morning, Vietnam",Comedy|Drama|War,Barry Levinson,Robin Williams|Forest Whitaker|Tung Thanh Tran|Chintara Sukapatana|Bruno Kirby,1987,7.1,642
70829,The Last Godfather,Action|Comedy|Thriller,Shim Hyung-Rae,Harvey Keitel|Jason Mewes|Blake Clark|Jon Polito|Paul Hipp,2010,4.7,7
54518,Justin Bieber: Never Say Never,Documentary|Music|Family,Jon M. Chu,Justin Bieber|Miley Cyrus|Usher Raymond|Jaden Smith|Sean Kingston,2011,4.8,154
44214,Black Swan,Drama|Thriller,Darren Aronofsky,Natalie Portman|Mila Kunis|Vincent Cassel|Barbara Hershey|Winona Ryder,2010,7.3,4430
240,The Godfather: Part II,Drama|Crime,Francis Ford Coppola,Al Pacino|Robert Duvall|Diane Keaton|Robert De Niro|John Cazale,1974,8.3,3338
9816,Save the Last Dance,Drama|Family|Romance|Music,Thomas Carter,Julia Stiles|Sean Patrick Thomas|Kerry Washington|Fredro Starr|Terry Kinney,2001,6.3,352
10131,A Nightmare on Elm Street 4: The Dream Master,Horror|Thriller,Renny Harlin,Robert Englund|Tuesday Knight|Ken Sagoes|Rodney Eastman|Lisa Wilcox,1988,5.8,281
339984,Miracles from Heaven,Drama,Patricia Riggen,Jennifer Garner|Kylie Rogers|Martin Henderson|Brighton Sharbino|Courtney Fansler,2016,6.7,186
8859,"Dude, Where’s My Car?",Comedy,Danny Leiner,Ashton Kutcher|Seann William Scott|Kristy Swanson|Jennifer Garner|Marla Sokoloff,2000,5.2,509
11967,Young Guns,Crime|Action|Adventure|Drama|Western,Christopher Cain,Emilio Estevez|Kiefer Sutherland|Lou Diamond Phillips|Charlie Sheen|Dermot Mulroney,1988,6.6,258
239563,St. Vincent,Comedy,Theodore Melfi,Bill Murray|Melissa McCarthy|Naomi Watts|Jaeden Lieberher|Chris O'Dowd,2014,7.1,763
222899,About Last Night,Comedy|Romance,Steve Pink,Kevin Hart|Michael Ealy|Regina Hall|Joy Bryant|Christopher McDonald,2014,6.0,210
4951,10 Things I Hate About You,Comedy|Romance|Drama,Gil Junger,Heath Ledger|Julia Stiles|Joseph Gordon-Levitt|Larisa Oleynik|David Krumholtz,1999,7.3,1701
10985,The New Guy,Comedy|Family,Ed Decter,DJ Qualls|Eliza Dushku|Zooey Deschanel|Lyle Lovett|Jerod Mixon,2002,5.7,151
9644,National Lampoon's Loaded Weapon 1,Comedy,Gene Quintano,Emilio Estevez|Samuel L. Jackson|Jon Lovitz|Tim Curry|Kathy Ireland,1993,5.7,157
332567,The Shallows,Horror|Drama|Thriller,Jaume Collet-Serra,Blake Lively|Óscar Jaenada|Angelo Josue Lozano Corzo|José Manuel Trujillo Salas|Brett Cullen,2016,6.2,1567
1954,The Butterfly Effect,Science Fiction|Thriller,Eric Bress,Ashton Kutcher|Melora Walters|Amy Smart|Elden Henson|William Lee Scott,2004,7.3,2060
15489,Snow Day,Comedy|Family,Chris Koch,Chevy Chase|Chris Elliott|Jean Smart|Iggy Pop|Pam Grier,2000,4.8,51
15250,This Christmas,Comedy|Drama,Preston A. Whitmore II,Loretta Devine|Delroy Lindo|Idris Elba|Regina King|Laz Alonso,2007,7.1,29
22345,Baby Geniuses,Science Fiction|Comedy|Family,Bob Clark,Kathleen Turner|Christopher Lloyd|Kim Cattrall|Peter MacNicol|Dom DeLuise,1999,3.3,75
9448,The Big Hit,Action|Adventure|Comedy|Thriller,Kirk Wong,Mark Wahlberg|Lou Diamond Phillips|Christina Applegate|China Chow|Avery Brooks,1998,6.1,109
38223,Harriet the Spy,Comedy|Drama|Family,Bronwen Hughes,Michelle Trachtenberg|Rosie O'Donnell|J. Smith-Cameron|Eartha Kitt|Vanessa Lee Chester,1996,5.7,46
11186,Child's Play 2,Drama|Horror,John Lafia,Alex Vincent|Jenny Agutter|Gerrit Graham|Christine Elise|Brad Dourif,1990,5.8,308
136835,No Good Deed,Crime|Thriller,Sam Miller,Idris Elba|Taraji P. Henson|Leslie Bibb|Kate del Castillo|Henry Simmons,2014,5.6,181
5876,The Mist,Science Fiction|Horror|Thriller,Frank Darabont,Thomas Jane|Marcia Gay Harden|Laurie Holden|Andre Braugher|Toby Jones,2007,6.7,1399
264660,Ex Machina,Drama|Science Fiction,Alex Garland,Domhnall Gleeson|Alicia Vikander|Oscar Isaac|Sonoya Mizuno|Corey Johnson,2015,7.6,4737
492,Being John Malkovich,Fantasy|Drama|Comedy,Spike Jonze,John Cusack|Cameron Diaz|Catherine Keener|Charlie Sheen|John Malkovich,1999,7.3,1101
25462,Two Can Play That Game,Comedy|Romance,Mark Brown,Vivica A. Fox|Morris Chestnut|Anthony Anderson|Gabrielle Union|Wendy Raquel Robinson,2001,6.6,17
238603,Earth to Echo,Family|Adventure|Science Fiction,Dave Green,Teo Halm|Astro|Resse Hartwig|Ella Wahlestedt|Jason Gray-Stanford,2014,5.7,290
10691,Crazy/Beautiful,Drama|Romance,John Stockwell,Kirsten Dunst|Jay Hernandez|Bruce Davison|Herman Osorio|Miguel Castro,2001,6.6,96
1251,Letters from Iwo Jima,Action|Adventure|Drama|War,Clint Eastwood,Ken Watanabe|Kazunari Ninomiya|Tsuyoshi Ihara|Ryo Kase|Shidou Nakamura,2006,7.2,541
5172,The Astronaut Farmer,Adventure|Comedy|Drama|Science Fiction,Michael Polish,Billy Bob Thornton|Virginia Madsen|Max Thieriot|Jasper Polish|Logan Polish,2006,6.2,123
58680,Woo,Comedy|Romance,Daisy von Scherler Mayer,Jada Pinkett Smith|Tommy Davidson|Duane Martin|Michael Ralph|Darrel Heath,1998,5.5,10
264644,Room,Drama|Thriller,Lenny Abrahamson,Brie Larson|Jacob Tremblay|Joan Allen|Sean Bridgers|William H. Macy,2015,8.1,2757
14577,Dirty Work,Comedy,Bob Saget,Norm Macdonald|Artie Lange|Jack Warden|Traylor Howard|Don Rickles,1998,6.5,66
11592,Serial Mom,Comedy|Crime|Horror|Thriller,John Waters,Kathleen Turner|Sam Waterston|Ricki Lake|Matthew Lillard|Traci Lords,1994,6.4,135
16406,Dick,Comedy,Andrew Fleming,Kirsten Dunst|Michelle Williams|Will Ferrell|Dan Hedaya|Bruce McCulloch,1999,5.7,67
19052,Light It Up,Drama|Thriller,Craig Bolotin,Usher Raymond|Vanessa Williams|Forest Whitaker|Rosario Dawson|Robert Ri'chard,1999,6.6,7
3682,54,Music|Drama,Mark Christopher,Ryan Phillippe|Salma Hayek|Breckin Meyer|Mike Myers|Neve Campbell,1998,5.5,135
9683,Bubble Boy,Adventure|Comedy|Drama|Romance,Blair Hayes,Jake Gyllenhaal|Swoosie Kurtz|Marley Shelton|Danny Trejo|John Carroll Lynch,2001,5.1,163
2084,Birthday Girl,Comedy|Crime|Thriller,Jez Butterworth,Nicole Kidman|Ben Chaplin|Vincent Cassel|Mathieu Kassovitz|Kate Lynn Evans,2001,6.1,103
107811,21 & Over,Comedy,Jon Lucas,Miles Teller|Skylar Astin|Justin Chon|Sarah Wright|Jonathan Keltz,2013,5.7,737
2266,"Paris, je t'aime",Drama|Romance,Isabel Coixet,Steve Buscemi|Natalie Portman|Willem Dafoe|Maggie Gyllenhaal|Axel Kiener,2006,6.8,207
13074,Resurrecting the Champ,Drama,Rod Lurie,Samuel L. Jackson|Josh Hartnett|Alan Alda|Teri Hatcher|Kathryn Morris,2007,5.9,60
144340,Admission,Comedy|Drama|Romance,Paul Weitz,Tina Fey|Paul Rudd|Michael Sheen|Lily Tomlin|Wallace Shawn,2013,5.4,304
48217,The Widow of Saint-Pierre,Romance|Drama,Patrice Leconte,Daniel Auteuil|Emir Kusturica|Juliette Binoche|Michel Duchaussoy|Philippe Magnan,2000,6.7,11
28211,Chloe,Drama|Thriller|Mystery,Atom Egoyan,Julianne Moore|Liam Neeson|Amanda Seyfried|Max Thieriot|R. H. Thomson,2009,5.9,498
47502,Faithful,Comedy|Crime|Drama,Paul Mazursky,Cher|Chazz Palminteri|Ryan O'Neal|Paul Mazursky|Amber Smith,1996,4.8,4
9950,Find Me Guilty,Drama|Action|Comedy|Crime,Sidney Lumet,Vin Diesel|Alex Rocco|Frank Pietrangolare|Richard DeDomenico|Paul Borghese,2006,6.5,138
84892,The Perks of Being a Wallflower,Drama|Romance,Stephen Chbosky,Logan Lerman|Emma Watson|Ezra Miller|Paul Rudd|Nina Dobrev,2012,7.7,2968
24227,Excessive Force,Action,Jon Hess,Thomas Ian Griffith|Lance Henriksen|James Earl Jones|Burt Young|Tony Todd,1993,4.5,10
9672,Infamous,Drama,Douglas McGrath,Sigourney Weaver|Toby Jones|Gwyneth Paltrow|Sandra Bullock|Isabella Rossellini,2006,6.4,60
44853,The Claim,Drama|Romance|Western,Michael Winterbottom,Peter Mullan|Milla Jovovich|Wes Bentley|Nastassja Kinski|Sarah Polley,2000,5.6,17
157544,The Vatican Tapes,Thriller|Horror,Mark Neveldine,Olivia Taylor Dudley|Michael Peña|Djimon Hounsou|Dougray Scott|Peter Andersson,2015,4.6,243
59678,Attack the Block,Action|Comedy|Science Fiction,Joe Cornish,Nick Frost|Jodie Whittaker|John Boyega|Luke Treadaway|Flaminia Cinque,2011,6.3,733
79777,In the Land of Blood and Honey,Drama|Romance|War,Angelina Jolie,Zana Marjanović|Goran Kostić|Branko Đurić|Dzana Pinjo|Miloš Timotijević,2011,5.8,45
158011,The Call,Crime|Thriller,Brad Anderson,Halle Berry|Abigail Breslin|Morris Chestnut|Michael Imperioli|Ella Rae Peck,2013,6.6,1257
407887,Operation Chromite,History|Drama|War|Action,John H. Lee,Lee Jung-jae|Liam Neeson|Lee Beom-soo|Jin Se-yeon|Jung Joon-ho,2016,5.8,29
17043,The Crocodile Hunter: Collision Course,Family|Action|Adventure,John Stainton,Steve Irwin|Terri Irwin|Magda Szubanski|David Wenham|Lachy Hulme,2002,5.3,34
8952,I Love You Phillip Morris,Comedy|Drama|Romance,Glenn Ficarra,Jim Carrey|Ewan McGregor|Leslie Mann|Rodrigo Santoro|Brennan Brown,2009,6.4,503
62204,Quest for Fire,Adventure|Drama,Jean-Jacques Annaud,Everett McGill|Ron Perlman|Nicholas Kadi|Rae Dawn Chong|Gary Schwartz,1981,7.1,109
13435,Antwone Fisher,Drama|Romance,Denzel Washington,Derek Luke|Malcolm David Kelley|Cory Hodges|Denzel Washington|Joy Bryant,2002,6.7,137
17187,The Emperor's Club,Drama|Romance,Michael Hoffman,Kevin Kline|Emile Hirsch|Embeth Davidtz|Rob Morrow|Edward Herrmann,2002,6.9,96
319,True Romance,Action|Thriller|Crime|Romance,Tony Scott,Christian Slater|Patricia Arquette|Michael Rapaport|Bronson Pinchot|Gary Oldman,1993,7.5,749
59457,Womb,Romance|Science Fiction,Benedek Fliegauf,Eva Green|Matt Smith|Lesley Manville|Peter Wight|István Lénárt,2010,5.9,92
9504,Glengarry Glen Ross,Crime|Drama|Mystery,James Foley,Al Pacino|Jack Lemmon|Alec Baldwin|Alan Arkin|Ed Harris,1992,7.5,323
37414,The Killer Inside Me,Crime|Drama|Thriller,Michael Winterbottom,Casey Affleck|Kate Hudson|Jessica Alba|Ned Beatty|Tom Bower,2010,6.0,173
6217,Cat People,Drama|Fantasy|Horror|Thriller,Paul Schrader,Nastassja Kinski|Malcolm McDowell|John Heard|Ruby Dee|Ed Begley Jr.,1982,6.0,94
26688,Sorority Row,Horror|Mystery|Thriller,Stewart Hendler,Rumer Willis|Briana Evigan|Jamie Chung|Leah Pipes|Teri Andrzejewski,2009,5.4,177
43867,The Prisoner of Zenda,Adventure|Drama|Romance,John Cromwell,Ronald Colman|Madeleine Carroll|Raymond Massey|Mary Astor|Douglas Fairbanks Jr.,1937,8.4,11
6615,Lars and the Real Girl,Comedy|Romance|Drama,Craig Gillespie,Ryan Gosling|Emily Mortimer|Paul Schneider|Kelli Garner|Lauren Ash,2007,7.1,509
14574,The Boy in the Striped Pyjamas,War|Drama,Mark Herman,Asa Butterfield|Jack Scanlon|Vera Farmiga|David Thewlis|Rupert Friend,2008,7.7,1451
16,Dancer in the Dark,Drama|Crime|Music,Lars von Trier,Björk|Catherine Deneuve|David Morse|Peter Stormare|Joel Grey,2000,7.6,377
39780,Oscar and Lucinda,Drama|Romance,Gillian Armstrong,Ralph Fiennes|Cate Blanchett|Ciarán Hinds|Tom Wilkinson|Richard Roxburgh,1997,6.2,25
21612,The Funeral,Crime|Drama,Abel Ferrara,Christopher Walken|Chris Penn|Annabella Sciorra|Isabella Rossellini|Vincent Gallo,1996,7.3,31
36691,Solitary Man,Comedy|Drama|Romance,Brian Koppelman,Michael Douglas|Danny DeVito|Jesse Eisenberg|Susan Sarandon|Mary-Louise Parker,2009,5.8,84
23631,Machete,Action|Comedy|Thriller,Robert Rodriguez,Danny Trejo|Michelle Rodriguez|Jessica Alba|Robert De Niro|Lindsay Lohan,2010,6.3,1150
45324,Casino Jack,Crime|Comedy|Drama,George Hickenlooper,Kevin Spacey|Kelly Preston|Hannah Endicott-Douglas|Rachelle Lefevre|Barry Pepper,2010,6.0,94
12144,The Land Before Time,Animation|Adventure|Family,Don Bluth,Gabriel Damon|Candace Hutson|Judith Barsi|Will Ryan|Pat Hingle,1988,7.0,640
11658,Tae Guk Gi: The Brotherhood of War,Action|Adventure|Drama|History|War,Kang Je-gyu,Jang Dong-gun|Won Bin|Lee Eun-ju|Gong Hyung-jin|Park Jeong-Woo,2004,7.4,133
56601,The Perfect Game,Drama|Family,William Dear,Clifton Collins Jr|Cheech Marin|Moisés Arias|Emilie de Ravin|Jake T. Austin,2010,6.3,30
9552,The Exorcist,Drama|Horror|Thriller,William Friedkin,Linda Blair|Max von Sydow|Ellen Burstyn|Jason Miller|Lee J. Cobb,1973,7.5,2005
578,Jaws,Horror|Thriller|Adventure,Steven Spielberg,Roy Scheider|Robert Shaw|Richard Dreyfuss|Lorraine Gary|Murray Hamilton,1975,7.5,2542
2105,American Pie,Comedy|Romance,Chris Weitz,Jason Biggs|Chris Klein|Thomas Ian Nicholas|Alyson Hannigan|Shannon Elizabeth,1999,6.4,2296
126319,Ernest & Celestine,Animation|Comedy|Drama|Family,Stéphane Aubier,Anne-Marie Loop|Lambert Wilson|Pauline Brunner|Patrice Melennec|Brigitte Virtudes,2012,7.6,142
10136,The Golden Child,Action|Adventure|Comedy,Michael Ritchie,Eddie Murphy|Charles Dance|Charlotte Lewis|Victor Wong|Peter Kwong,1986,5.6,304
67660,Think Like a Man,Comedy|Romance,Tim Story,Michael Ealy|Jerry Ferrara|Meagan Good|Regina Hall|Kevin Hart,2012,6.9,281
10611,Barbershop,Comedy|Drama,Tim Story,Ice Cube|Anthony Anderson|Cedric the Entertainer|Sean Patrick Thomas|Eve,2002,6.2,137
154,Star Trek II: The Wrath of Khan,Action|Adventure|Science Fiction|Thriller,Nicholas Meyer,William Shatner|Leonard Nimoy|DeForest Kelley|James Doohan|George Takei,1982,7.3,675
3049,Ace Ventura: Pet Detective,Comedy|Mystery,Tom Shadyac,Jim Carrey|Sean Young|Courteney Cox|Tone Loc|Dan Marino,1994,6.4,1648
860,WarGames,Thriller|Science Fiction,John Badham,Matthew Broderick|Dabney Coleman|Ally Sheedy|John Wood|Barry Corbin,1983,7.0,504
9281,Witness,Crime|Drama|Romance|Thriller,Peter Weir,Harrison Ford|Kelly McGillis|Josef Sommer|Lukas Haas|Jan Rubes,1985,7.0,375
75674,Act of Valor,Action|Thriller|War,Mike McCoy,Roselyn Sánchez|Emilio Rivera|Nestor Serrano|Gonzalo Menendez|Alexander Asefa,2012,6.3,417
9762,Step Up,Music|Drama|Romance|Crime,Anne Fletcher,Channing Tatum|Jenna Dewan|Damaine Radcliff|De'Shawn Washington|Mario,2006,6.7,1060
3179,Beavis and Butt-Head Do America,Animation|Comedy,Mike Judge,Mike Judge|Bruce Willis|Demi Moore|Robert Stack|Richard Linklater,1996,6.5,168
184,Jackie Brown,Comedy|Crime|Romance,Quentin Tarantino,Pam Grier|Samuel L. Jackson|Robert Forster|Bridget Fonda|Michael Keaton,1997,7.3,1514
13335,Harold & Kumar Escape from Guantanamo Bay,Comedy|Adventure,Jon Hurwitz,John Cho|Kal Penn|Neil Patrick Harris|Rob Corddry|Jack Conley,2008,6.2,497
76726,Chronicle,Science Fiction|Drama|Thriller,Josh Trank,Dane DeHaan|Alex Russell|Michael B. Jordan|Michael Kelly|Anna Wood,2012,6.6,1935
10269,Yentl,Music|Drama|Romance,Barbra Streisand,Barbra Streisand|Mandy Patinkin|Amy Irving|Nehemiah Persoff|Steven Hill,1983,6.2,51
36819,Time Bandits,Family|Fantasy|Science Fiction|Adventure|Comedy,Terry Gilliam,Sean Connery|John Cleese|Shelley Duvall|Michael Palin|Ian Holm,1981,6.6,249
17130,Crossroads,Action|Adventure|Comedy|Drama|Family|Music|Romance,Tamra Davis,Britney Spears|Zoe Saldana|Taryn Manning|Anson Mount|Dan Aykroyd,2002,4.7,158
57214,Project X,Comedy|Crime,Nima Nourizadeh,Oliver Cooper|Jonathan Daniel Brown|Thomas Mann|Dax Flame|Kirby Bliss Blanton,2012,6.5,1564
11202,Patton,Drama|History|War,Franklin J. Schaffner,George C. Scott|Karl Malden|Stephen Young|Michael Strong|Carey Loftin,1970,7.3,323
9357,One Hour Photo,Horror|Thriller,Mark Romanek,Robin Williams|Connie Nielsen|Michael Vartan|Erin Daniels|Eriq La Salle,2002,6.6,435
13812,Quarantine,Horror|Science Fiction|Thriller,John Erick Dowdle,Jennifer Carpenter|Steve Harris|Jay Hernandez|Johnathon Schaech|Columbus Short,2008,5.5,339
9030,The Eye,Drama|Horror|Thriller,David Moreau,Jessica Alba|Alessandro Nivola|Parker Posey|Rade Serbedzija|Fernanda Romero,2008,5.5,281
19084,Johnson Family Vacation,Comedy|Family,Christopher Erskin,Cedric the Entertainer|Vanessa Williams|Steve Harvey|Shari Headley|Shad Moss,2004,4.7,30
8386,How High,Comedy,Jesse Dylan,Method Man|Redman|Obba Babatundé|Mike Epps|Anna Maria Horsford,2001,6.3,218
10437,The Muppet Christmas Carol,Comedy|Family|Fantasy|Drama,Brian Henson,Michael Caine|Don Austen|Meredith Braun|Don Austen|Ed Sanders,1992,7.2,212
1360,Frida,Drama|Romance,Julie Taymor,Salma Hayek|Alfred Molina|Mía Maestro|Patricia Reyes Spíndola|Diego Luna,2002,7.3,383
101267,Katy Perry: Part of Me,Documentary|Music,Dan Cutforth,Katy Perry|Russell Brand|Shannon Woodward|Rachael Markarian|Mia Moretti,2012,6.5,85
222935,The Fault in Our Stars,Romance|Drama,Josh Boone,Shailene Woodley|Ansel Elgort|Nat Wolff|Laura Dern|Sam Trammell,2014,7.6,3759
10220,Rounders,Drama|Crime,John Dahl,Matt Damon|John Turturro|Gretchen Mol|Goran Visnjic|Edward Norton,1998,6.9,439
284296,Top Five,Drama|Comedy,Chris Rock,Chris Rock|Rosario Dawson|J.B. Smoove|Gabrielle Union|Romany Malco,2014,6.3,210
31915,Prophecy,Horror|Science Fiction,John Frankenheimer,Talia Shire|Robert Foxworth|Armand Assante|Richard Dysart|Victoria Racimo,1979,5.4,25
11601,Stir of Echoes,Horror|Mystery|Thriller,David Koepp,Kevin Bacon|Kathryn Erbe|Illeana Douglas|Kevin Dunn|Conor O'Farrell,1999,6.5,330
205220,Philomena,Drama,Stephen Frears,Judi Dench|Steve Coogan|Sophie Kennedy Clark|Mare Winningham|Barbara Jefford,2013,7.4,579
11354,The Upside of Anger,Comedy|Drama,Mike Binder,Joan Allen|Kevin Costner|Erika Christensen|Keri Russell|Alicia Witt,2005,6.4,72
16241,The Boys from Brazil,Horror|Drama|Thriller|Science Fiction,Franklin J. Schaffner,Gregory Peck|Laurence Olivier|James Mason|Lilli Palmer|Uta Hagen,1978,6.6,101
14191,Aquamarine,Fantasy|Romance|Family|Comedy,Elizabeth Allen Rosenbaum,Emma Roberts|Joanna 'JoJo' Levesque|Sara Paxton|Jake McDorman|Arielle Kebbel,2006,5.8,364
286565,Paper Towns,Drama|Mystery|Romance,Jake Schreier,Nat Wolff|Cara Delevingne|Justice Smith|Austin Abrams|Halston Sage,2015,6.1,1937
26710,My Baby's Daddy,Comedy,Cheryl Dunye,Eddie Griffin|Anthony Anderson|Michael Imperioli|Method Man|Paula Jai Parker,2004,4.3,15
129670,Nebraska,Drama|Adventure,Alexander Payne,Bruce Dern|Will Forte|Bob Odenkirk|June Squibb|Stacy Keach,2013,7.4,636
9059,Tales from the Crypt: Demon Knight,Horror|Comedy|Thriller,Ernest R. Dickerson,Billy Zane|William Sadler|Jada Pinkett Smith|Brenda Bakke|CCH Pounder,1995,6.7,94
34549,Max Keeble's Big Move,Comedy|Family|Fantasy|Science Fiction,Tim Hill,Alex D. Linz|Zena Grey|Nora Dunn|Larry Miller|Josh Peck,2001,5.4,33
57157,Young Adult,Comedy|Drama,Jason Reitman,Charlize Theron|Patton Oswalt|Patrick Wilson|Elizabeth Reaser|Collette Wolfe,2011,5.6,364
1948,Crank,Action|Thriller|Crime,Brian Taylor,Jason Statham|Amy Smart|Jose Pablo Cantillo|Efren Ramirez|Dwight Yoakam,2006,6.6,1151
28353,Def Jam's How to Be a Player,Comedy|Romance,Lionel C. Martin,Bill Bellamy|Lark Voorhies|Bernie Mac|Elise Neal,1997,5.3,8
46889,Living Out Loud,Comedy|Drama|Romance,Richard LaGravenese,Holly Hunter|Danny DeVito|Queen Latifah|Martin Donovan|Rachael Leigh Cook,1998,5.3,11
38093,Just Wright,Comedy|Drama|Romance,Sanaa Hamri,Queen Latifah|Common|Paula Patton|James Pickens Jr.|Phylicia Rashād,2010,6.1,99
14976,Rachel Getting Married,Drama,Jonathan Demme,Anne Hathaway|Rosemarie DeWitt|Sebastian Stan|Roslyn Ruff|Bill Irwin,2008,6.1,163
11027,The Postman Always Rings Twice,Romance|Crime|Drama,Bob Rafelson,Jack Nicholson|Jessica Lange|John Colicos|Michael Lerner|Anjelica Huston,1981,6.4,110
3635,Girl with a Pearl Earring,Drama|Romance,Peter Webber,Scarlett Johansson|Colin Firth|Cillian Murphy|Tom Wilkinson|Judy Parfitt,2003,6.4,377
387,Das Boot,Action|Drama|History|War|Adventure,Wolfgang Petersen,Jürgen Prochnow|Herbert Grönemeyer|Klaus Wennemann|Hubertus Bengsch|Martin Semmelrogge,1981,7.9,613
6020,Sorority Boys,Comedy,Wallace Wolodarsky,Barry Watson|Michael Rosenbaum|Harland Williams|Melissa Sagemiller|Tony Denman,2002,4.6,47
122906,About Time,Comedy|Drama|Science Fiction,Richard Curtis,Domhnall Gleeson|Rachel McAdams|Bill Nighy|Lydia Wilson|Lindsay Duncan,2013,7.8,2067
9550,House of Flying Daggers,Adventure|Drama|Action|Romance,Zhang Yimou,Takeshi Kaneshiro|Andy Lau|Zhang Ziyi|Song Dandan|Zhao Hongfei,2004,7.1,439
60599,Arbitrage,Drama|Thriller,Nicholas Jarecki,Richard Gere|Susan Sarandon|Tim Roth|Brit Marling|Monica Raymund,2012,6.1,294
227719,Project Almanac,Science Fiction|Thriller,Dean Israelite,Jonny Weston|Virginia Gardner|Sofia Black-D'Elia|Sam Lerner|Allen Evangelista,2015,6.4,933
14299,Cadillac Records,Drama|History|Music,Darnell Martin,Adrien Brody|Jeffrey Wright|Beyoncé Knowles|Gabrielle Union|Columbus Short,2008,6.9,86
19419,Screwed,Action|Comedy,Scott Alexander,Norm Macdonald|Dave Chappelle|Danny DeVito|Elaine Stritch|Daniel Benzali,2000,4.9,23
12088,Fortress,Action|Thriller|Science Fiction,Stuart Gordon,Christopher Lambert|Kurtwood Smith|Loryn Locklin|Clifton Collins Jr|Jeffrey Combs,1992,5.7,168
14799,For Your Consideration,Comedy|Drama,Christopher Guest,Catherine O'Hara|Harry Shearer|Parker Posey|Christopher Moynihan|John Michael Higgins,2006,5.9,43
9466,Celebrity,Drama|Comedy,Woody Allen,Kenneth Branagh|Judy Davis|Joe Mantegna|Leonardo DiCaprio|Charlize Theron,1998,6.0,111
7510,Running with Scissors,Drama|Comedy,Ryan Murphy,Annette Bening|Brian Cox|Joseph Cross|Joseph Fiennes|Evan Rachel Wood,2006,5.8,78
31246,From Justin to Kelly,Comedy|Romance,Robert Iscove,Kelly Clarkson|Justin Guarini |Brandon Henschel|Greg Siff|Brian Dietzen,2003,3.0,23
61752,Girl 6,Comedy,Spike Lee,Theresa Randle|Isaiah Washington|Spike Lee|Jenifer Lewis|Debi Mazar,1996,5.7,16
10944,In the Cut,Mystery|Thriller,Jane Campion,Meg Ryan|Mark Ruffalo|Jennifer Jason Leigh|Nick Damici|Heather Litteer,2003,4.6,89
10362,Two Lovers,Drama|Romance,James Gray,Joaquin Phoenix|Gwyneth Paltrow|Isabella Rossellini|Vinessa Shaw|Moni Moshonov,2008,6.6,154
14778,Last Orders,Comedy|Drama,Fred Schepisi,Michael Caine|Tom Courtenay|David Hemmings|Bob Hoskins|Helen Mirren,2001,6.0,22
1255,The Host,Horror|Drama|Science Fiction,Bong Joon-ho,Song Kang-ho|Park Hae-il|Bae Doona|Ko Ah-sung|Byun Hee-bong,2006,6.7,537
45226,The Pursuit of D.B. Cooper,Adventure|Crime|Thriller,Roger Spottiswoode,Robert Duvall|Treat Williams|Kathryn Harrold|Ed Flanders|Paul Gleason,1981,6.8,4
10212,Ravenous,Comedy|Horror|Thriller|Western,Antonia Bird,Guy Pearce|Robert Carlyle|David Arquette|Jeremy Davies|Neal McDonough,1999,6.9,141
8669,Charlie Bartlett,Comedy|Drama,Jon Poll,Anton Yelchin|Robert Downey Jr.|Hope Davis|Kat Dennings|Tyler Hilton,2008,6.5,225
179144,The Great Beauty,Comedy|Drama,Paolo Sorrentino,Toni Servillo|Carlo Verdone|Sabrina Ferilli|Carlo Buccirosso|Iaia Forte,2013,7.3,720
16857,The Dangerous Lives of Altar Boys,Comedy|Drama,Peter Care,Emile Hirsch|Kieran Culkin|Jodie Foster|Vincent D'Onofrio|Jena Malone,2002,6.4,53
86825,Stoker,Drama|Horror|Thriller,Park Chan-wook,Mia Wasikowska|Nicole Kidman|Matthew Goode|Dermot Mulroney|Jacki Weaver,2013,6.5,882
844,2046,Fantasy|Drama|Science Fiction|Romance,Wong Kar-wai,Tony Leung Chiu-Wai|Zhang Ziyi|Faye Wong|Takuya Kimura|Gong Li,2004,6.9,206
8060,Married Life,Crime|Drama|Romance,Ira Sachs,Chris Cooper|Pierce Brosnan|Patricia Clarkson|Rachel McAdams|David Wenham,2007,6.1,38
15907,Duma,Adventure|Drama|Family,Carroll Ballard,Alex Michaeletos|Campbell Scott|Mary Makhatho|Nthabiseng Kenoshi|Hope Davis,2005,6.9,41
38448,Ondine,Drama|Romance,Neil Jordan,Colin Farrell|Alicja Bachleda-Curuś|Dervla Kirwan|Alison Barry|Marion O'Dwyer,2009,6.5,84
327,Brother,Crime|Drama|Thriller,Takeshi Kitano,Takeshi Kitano|Omar Epps|Claude Maki|Susumu Terajima|Masaya Kato,2000,6.8,107
9260,Welcome to Collinwood,Comedy,Anthony Russo,William H. Macy|Isaiah Washington|Sam Rockwell|Michael Jeter|Luis Guzmán,2002,6.2,50
61337,Critical Care,Comedy|Drama,Sidney Lumet,James Spader|Kyra Sedgwick|Helen Mirren|Albert Brooks|Anne Bancroft,1997,6.1,9
13079,The Life Before Her Eyes,Thriller|Drama|Mystery,Vadim Perelman,Uma Thurman|Evan Rachel Wood|Eva Amurri Martino|Gabrielle Brennan|Brett Cullen,2007,6.1,88
89325,Darling Companion,Drama|Romance,Lawrence Kasdan,Diane Keaton|Kevin Kline|Sam Shepard|Dianne Wiest|Richard Jenkins,2012,5.3,22
4170,Trade,Drama|Thriller,Marco Kreuzpaintner,Kevin Kline|Cesar Ramos|Paulina Gaitán|Alicja Bachleda-Curuś|Marco Pérez,2007,6.8,67
41508,Fateless,War|Drama,Lajos Koltai,Marcell Nagy|Béla Dóra|Bálint Péntek|Áron Dimény|Péter Fancsikai,2005,6.5,28
12479,Breakfast of Champions,Comedy,Alan Rudolph,Bruce Willis|Albert Finney|Nick Nolte|Barbara Hershey|Glenne Headly,1999,5.2,28
44555,"A Woman, a Gun and a Noodle Shop",Comedy|Drama|Thriller,Zhang Yimou,Sun Honglei|Xiao Shen Yang|Yan Ni|Ni Dahong|Zhao Benshan,2009,4.8,13
10133,Cypher,Thriller|Science Fiction|Mystery,Vincenzo Natali,Jeremy Northam|Lucy Liu|Nigel Bennett|Timothy Webber|David Hewlett,2002,6.7,192
21345,City of Life and Death,Drama|History|War,Lu Chuan,Liu Ye|Gao Yuanyuan|Hideo Nakaizumi|John Paisley|Beverly Peckous,2009,7.6,55
173931,Legend of a Rabbit,Animation|Family|Action|Adventure|Comedy,Lijun Sun,Jon Heder|Tom Arnold|Michael Clarke Duncan|Rebecca Black|Claire Geare,2011,3.0,3
61984,Space Battleship Yamato,Science Fiction,Takashi Yamazaki,Hiroyuki Ikeuchi|Takuya Kimura|Meisa Kuroki|Toshirō Yanagiba|Tsutomu Yamazaki,2010,6.3,59
50601,5 Days of War,War|Drama,Renny Harlin,Rupert Friend|Val Kilmer|Andy García|Dean Cain|Emmanuelle Chriqui,2011,5.8,62
26466,Triangle,Horror,Christopher Smith,Melissa George|Liam Hemsworth|Emma Lung|Rachael Carpani|Michael Dorman,2009,6.9,612
345003,10 Days in a Madhouse,Drama,Timothy Hines,Caroline Barry|Christopher Lambert|Kelly LeBrock|Julia Chantrey|Alexandra Callas,2015,4.3,5
236751,Heaven is for Real,Drama,Randall Wallace,Greg Kinnear|Kelly Reilly|Connor Corum|Thomas Haden Church|Jon Ted Wynne,2014,6.0,229
107,Snatch,Thriller|Crime,Guy Ritchie,Jason Statham|Brad Pitt|Vinnie Jones|Dennis Farina|Benicio del Toro,2000,7.7,2912
357837,Dancin' It's On,Drama|Romance,David Winters,Witney Carson|Chehon Wespi-Tschopp|Gary Daniels|David Winters|Jordan Clark,2015,4.3,2
8913,Pet Sematary,Drama|Horror,Mary Lambert,Dale Midkiff|Fred Gwynne|Denise Crosby|Brad Greenquist|Michael Lombard,1989,6.4,407
13889,Madadayo,Drama,Akira Kurosawa,Tatsuo Matsumura|Kyôko Kagawa|Hisashi Igawa|George Tokoro|Masayuki Yui,1993,7.5,20
18530,The Cry of the Owl,Drama,Jamie Thraves,Paddy Considine|Julia Stiles|Caroline Dhavernas|James Gilbert|Karl Pruner,2009,5.5,29
358451,A Tale of Three Cities,Drama|History|Romance,Mabel Cheung,Lau Ching-Wan|Tang Wei|Qin Hailu|Jing Boran ,2015,6.3,5
927,Gremlins,Fantasy|Horror|Comedy,Joe Dante,Zach Galligan|Phoebe Cates|Hoyt Axton|Polly Holliday|Dick Miller,1984,6.9,1596
11,Star Wars,Adventure|Action|Science Fiction,George Lucas,Mark Hamill|Harrison Ford|Carrie Fisher|Peter Cushing|Alec Guinness,1977,8.1,6624
291870,Dirty Grandpa,Comedy,Dan Mazer,Zac Efron|Robert De Niro|Julianne Hough|Aubrey Plaza|Dermot Mulroney,2016,5.7,1406
907,Doctor Zhivago,Drama|Romance|War,David Lean,Omar Sharif|Julie Christie|Geraldine Chaplin|Rod Steiger|Alec Guinness,1965,7.4,247
206563,Trash,Adventure|Crime|Drama|Thriller,Stephen Daldry,Rickson Tevez|Eduardo Luis|Gabriel Weinstein|Rooney Mara|Selton Mello,2014,7.1,242
11887,High School Musical 3: Senior Year,Comedy|Drama|Family|Music|Romance,Kenny Ortega,Zac Efron|Vanessa Hudgens|Ashley Tisdale|Lucas Grabeel|Corbin Bleu,2008,6.2,821
45317,The Fighter,Drama,David O. Russell,Mark Wahlberg|Christian Bale|Amy Adams|Melissa Leo|Mickey O'Keefe,2010,7.2,1486
12094,Jackass Number Two,Action|Comedy|Documentary,Jeff Tremaine,Johnny Knoxville|Bam Margera|Steve-O|Chris Pontius|Ryan Dunn,2006,6.4,298
10377,My Cousin Vinny,Comedy|Drama,Jonathan Lynn,Joe Pesci|Ralph Macchio|Marisa Tomei|Mitchell Whitfield|Fred Gwynne,1992,7.3,384
249164,If I Stay,Drama,R.J. Cutler,Chloë Grace Moretz|Jamie Blackley|Liana Liberato|Mireille Enos|Stacy Keach,2014,7.3,1368
256092,Drive Hard,Action|Comedy|Crime,Brian Trenchard-Smith,Thomas Jane|John Cusack|Zoe Ventoura|Damien Garvey|Christopher Morris,2014,3.9,74
9942,Major League,Comedy,David S. Ward,Tom Berenger|Charlie Sheen|Corbin Bernsen|Margaret Whitton|James Gammon,1989,6.6,217
10748,St. Trinian's,Comedy|Family|Science Fiction,Barnaby Thompson,Talulah Riley|Rupert Everett|Gemma Arterton|Colin Firth|Lena Headey,2007,5.6,142
1817,Phone Booth,Thriller|Drama,Joel Schumacher,Colin Farrell|Kiefer Sutherland|Forest Whitaker|Radha Mitchell|Katie Holmes,2002,6.7,1062
10229,A Walk to Remember,Drama|Romance,Adam Shankman,Mandy Moore|Shane West|Peter Coyote|Daryl Hannah|Lauren German,2002,7.5,1018
687,Dead Man Walking,Drama,Tim Robbins,Susan Sarandon|Sean Penn|Robert Prosky|Raymond J. Barry|R. Lee Ermey,1995,7.3,337
796,Cruel Intentions,Drama|Romance|Thriller,Roger Kumble,Sarah Michelle Gellar|Ryan Phillippe|Reese Witherspoon|Selma Blair|Louise Fletcher,1999,6.6,827
22804,Saw VI,Horror|Mystery,Kevin Greutert,Tobin Bell|Costas Mandylor|Betsy Russell|Mark Rolston|Peter Outerbridge,2009,6.0,722
10156,History of the World: Part I,Comedy,Mel Brooks,Mel Brooks|Dom DeLuise|Madeline Kahn|Harvey Korman|Cloris Leachman,1981,6.5,204
12837,The Secret Life of Bees,Adventure,Gina Prince-Bythewood,Dakota Fanning|Queen Latifah|Jennifer Hudson|Sophie Okonedo|Alicia Keys,2008,7.4,158
17708,Corky Romano,Action|Comedy|Crime,Rob Pritts,Chris Kattan|Vinessa Shaw|Peter Falk|Peter Berg|Chris Penn,2001,4.1,54
13937,Raising Cain,Drama|Horror|Thriller|Crime,Brian De Palma,John Lithgow|Lolita Davidovich|Steven Bauer|Frances Sternhagen|Gregg Henry,1992,5.9,65
28932,F.I.S.T.,Drama|Action,Norman Jewison,Sylvester Stallone|Rod Steiger|Peter Boyle|Melinda Dillon|David Huffman,1978,6.4,29
31909,Invaders from Mars,Science Fiction,Tobe Hooper,Karen Black|Hunter Carson|Timothy Bottoms|Laraine Newman|James Karen,1986,5.5,57
167073,Brooklyn,Drama|Romance,John Crowley,Saoirse Ronan|Domhnall Gleeson|Emory Cohen|Jim Broadbent|Julie Walters,2015,7.2,1213
3175,Barry Lyndon,Drama|Romance|War,Stanley Kubrick,Ryan O'Neal|Marisa Berenson|Hardy Krüger|Diana Körner|Frank Middlemass,1975,7.7,505
14369,Out Cold,Comedy,Brendan Malloy,Jason London|Lee Majors|Zach Galifianakis|Victoria Silvstedt|David Koechner,2001,5.8,53
16888,The Ladies Man,Comedy,Reginald Hudlin,Tim Meadows|Karyn Parsons|Billy Dee Williams|John Witherspoon|Jill Talley,2000,5.7,34
121826,Quartet,Drama|Comedy|Romance,Dustin Hoffman,Maggie Smith|Tom Courtenay|Billy Connolly|Pauline Collins|Michael Gambon,2012,6.3,139
10646,Tomcats,Comedy|Romance,Gregory Poirier,Jerry O'Connell|Shannon Elizabeth|Jake Busey|Horatio Sanz|Bernie Casey,2001,4.9,74
12149,Frailty,Drama|Thriller|Crime,Bill Paxton,Bill Paxton|Matthew McConaughey|Powers Boothe|Matt O'Leary|Jeremy Sumpter,2001,7.0,334
304357,Woman in Gold,Drama,Simon Curtis,Helen Mirren|Ryan Reynolds|Tatiana Maslany|Katie Holmes|Max Irons,2015,7.3,440
11184,Kinsey,Drama,Bill Condon,Liam Neeson|Laura Linney|Chris O'Donnell|Peter Sarsgaard|Timothy Hutton,2004,6.6,131
766,Army of Darkness,Fantasy|Horror|Comedy,Sam Raimi,Bruce Campbell|Embeth Davidtz|Marcus Gilbert|Ian Abercrombie|Richard Grove,1992,7.3,838
20009,Slackers,Comedy|Romance,Dewey Nicks,Jason Segel|Devon Sawa|Jason Schwartzman|Jaime King|Cameron Diaz,2002,5.4,60
1587,What's Eating Gilbert Grape,Romance|Drama,Lasse Hallström,Johnny Depp|Leonardo DiCaprio|Juliette Lewis|Darlene Cates|Mary Steenburgen,1993,7.5,919
30973,The Visual Bible: The Gospel of John,Drama|History,Philip Saville,Christopher Plummer|Henry Ian Cusick|Stuart Bunce|Daniel Kash|Stephen Russell,2003,8.2,12
11109,Vera Drake,Crime|Drama,Mike Leigh,Imelda Staunton|Sally Hawkins|Richard Graham|Eddie Marsan|Anna Keaveney,2004,6.8,80
9027,The Guru,Comedy|Romance,Daisy von Scherler Mayer,Jimi Mistry|Heather Graham|Marisa Tomei|Michael McKean|Dash Mihok,2002,5.1,75
63020,The Perez Family,Comedy|Drama|Romance,Mira Nair,Marisa Tomei|Alfred Molina|Anjelica Huston|Chazz Palminteri|Trini Alvarado,1995,6.6,9
86829,Inside Llewyn Davis,Drama|Music,Joel Coen,Oscar Isaac|Carey Mulligan|Justin Timberlake|Jerry Grayson|Robin Bartlett,2013,7.2,834
11065,O,Drama|Romance|Thriller,Tim Blake Nelson,Mekhi Phifer|Josh Hartnett|Andrew Keegan|Julia Stiles|Martin Sheen,2001,5.8,75
13888,Return to the Blue Lagoon,Drama|Adventure|Romance,William A. Graham,Milla Jovovich|Brian Krause|Lisa Pelikan|Courtney Barilla|Garette Ratliff Henson,1991,5.1,153
42345,The Molly Maguires,Drama|History,Martin Ritt,Sean Connery|Samantha Eggar|Richard Harris|Frank Finlay|Anthony Zerbe,1970,5.9,16
13994,Romance & Cigarettes,Comedy|Music|Romance,John Turturro,James Gandolfini|Susan Sarandon|Kate Winslet|Steve Buscemi|Mandy Moore,2005,6.0,33
1590,Copying Beethoven,Drama,Agnieszka Holland,Ed Harris|Diane Kruger|Matthew Goode|Phyllida Law|Ralph Riach,2006,6.2,42
62728,Brighton Rock,Drama|Thriller|Crime,Rowan Joffe,Andy Serkis|Helen Mirren|John Hurt|Sam Riley|Andrea Riseborough,2010,5.6,35
11917,Saw V,Horror|Thriller|Crime,David Hackl,Tobin Bell|Costas Mandylor|Scott Patterson|Betsy Russell|Mark Rolston,2008,5.9,820
45138,Machine Gun McCain,Drama|Action|Thriller|Crime|Foreign,Giuliano Montaldo,John Cassavetes|Britt Ekland|Peter Falk|Gabriele Ferzetti|Margherita Guzzinati,1969,7.3,6
80271,LOL,Drama|Comedy|Romance,Lisa Azuelos,Miley Cyrus|Demi Moore|Douglas Booth|Ashley Greene|Ashley Hinshaw,2012,5.9,881
4657,Jindabyne,Crime|Drama|Mystery|Thriller,Ray Lawrence,Laura Linney|Gabriel Byrne|Deborra-Lee Furness|John Howard|Leah Purcell,2006,5.7,25
14395,Kabhi Alvida Naa Kehna,Drama|Romance,Karan Johar,Shah Rukh Khan|Rani Mukerji|Preity Zinta|Abhishek Bachchan|Amitabh Bachchan,2006,6.1,42
24137,An Ideal Husband,Drama|Comedy|Romance,Oliver Parker,Cate Blanchett|Minnie Driver|Rupert Everett|Julianne Moore|Jeremy Northam,1999,6.3,46
190847,The Last Days on Mars,Science Fiction|Thriller|Horror,Ruairi Robinson,Liev Schreiber|Romola Garai|Elias Koteas|Olivia Williams|Johnny Harris,2013,5.2,302
11056,Darkness,Horror,Jaume Balagueró,Anna Paquin|Lena Olin|Iain Glen|Giancarlo Giannini|Fele Martínez,2002,5.6,112
62,2001: A Space Odyssey,Science Fiction|Mystery|Adventure,Stanley Kubrick,Keir Dullea|Gary Lockwood|William Sylvester|Douglas Rain|Daniel Richter,1968,7.9,2998
601,E.T. the Extra-Terrestrial,Science Fiction|Adventure|Family|Fantasy,Steven Spielberg,Henry Thomas|Drew Barrymore|Robert MacNaughton|Dee Wallace|Peter Coyote,1982,7.3,3269
13067,In the Land of Women,Romance|Comedy|Drama,Jon Kasdan,Meg Ryan|Kristen Stewart|Adam Brody|JoBeth Williams|Olympia Dukakis,2007,5.8,160
25379,The Blue Butterfly,Adventure|Drama|Family,Léa Pool,Marc Donato|Pascale Bussières|William Hurt|Raoul Max Trujillo|Steve Adams,2004,6.8,6
88641,There Goes My Baby,Drama|Comedy,Floyd Mutrux,Dermot Mulroney|Ricky Schroder|Kelli Williams|Noah Wyle|Lucy Deakins,1994,8.5,2
58051,Housefull,Drama|Comedy|Romance|Foreign,Sajid Khan,Akshay Kumar|Ritesh Deshmukh|Deepika Padukone|Lara Dutta|Jiah Khan,2010,5.2,29
14877,September Dawn,Drama|Action|History|Western|Romance,Christopher Cain,Jon Voight|Tamara Hope|Trent Ford|Lolita Davidovich|Dean Cain,2007,5.0,16
96399,For Greater Glory - The True Story of Cristiada,History|Drama,Dean Wright,Eva Longoria|Andy García|Oscar Isaac|Peter O'Toole|Rubén Blades,2012,6.4,35
304410,The Bélier Family,Comedy|Drama|Music,Eric Lartigau,Louane Emera|Karin Viard|François Damiens|Eric Elmosnino|Roxane Duran,2014,7.0,766
489,Good Will Hunting,Drama,Gus Van Sant,Robin Williams|Matt Damon|Ben Affleck|Stellan Skarsgård|Minnie Driver,1997,7.9,2811
373314,Misconduct,Drama|Thriller,Shintaro Shimosawa,Josh Duhamel|Alice Eve|Malin Åkerman|Lee Byung-hun|Julia Stiles,2016,5.3,149
214,Saw III,Horror|Thriller|Crime,Darren Lynn Bousman,Tobin Bell|Shawnee Smith|Angus Macfadyen|Bahar Soomekh|Dina Meyer,2006,6.1,1071
10890,Stripes,Action|Comedy,Ivan Reitman,Bill Murray|Harold Ramis|Warren Oates|P.J. Soles|Sean Young,1981,6.5,249
1588,Bring It On,Comedy,Peyton Reed,Kirsten Dunst|Jesse Bradford|Eliza Dushku|Gabrielle Union|Huntley Ritter,2000,5.8,568
316727,The Purge: Election Year,Action|Horror|Thriller,James DeMonaco,Elizabeth Mitchell|Frank Grillo|Mykelti Williamson|Edwin Hodge|Raymond J. Barry,2016,6.1,1306
10314,She's All That,Comedy|Romance,Robert Iscove,Freddie Prinze Jr.|Rachael Leigh Cook|Matthew Lillard|Paul Walker|Jodi Lyn O'Keefe,1999,5.7,418
663,Saw IV,Horror|Thriller|Crime,Darren Lynn Bousman,Tobin Bell|Scott Patterson|Costas Mandylor|Betsy Russell|Lyriq Bent,2007,5.9,903
11804,White Noise,Drama|Horror|Thriller,Geoffrey Sax,Michael Keaton|Chandra West|Deborah Kara Unger|Ian McNeice|Keegan Connor Tracy,2005,5.6,261
16781,Madea's Family Reunion,Drama|Comedy|Romance,Tyler Perry,Tyler Perry|Blair Underwood|Lynn Whitfield|Boris Kodjoe|Lisa Arrindell,2006,6.0,77
11873,The Color of Money,Drama,Martin Scorsese,Paul Newman|Tom Cruise|Mary Elizabeth Mastrantonio|Helen Shaver|John Turturro,1986,6.7,291
9289,The Longest Day,Action|Drama|History|War,Bernhard Wicki,Eddie Albert|Paul Anka|Arletty|Jean-Louis Barrault|Richard Beymer,1962,7.2,234
10414,The Mighty Ducks,Comedy|Family,Stephen Herek,Emilio Estevez|Joss Ackland|Lane Smith|Heidi Kling|Josef Sommer,1992,6.4,198
1970,The Grudge,Horror|Mystery|Thriller,Takashi Shimizu,Sarah Michelle Gellar|Jason Behr|Clea DuVall|Bill Pullman|William Mapother,2004,5.8,865
9614,Happy Gilmore,Comedy,Dennis Dugan,Adam Sandler|Ben Stiller|Christopher McDonald|Julie Bowen|Frances Bay,1996,6.5,755
8922,Jeepers Creepers,Horror|Thriller,Victor Salva,Gina Philips|Justin Long|Jonathan Breck|Patricia Belcher|Eileen Brennan,2001,6.1,720
1648,Bill & Ted's Excellent Adventure,Adventure|Comedy|Science Fiction,Stephen Herek,Keanu Reeves|Alex Winter|George Carlin|Dan Shor|Hal Landon Jr.,1989,6.7,454
17917,Oliver!,Drama|Family|Music,Carol Reed,Ron Moody|Shani Wallis|Oliver Reed|Harry Secombe|Mark Lester,1968,7.0,103
74534,The Best Exotic Marigold Hotel,Drama|Comedy,John Madden,Bill Nighy|Maggie Smith|Tom Wilkinson|Judi Dench|Dev Patel,2011,6.9,459
19405,Recess: School's Out,Science Fiction|Animation|Comedy|Family,Chuck Sheetz,Rickey D'Shon Collins|Jason Davis|Ashley Johnson|Courtland Mead|Pamela Adlon,2001,6.6,67
9355,Mad Max Beyond Thunderdome,Action|Adventure|Science Fiction,George Miller,Mel Gibson|Tina Turner|Bruce Spence|Helen Buday|Angelo Rossitto,1985,5.9,748
10999,Commando,Action|Adventure|Thriller,Mark L. Lester,Arnold Schwarzenegger|Rae Dawn Chong|Dan Hedaya|Vernon Wells|James Olson,1985,6.4,742
321258,The Boy,Horror|Mystery|Thriller,William Brent Bell,Lauren Cohan|Rupert Evans|James Russell|Jim Norton|Diana Hardcastle,2016,5.8,1102
44040,Devil,Horror|Mystery|Thriller,John Erick Dowdle,Chris Messina|Jacob Vargas|Bojana Novaković|Logan Marshall-Green|Bokeem Woodbine,2010,5.8,816
10426,Friday After Next,Comedy,Marcus Raboy,Ice Cube|Mike Epps|John Witherspoon|Don Curry|Anna Maria Horsford,2002,6.0,100
280092,Insidious: Chapter 3,Drama|Horror|Thriller,Leigh Whannell,Dermot Mulroney|Stefanie Scott|Lin Shaye|Leigh Whannell|Angus Sampson,2015,6.2,983
13938,The Last Dragon,Action|Adventure|Comedy,Michael Schultz,Taimak|Julius Carry|Vanity|Christopher Murney|Faith Prince,1985,6.4,69
10163,The Lawnmower Man,Horror|Thriller|Science Fiction,Brett Leonard,Jeff Fahey|Pierce Brosnan|Jenny Wright|Mark Bringelson|Geoffrey Lewis,1992,5.4,197
12182,Nick and Norah's Infinite Playlist,Comedy|Music|Romance,Peter Sollett,Michael Cera|Kat Dennings|Aaron Yoo|Alexis Dziena|Ari Graynor,2008,6.4,379
1832,Dogma,Fantasy|Comedy|Adventure,Kevin Smith,Ben Affleck|Matt Damon|Linda Fiorentino|Jason Mewes|Chris Rock,1999,6.8,823
9034,The Banger Sisters,Comedy|Drama,Bob Dolman,Goldie Hawn|Susan Sarandon|Geoffrey Rush|Erika Christensen|Robin Thomas,2002,5.5,62
15301,Twilight Zone: The Movie,Drama|Fantasy|Horror|Science Fiction|Thriller,Steven Spielberg,Albert Brooks|Vic Morrow|John Larroquette|John Lithgow|Dan Aykroyd,1983,6.2,161
10135,Road House,Action|Thriller,Rowdy Herrington,Patrick Swayze|Kelly Lynch|Sam Elliott|Ben Gazzara|Marshall R. Teague,1989,6.3,252
26352,A Low Down Dirty Shame,Action|Comedy|Crime,Keenen Ivory Wayans,Keenen Ivory Wayans|Charles S. Dutton|Jada Pinkett Smith|Salli Richardson-Whitfield|Andrew Divoff,1994,6.0,31
20616,Swimfan,Drama|Thriller,John Polson,Jesse Bradford|Erika Christensen|Shiri Appleby|Kate Burton|Jason Ritter,2002,5.0,70
9794,Employee of the Month,Comedy|Romance,Greg Coolidge,Dane Cook|Jessica Simpson|Dax Shepard|Andy Dick|Tim Bagley,2006,5.3,153
15037,Can't Hardly Wait,Comedy|Drama|Romance,Deborah Kaplan,Jennifer Love Hewitt|Ethan Embry|Charlie Korsmo|Lauren Ambrose|Peter Facinelli,1998,6.1,122
227,The Outsiders,Crime|Drama,Francis Ford Coppola,Matt Dillon|Ralph Macchio|C. Thomas Howell|Patrick Swayze|Rob Lowe,1983,6.9,291
294272,Pete's Dragon,Adventure|Family|Fantasy,David Lowery,Bryce Dallas Howard|Oakes Fegley|Wes Bentley|Karl Urban|Oona Laurence,2016,6.2,679
11336,The Dead Zone,Horror|Science Fiction|Thriller,David Cronenberg,Christopher Walken|Brooke Adams|Tom Skerritt|Martin Sheen|Herbert Lom,1983,6.9,311
283445,Sinister 2,Horror,Ciaran Foy,Shannyn Sossamon|James Ransone|Robert Daniel Sloan|Dartanian Sloan|Lea Coco,2015,5.4,581
88036,Sparkle,Drama|Music,Salim Akil,Whitney Houston|Cee Lo Green|Derek Luke|Mike Epps|Carmen Ejogo,2012,5.8,36
10984,Valentine,Horror|Thriller,Jamie Blanks,Denise Richards|David Boreanaz|Marley Shelton|Jessica Capshaw|Jessica Cauffiel,2001,5.0,114
22824,The Fourth Kind,Mystery|Science Fiction|Thriller,Olatunde Osunsanmi,Milla Jovovich|Will Patton|Hakeem Kae-Kazim|Corey Johnson|Enzo Cilenti,2009,5.8,441
9526,A Prairie Home Companion,Drama|Comedy|Music,Robert Altman,Meryl Streep|Lindsay Lohan|Virginia Madsen|Woody Harrelson|Garrison Keillor,2006,6.4,81
39349,Sugar Hill,Drama|Action|Thriller,Leon Ichaso,Wesley Snipes|Michael Wright|Donald Faison|O.L. Duke|Leslie Uggams,1994,5.2,13
15983,Invasion U.S.A.,Action|Thriller,Joseph Zito,Chuck Norris|Richard Lynch|Melissa Prophet|Alexander Zale|Alex Colon,1985,5.3,49
14544,Roll Bounce,Comedy|Drama|Family,Malcolm D. Lee,Nick Cannon|Shad Moss|Chi McBride|Meagan Good|Brandon T. Jackson,2005,6.1,27
11545,Rushmore,Comedy|Drama,Wes Anderson,Jason Schwartzman|Olivia Williams|Bill Murray|Seymour Cassel|Mason Gamble,1998,7.5,676
42684,Skyline,Science Fiction,Colin Strause,Eric Balfour|Scottie Thompson|David Zayas|Donald Faison|Brittany Daniel,2010,4.7,507
268238,The Second Best Exotic Marigold Hotel,Drama|Comedy,John Madden,Dev Patel|Judi Dench|Richard Gere|Maggie Smith|Bill Nighy,2015,6.3,272
8359,Kit Kittredge: An American Girl,Comedy|Drama|Family,Patricia Rozema,Abigail Breslin|Chris O'Donnell|Julia Ormond|Stanley Tucci|Joan Cusack,2008,6.4,34
15648,The Perfect Man,Comedy|Drama|Family|Romance,Mark Rosman,Hilary Duff|Heather Locklear|Chris Noth|Mike O'Malley|Ben Feldman,2005,5.5,203
41823,Mo' Better Blues,Drama|Romance,Spike Lee,Denzel Washington|Spike Lee|Wesley Snipes|Giancarlo Esposito|John Turturro,1990,6.3,47
11891,Kung Pow: Enter the Fist,Action|Comedy,Steve Oedekerk,Hui Lou Chen|Tad Horino|Steve Oedekerk|Jennifer Tung|Ming Lo,2002,6.1,159
9362,Tremors,Action|Horror,Ron Underwood,Kevin Bacon|Fred Ward|Finn Carter|Michael Gross|Reba McEntire,1990,6.6,864
9902,Wrong Turn,Horror|Thriller,Rob Schmidt,Desmond Harrington|Eliza Dushku|Emmanuelle Chriqui|Jeremy Sisto|Kevin Zegers,2003,6.0,635
14729,The Long Riders,Western|History,Walter Hill,David Carradine|Keith Carradine|Robert Carradine|James Keach|Stacy Keach,1980,6.6,50
9455,The Corruptor,Action|Crime|Mystery|Thriller,James Foley,Mark Wahlberg|Chow Yun-fat|Byron Mann|Kim Chan|Ric Young,1999,6.0,57
103731,Mud,Drama,Jeff Nichols,Matthew McConaughey|Tye Sheridan|Jacob Lofland|Sam Shepard|Reese Witherspoon,2013,7.0,1068
10090,Reno 911!: Miami,Action|Adventure|Comedy|Crime,Ben Garant,Lennie Loftin|Danny DeVito|Ben Garant|Carlos Alazraqui|Mary Birdsong,2007,5.6,72
164558,One Direction: This Is Us,Documentary|Music,Morgan Spurlock,Harry Styles|Niall Horan|Zayn Malik|Louis Tomlinson|Liam Payne,2013,8.0,201
19905,"The Goods: Live Hard, Sell Hard",Comedy,Neal Brennan,Jeremy Piven|Ving Rhames|James Brolin|David Koechner|Kathryn Hahn,2009,5.4,58
17710,Hey Arnold! The Movie,Animation|Family,Tuck Tucker,Spencer Klein|Francesca Smith|Jamil Walker Smith|Dan Castellaneta|Tress MacNeille,2002,5.6,62
75900,My Week with Marilyn,Drama,Simon Curtis,Michelle Williams|Eddie Redmayne|Kenneth Branagh|Julia Ormond|Judi Dench,2011,6.6,406
9515,The Matador,Action|Comedy|Crime|Drama|Thriller,Richard Shepard,Pierce Brosnan|Greg Kinnear|Hope Davis|Portia Dawson|Adam Scott,2005,6.2,136
27322,Love Jones,Comedy|Drama|Romance,Theodore Witcher,Larenz Tate|Nia Long|Isaiah Washington|Bill Bellamy|Lisa Nicole Carson,1997,8.1,12
328425,The Gift,Thriller|Mystery,Joel Edgerton,Jason Bateman|Rebecca Hall|Joel Edgerton|Allison Tolman|Tim Griffin,2015,6.7,1049
14120,End of the Spear,Adventure|Drama,Jim Hanon,Louie Leonardo|Chad Allen|Jack Guzman|Chase Ellison|Sylvia Jefferies,2005,6.1,15
10050,Get Over It,Comedy|Romance,Tommy O'Haver,Kirsten Dunst|Ben Foster|Melissa Sagemiller|Colin Hanks|Zoe Saldana,2001,5.5,75
1542,Office Space,Comedy|Crime,Mike Judge,Ron Livingston|Jennifer Aniston|David Herman|Ajay Naidu|Diedrich Bader,1999,7.4,1050
10490,Drop Dead Gorgeous,Comedy,Michael Patrick Jann,Kirsten Dunst|Ellen Barkin|Denise Richards|Amy Adams|Kirstie Alley,1999,6.4,86
87093,Big Eyes,Drama,Tim Burton,Amy Adams|Christoph Waltz|Krysten Ritter|Danny Huston|Jason Schwartzman,2014,6.8,1196
10029,Very Bad Things,Comedy|Crime|Thriller,Peter Berg,Jon Favreau|Leland Orser|Cameron Diaz|Christian Slater|Jeremy Piven,1998,6.2,179
9893,Sleepover,Comedy|Family,Joe Nussbaum,Alexa PenaVega|Mika Boorem|Jane Lynch|Sara Paxton|Brie Larson,2004,5.3,101
11507,Body Double,Crime|Mystery|Horror|Thriller,Brian De Palma,Craig Wasson|Melanie Griffith|Gregg Henry|Deborah Shelton|Guy Boyd,1984,6.4,137
37931,MacGruber,Action|Adventure|Comedy,Jorma Taccone,Will Forte|Kristen Wiig|Val Kilmer|Ryan Phillippe|Maya Rudolph,2010,5.1,179
3472,Dirty Pretty Things,Crime|Drama|Thriller,Stephen Frears,Chiwetel Ejiofor|Audrey Tautou|Sergi López|Benedict Wong|Sophie Okonedo,2002,6.8,131
87818,Movie 43,Comedy,Griffin Dunne,Anna Faris|Emma Stone|Halle Berry|Kate Winslet|Hugh Jackman,2013,4.4,797
13160,Over Her Dead Body,Comedy,Jeff Lowell,Eva Longoria|Jason Biggs|Lake Bell|Paul Rudd|Lindsay Sloane,2008,5.3,145
88005,Seeking a Friend for the End of the World,Comedy|Drama|Romance|Science Fiction,Lorene Scafaria,Steve Carell|Keira Knightley|Connie Britton|Adam Brody|Rob Corddry,2012,6.3,700
52067,Cedar Rapids,Comedy,Miguel Arteta,Anne Heche|Ed Helms|Sigourney Weaver|John C. Reilly|Rob Corddry,2011,5.9,135
73,American History X,Drama,Tony Kaye,Edward Norton|Edward Furlong|Beverly D'Angelo|Avery Brooks|Jennifer Lien,1998,8.2,3016
134597,The Collection,Horror|Thriller,Marcus Dunstan,Josh Stewart|Christopher McDonald|Emma Fitzpatrick|Lee Tergesen|Erin Way,2012,5.9,289
24034,Teacher's Pet,Animation|Drama|Family|Music,Timothy Bjorklund,Nathan Lane|Kelsey Grammer|Shaun Fleming|Debra Jo Rupp|David Ogden Stiers,2004,5.5,2
14283,The Red Violin,Drama|Thriller|Mystery|Music|Romance,François Girard,Carlo Cecchi|Irene Grazioli|Anita Laurenzi|Tommaso Puntelli|Samuele Amighetti,1998,7.3,99
404,The Straight Story,Drama,David Lynch,Richard Farnsworth|Sissy Spacek|Jane Galloway Heitz|Joseph A. Carpenter|Donald Wiegert,1999,7.7,306
13201,Deuces Wild,Action|Crime|Drama|Romance,Scott Kalvert,Stephen Dorff|Fairuza Balk|Brad Renfro|Norman Reedus|Max Perlich,2002,5.5,34
209403,Bad Words,Comedy,Jason Bateman,Jason Bateman|Kathryn Hahn|Rohan Chand|Philip Baker Hall|Allison Janney,2013,6.4,334
7942,"Run, Fatboy, Run",Comedy|Romance,David Schwimmer,Simon Pegg|Thandie Newton|Hank Azaria|Dylan Moran|Harish Patel,2007,6.2,238
73247,Heartbeeps,Comedy|Romance|Family,Allan Arkush,Andy Kaufman|Bernadette Peters|Randy Quaid|Kenneth McMillan|Melanie Mayron,1981,3.8,6
253331,Black or White,Drama,Mike Binder,Kevin Costner|Jillian Estell|Jennifer Ehle|Gillian Jacobs|Octavia Spencer,2014,6.5,115
34043,On the Line,Comedy|Family|Romance,Eric Bross,Lance Bass|Joey Fatone|Emmanuelle Chriqui|James Bulliard|Al Green,2001,4.1,10
9952,Rescue Dawn,Adventure|Drama|War,Werner Herzog,Christian Bale|Steve Zahn|Marshall Bell|Toby Huss|Pat Healy,2006,6.9,336
256924,Danny Collins,Comedy|Drama|Music,Dan Fogelman,Al Pacino|Annette Bening|Jennifer Garner|Bobby Cannavale|Christopher Plummer,2015,6.6,183
82532,"Jeff, Who Lives at Home",Drama|Comedy,Jay Duplass,Jason Segel|Ed Helms|Susan Sarandon|Judy Greer|Rae Dawn Chong,2011,6.1,217
41110,I Am Love,Drama|Romance,Luca Guadagnino,Tilda Swinton|Flavio Parenti|Edoardo Gabbriellini|Alba Rohrwacher|Gabriele Ferzetti,2009,6.9,73
134371,Atlas Shrugged Part II,Drama|Science Fiction|Mystery,John Putch,Samantha Mathis|Jason Beghe|Esai Morales|Patrick Fabian|Kim Rhodes,2012,5.4,41
2088,Romeo Is Bleeding,Action|Crime|Drama|Thriller,Peter Medak,Gary Oldman|Lena Olin|Annabella Sciorra|Juliette Lewis|Roy Scheider,1993,5.7,36
10388,The Limey,Action|Crime|Drama|Mystery|Thriller,Steven Soderbergh,Terence Stamp|Lesley Ann Warren|Luis Guzmán|Barry Newman|Joe Dallesandro,1999,6.6,105
1640,Crash,Drama,Paul Haggis,Sandra Bullock|Don Cheadle|Matt Dillon|Michael Peña|Jennifer Esposito,2004,7.2,1149
25520,The House of Mirth,Drama|Romance,Terence Davies,Gillian Anderson|Dan Aykroyd|Eleanor Bron|Terry Kinney|Anthony LaPaglia,2000,6.4,25
27342,Malone,Action|Thriller,Harley Cokeliss,Burt Reynolds|Cliff Robertson|Kenneth McMillan|Cynthia Gibb|Scott Wilson,1987,6.8,15
13689,Peaceful Warrior,Drama|Romance,Victor Salva,Scott Mechlowicz|Nick Nolte|Amy Smart|Tim DeKay|Ashton Holmes,2006,7.3,90
67911,Bucky Larson: Born to Be a Star,Comedy,Tom Brady,Nick Swardson|Christina Ricci|Stephen Dorff|Don Johnson|Ido Mosseri,2011,4.4,51
24664,Bamboozled,Comedy|Drama,Spike Lee,Damon Wayans|Savion Glover|Tommy Davidson|Jada Pinkett Smith|Michael Rapaport,2000,6.3,24
329440,The Forest,Horror|Thriller,Jason Zada,Natalie Dormer|Taylor Kinney|Yukiyoshi Ozawa|Eoin Macken|Rina Takasaki,2016,4.8,448
47890,Sphinx,Adventure|Mystery|Thriller,Franklin J. Schaffner,Lesley-Anne Down|Frank Langella|Maurice Ronet|John Gielgud|Vic Tablian,1981,6.0,2
252512,While We're Young,Comedy|Drama|Mystery,Noah Baumbach,Ben Stiller|Naomi Watts|Adam Driver|Amanda Seyfried|Charles Grodin,2015,5.8,383
55720,A Better Life,Drama,Chris Weitz,Demián Bichir|José Julián|Chelsea Rendon|Dolores Heredia|Joaquín Cosio,2011,7.0,54
9613,Spider,Drama|Mystery|Thriller,David Cronenberg,Ralph Fiennes|Miranda Richardson|Gabriel Byrne|Lynn Redgrave|John Neville,2002,6.4,168
29076,Gun Shy,Action|Comedy|Romance|Thriller,Eric Blakeney,Sandra Bullock|Liam Neeson|Oliver Platt|José Zúñiga|Michael DeLorenzo,2000,5.4,24
29339,Nicholas Nickleby,Adventure|Drama|Action|Family,Douglas McGrath,Charlie Hunnam|Nathan Lane|Jim Broadbent|Christopher Plummer|Jamie Bell,2002,6.8,49
68812,The Iceman,Thriller|Crime|Drama,Ariel Vromen,Michael Shannon|Winona Ryder|Ray Liotta|Chris Evans|David Schwimmer,2012,6.4,365
32740,Krrish,Action|Science Fiction,Rakesh Roshan,Hrithik Roshan|Naseeruddin Shah|Priyanka Chopra|Rekha|Sharat Saxena,2006,5.5,46
14195,Cecil B. Demented,Thriller|Comedy|Crime,John Waters,Melanie Griffith|Stephen Dorff|Alicia Witt|Adrian Grenier|Lawrence Gilliard Jr.,2000,6.2,51
73567,Killer Joe,Crime|Drama|Thriller,William Friedkin,Matthew McConaughey|Emile Hirsch|Thomas Haden Church|Gina Gershon|Juno Temple,2011,6.5,425
41479,The Joneses,Comedy|Drama,Derrick Borte,David Duchovny|Demi Moore|Amber Heard|Benjamin Hollingsworth|Lauren Hutton,2009,6.1,210
15394,Owning Mahowny,Crime|Drama|Thriller,Richard Kwietniowski,Philip Seymour Hoffman|Minnie Driver|John Hurt|Maury Chaykin|Ian Tracey,2003,6.8,37
10071,The Brothers Solomon,Comedy,Bob Odenkirk,Will Arnett|Will Forte|Kristen Wiig|Chi McBride|Lee Majors,2007,4.9,46
1989,My Blueberry Nights,Drama|Romance,Wong Kar-wai,Norah Jones|Jude Law|Natalie Portman|David Strathairn|Rachel Weisz,2007,6.0,190
91076,Illuminata,Drama,John Turturro,John Turturro|Christopher Walken|Susan Sarandon|Rufus Sewell|Beverly D'Angelo,1998,6.3,7
12779,Swept Away,Comedy|Romance,Guy Ritchie,Madonna|Adriano Giannini|Bruce Greenwood|Elizabeth Banks|Michael Beattie,2002,4.8,50
13191,"War, Inc.",Action|Adventure|Comedy|Thriller,Joshua Seftel,John Cusack|Hilary Duff|Marisa Tomei|Joan Cusack|Dan Aykroyd,2008,5.6,86
11770,Shaolin Soccer,Action|Comedy,Stephen Chow,Stephen Chow|Ng Man-Tat|Patrick Tse Yin|Zhao Wei|Wong Yat-Fei,2001,6.6,491
12703,The Brown Bunny,Drama,Vincent Gallo,Vincent Gallo|Chloë Sevigny|Cheryl Tiegs|Elizabeth Blake|Anna Vareschi,2004,5.5,62
64559,The Swindle,Comedy|Crime|Thriller,Claude Chabrol,Michel Serrault|Isabelle Huppert|François Cluzet|Jean-François Balmer,1997,6.4,5
222649,Rosewater,Drama,Jon Stewart,Gael García Bernal|Shohreh Aghdashloo|Jason Jones|Haluk Bilginer|Nasser Faris,2014,6.5,98
115872,The Chambermaid on the Titanic,Drama,Bigas Luna,Olivier Martinez|Aitana Sánchez-Gijón|Romane Bohringer|Didier Bezace,1997,5.3,3
101173,Coriolanus,Drama|Thriller,Ralph Fiennes,Gerard Butler|Ralph Fiennes|Lubna Azabal|Ashraf Barhom|Jessica Chastain,2011,5.9,131
25350,Imaginary Heroes,Comedy|Drama,Dan Harris,Sigourney Weaver|Ryan Donowho|Emile Hirsch|Jeff Daniels|Michelle Williams,2004,6.3,29
10034,High Heels and Low Lifes,Action|Crime|Comedy,Mel Smith,Minnie Driver|Mary McCormack|Kevin McNally|Danny Dyer|Michael Gambon,2001,6.4,12
20178,World's Greatest Dad,Comedy|Romance,Bobcat Goldthwait,Robin Williams|Alexie Gilmore|Daryl Sabara|Geoff Pierson|Henry Simmons,2009,6.5,177
5072,Severance,Horror|Comedy|Thriller,Christopher Smith,Danny Dyer|Laura Harris|Toby Stephens|Tim McInnerny|Babou Ceesay,2006,6.4,169
18191,Edmond,Drama|Thriller,Stuart Gordon,William H. Macy|Joe Mantegna|Denise Richards|Mena Suvari|Bokeem Woodbine,2005,6.0,50
31007,Welcome to the Rileys,Drama,Jake Scott,Kristen Stewart|James Gandolfini|Melissa Leo|Joe Chrest|Ally Sheedy,2010,6.4,139
11546,Police Academy: Mission to Moscow,Comedy|Crime,Alan Metter,George Gaynes|G. W. Bailey|Leslie Easterbrook|Michael Winslow|David Graf,1994,4.1,178
41894,Blood Done Sign My Name,Drama|Crime,Jeb Stuart,Natalie Alyn Lind|Michael Rooker|Emily Alyn Lind|Omar Benson Miller|Lee Norris,2010,6.0,5
184374,Cinco de Mayo: La Batalla,War|History|Drama,Rafa Lara,Christian Vazquez|Liz Gallardo|Angélica Aragón|Kuno Becker|Ginés García Millán,2013,5.8,14
268171,Elsa & Fred,Comedy|Family|Romance,Michael Radford,Shirley MacLaine|Christopher Plummer|Chris Noth|Marcia Gay Harden|Scott Bakula,2014,6.2,31
78149,"An Alan Smithee Film: Burn, Hollywood, Burn",Comedy,Alan Smithee,Jackie Chan|Sylvester Stallone|Whoopi Goldberg|Eric Idle|Ryan O'Neal,1998,3.0,9
24663,The Open Road,Comedy|Drama|Romance,Michael Meredith,Justin Timberlake|Jeff Bridges|Kate Mara|Harry Dean Stanton|Mary Steenburgen,2009,4.8,19
39037,The Good Guy,Comedy|Romance,Julio DePietro,Alexis Bledel|Colin Egglesfield|Anna Chlumsky|Andrew McCarthy|Scott Porter,2009,5.4,59
22805,Motherhood,Comedy|Drama,Katherine Dieckmann,Uma Thurman|Minnie Driver|Anthony Edwards|David Schallipp|Matthew Schallipp,2009,4.7,44
39055,Free Style,Drama|Family,William Dear,Corbin Bleu|Sandra Echeverría|Madison Pettis,2008,5.8,4
245846,Strangerland,Drama|Thriller,Kim Farrant,Nicole Kidman|Joseph Fiennes|Hugo Weaving|Lisa Flanagan|Megan Alston,2015,5.1,83
25186,Janky Promoters,Comedy,Marcus Raboy,Ice Cube|Mike Epps|Young Jeezy|Darris Love|Julio Oscar Mechoso,2009,7.0,5
15017,Blonde Ambition,Comedy|Romance,Scott Marshall Smith,Jessica Simpson|Luke Wilson|Rachael Leigh Cook|Penelope Ann Miller|Andy Dick,2007,3.9,29
12245,The Oxford Murders,Crime|Mystery|Thriller,Álex de la Iglesia,Elijah Wood|John Hurt|Leonor Watling|Julie Cox|Jim Carter,2008,5.7,188
49787,The Reef,Drama|Horror|Thriller,Andrew Traucki,Adrienne Pickering|Zoe Naylor|Gyton Grantley|Damian Walshe-Howling|Kieran Darcy-Smith,2010,5.4,130
16358,Eulogy,Comedy|Drama,Michael Clancy,Hank Azaria|Jesse Bradford|Zooey Deschanel|Glenne Headly|Famke Janssen,2004,6.4,34
7006,White Noise 2: The Light,Thriller|Drama|Horror|Fantasy,Patrick Lussier,Nathan Fillion|Katee Sackhoff|Craig Fairbrass|Adrian Holmes|Teryl Rothery,2007,5.6,80
66767,Beat the World,Music|Drama,Robert Adetuyi,Tyrone Brown|Mishael Morgan|Nikki Grant|Chase Armitage|Ray Johnson,2011,4.3,16
17622,Fifty Dead Men Walking,Action|Thriller,Kari Skogland,Ben Kingsley|Jim Sturgess|Kevin Zegers|Rose McGowan|Tom Collins,2008,6.1,35
283671,Jungle Shuffle,Family|Animation|Adventure,Taedong Park,Drake Bell|Rob Schneider|Brianne Siddall|Joey D'Auria|Jessica DiCicco,2014,6.5,1
18516,Adam Resurrected,Drama|War,Paul Schrader,Jeff Goldblum|Willem Dafoe|Derek Jacobi|Ayelet Zurer|Hana Laslo,2008,6.4,22
217708,Of Horses and Men,Drama|Romance|Comedy,Benedikt Erlingsson,Ingvar Eggert Sigurðsson|Charlotte Bøving|Steinn Ármann Magnússon|Kristbjörg Kjeld|Helgi Björnsson,2013,6.9,26
42057,It's a Wonderful Afterlife,Comedy|Romance,Gurinder Chadha,Shabana Azmi|Goldy Notay|Sendhil Ramamurthy|Sally Hawkins|Mark Addy,2010,4.3,9
17577,The Devil's Tomb,Action|Horror|Thriller|Science Fiction,Jason Connery,Cuba Gooding Jr.|Ray Winstone|Ron Perlman|Taryn Manning|Stephanie Jacobsen,2009,4.0,53
14608,Partition,Drama|Foreign|Romance,Vic Sarin,Kristin Kreuk|Jimi Mistry|Neve Campbell|John Light|Irrfan Khan,2007,6.4,6
34417,Good Intentions,Comedy,Jim Issa,Luke Perry|LeAnn Rimes|Jimmi Simpson,2010,5.0,6
15067,"The Good, The Bad, The Weird",Action|Adventure|Comedy|Western,Kim Jee-woon,Song Kang-ho|Lee Byung-hun|Jung Woo-sung|Yoon Je-moon|Song Young-chang,2008,7.1,193
78383,Nurse 3-D,Horror|Thriller,Douglas Aarniokoski,Paz de la Huerta|Katrina Bowden|Kathleen Turner|Judd Nelson|Boris Kodjoe,2013,4.9,119
43090,Gunless,Drama|Action|Comedy|Western,William Phillips,Sienna Guillory|Tyler Mane|Callum Keith Rennie|Dustin Milligan|Graham Greene,2010,6.7,27
16614,Adventureland,Comedy,Greg Mottola,Jesse Eisenberg|Kristen Stewart|Martin Starr|Kristen Wiig|Bill Hader,2009,6.4,737
9700,The Lost City,Drama|Romance,Andy García,Andy García|Richard Bradford|Nestor Carbonell|Enrique Murciano|Dominik García-Lorido,2005,6.0,24
10471,Next Friday,Comedy,Steve Carr,Ice Cube|Mike Epps|Justin Pierce|John Witherspoon|Don Curry,2000,6.4,135
250066,American Heist,Action,Sarik Andreasyan,Hayden Christensen|Adrien Brody|Jordana Brewster|Akon|Laura Cayouette,2014,4.3,158
667,You Only Live Twice,Action|Thriller|Adventure,Lewis Gilbert,Sean Connery|Akiko Wakabayashi|Karin Dor|Mie Hama|Tetsurō Tamba,1967,6.5,531
208869,Plastic,Drama|Action|Comedy|Crime,Julian Gilbey,Ed Speleers|Will Poulter|Alfie Allen|Sebastian de Souza|Emma Rigby,2014,6.1,86
86837,Amour,Drama|Romance,Michael Haneke,Emmanuelle Riva|Jean-Louis Trintignant|Isabelle Huppert|William Shimell|Rita Blanco,2012,7.5,400
10306,Poltergeist III,Horror|Thriller,Gary Sherman,Tom Skerritt|Nancy Allen|Heather O'Rourke|Lara Flynn Boyle|Kipley Wentz,1988,4.5,123
106845,Re-Kill,Horror|Science Fiction,Valeri Milev,Roger Cross|Scott Adkins|Daniella Alonso|Bruce Payne|Jesse Garcia,2015,4.9,34
11576,"It's a Mad, Mad, Mad, Mad World",Action|Adventure|Comedy|Crime,Stanley Kramer,Spencer Tracy|Milton Berle|Sid Caesar|Buddy Hackett|Mickey Rooney,1963,7.0,140
219,Volver,Comedy|Drama|Romance,Pedro Almodóvar,Penélope Cruz|Carmen Maura|Lola Dueñas|Blanca Portillo|Yohana Cobo,2006,7.3,406
11827,Heavy Metal,Animation|Science Fiction,Gerald Potterton,Rodger Bumpass|Jackie Burroughs|Joe Flaherty|Harold Ramis|John Candy,1981,6.2,148
22820,Gentlemen Broncos,Action|Comedy|Thriller,Jared Hess,Michael Angarano|Sam Rockwell|Clive Revill|Jemaine Clement|Jennifer Coolidge,2009,6.2,51
31174,Richard III,Drama|War,Richard Loncraine,Ian McKellen|Annette Bening|Jim Broadbent|Kristin Scott Thomas|Adrian Dunbar,1995,6.9,49
244316,Into the Grizzly Maze,Action|Horror|Thriller,David Hackl,James Marsden|Thomas Jane|Piper Perabo|Scott Glenn|Michaela McManus,2015,5.1,74
37737,Kites,Drama|Action|Romance,Anurag Basu,Hrithik Roshan|Bárbara Mori|Kabir Bedi|Kangana Ranaut|Nicholas Brown,2010,6.0,40
62215,Melancholia,Drama|Science Fiction,Lars von Trier,Kirsten Dunst|Charlotte Gainsbourg|Kiefer Sutherland|Charlotte Rampling|John Hurt,2011,7.0,885
66125,Red Dog,Drama|Comedy|Family,Kriv Stenders,Josh Lucas|Rachael Taylor|Rohan Nichol|Luke Ford|Arthur Angel,2011,7.1,83
132316,Jab Tak Hai Jaan,Drama|Romance,Yash Chopra,Shah Rukh Khan|Katrina Kaif|Anushka Sharma|Anupam Kher|Bindal Parikh,2012,7.3,66
348,Alien,Horror|Action|Thriller|Science Fiction,Ridley Scott,Tom Skerritt|Sigourney Weaver|Veronica Cartwright|Harry Dean Stanton|John Hurt,1979,7.9,4470
30497,The Texas Chain Saw Massacre,Horror,Tobe Hooper,Marilyn Burns|Allen Danziger|Paul A. Partain|William Vail|Teri McMinn,1974,7.2,590
27586,The Runaways,Drama|Music,Floria Sigismondi,Dakota Fanning|Kristen Stewart|Michael Shannon|Riley Keough|Stella Maeve,2010,6.3,254
14811,Fiddler on the Roof,Drama|Romance,Norman Jewison,Chaim Topol|Norma Crane|Leonard Frey|Molly Picon|Paul Mann,1971,7.4,134
660,Thunderball,Adventure|Action|Thriller,Terence Young,Sean Connery|Claudine Auger|Adolfo Celi|Luciana Paluzzi|Rik Van Nutter,1965,6.5,562
68684,Detention,Horror|Comedy|Science Fiction,Joseph Kahn,Shanley Caswell|Josh Hutcherson|Spencer Locke|Dane Cook|A.D. Johnson,2011,5.7,129
40794,Loose Cannons,Comedy|Drama|Romance,Ferzan Ozpetek,Nicole Grimaudo|Riccardo Scamarcio|Alessandro Preziosi|Lunetta Savino|Ennio Fantastichini,2010,7.0,118
9400,Set It Off,Drama|Action|Crime,F. Gary Gray,Jada Pinkett Smith|Queen Latifah|Vivica A. Fox|Kimberly Elise|Blair Underwood,1996,6.9,66
16162,The Best Man,Drama|Comedy,Malcolm D. Lee,Nia Long|Morris Chestnut|Harold Perrineau|Terrence Howard|Sanaa Lathan,1999,6.8,38
10585,Child's Play,Horror|Thriller,Tom Holland,Catherine Hicks|Chris Sarandon|Alex Vincent|Brad Dourif|Dinah Manoff,1988,6.3,581
2359,Sicko,Documentary,Michael Moore,Michael Moore|George W. Bush|Bill Clinton|Hillary Clinton|Billy Crystal,2007,7.3,235
238636,The Purge: Anarchy,Horror|Thriller,James DeMonaco,Frank Grillo|Carmen Ejogo|Zach Gilford|Kiele Sanchez|Zoë Borde,2014,6.6,1954
10472,Down to You,Comedy|Drama|Family|Romance,Kris Isacsson,Freddie Prinze Jr.|Julia Stiles|Selma Blair|Shawn Hatosy|Zak Orth,2000,4.9,70
11282,Harold & Kumar Go to White Castle,Comedy|Adventure,Danny Leiner,John Cho|Kal Penn|Paula Garcés|Neil Patrick Harris|David Krumholtz,2004,6.6,693
6521,The Contender,Drama|Thriller,Rod Lurie,Gary Oldman|Joan Allen|Jeff Bridges|Christian Slater|Sam Elliott,2000,6.7,60
14181,Boiler Room,Crime|Drama|Thriller,Ben Younger,Giovanni Ribisi|Vin Diesel|Nia Long|Tom Everett Scott|Ben Affleck,2000,6.5,201
1621,Trading Places,Comedy,John Landis,Eddie Murphy|Dan Aykroyd|Jamie Lee Curtis|Jim Belushi|Denholm Elliott,1983,7.1,738
9656,Black Christmas,Horror|Thriller,Glen Morgan,Katie Cassidy|Michelle Trachtenberg|Kristen Cloke|Mary Elizabeth Winstead|Lacey Chabert,2006,4.8,119
16428,Breakin' All the Rules,Comedy|Romance,Daniel Taplitz,Jamie Foxx|Morris Chestnut|Jennifer Esposito|Gabrielle Union|Peter MacNicol,2004,5.8,21
10705,Henry V,War|Drama|History|Action|Romance,Kenneth Branagh,Kenneth Branagh|Derek Jacobi|Brian Blessed|James Larkin|Paul Scofield,1989,7.4,71
8272,The Savages,Drama,Tamara Jenkins,Laura Linney|Philip Seymour Hoffman|Philip Bosco|Cara Seymour|Peter Friedman,2007,6.8,110
24621,Chasing Papi,Comedy|Romance,Linda Mendoza,Roselyn Sánchez|Sofía Vergara|Jaci Velasquez|Eduardo Verástegui|Lisa Vidal,2003,6.3,16
1619,The Way of the Gun,Action|Crime|Drama|Thriller,Christopher McQuarrie,Benicio del Toro|Ryan Phillippe|Juliette Lewis|James Caan|Taye Diggs,2000,6.4,100
9685,Igby Goes Down,Comedy|Drama,Burr Steers,Kieran Culkin|Claire Danes|Jeff Goldblum|Jared Harris|Amanda Peet,2002,6.5,95
14425,PCU,Comedy,Hart Bochner,Jeremy Piven|Chris Young|David Spade|Megan Ward|Sarah Trigger,1994,6.0,41
14624,The Ultimate Gift,Romance|Drama|Family,Michael O. Sajbel,James Garner|Drew Fuller|Abigail Breslin|Ali Hillis|Bill Cobbs,2006,6.8,78
10179,The Ice Pirates,Action|Science Fiction|Comedy,Stewart Raffill,Robert Urich|Mary Crosby|Michael D. Roberts|Anjelica Huston|John Matuszak,1984,5.7,49
15568,Gracie,Drama,Davis Guggenheim,Jesse Lee Soffer|Christopher Shand|Carly Schroeder|Karl Girolamo|Vasilios Mantagas,2007,6.0,17
14057,Trust the Man,Comedy|Drama|Romance,Bart Freundlich,David Duchovny|Julianne Moore|Billy Crudup|Maggie Gyllenhaal|Justin Bartha,2005,5.5,29
12621,Hamlet 2,Comedy|Music,Andrew Fleming,Steve Coogan|Catherine Keener|Joseph Julian Soria|Melonie Diaz|Arnie Pantoja,2008,6.1,56
1808,Velvet Goldmine,Drama|Music,Todd Haynes,Ewan McGregor|Christian Bale|Jonathan Rhys Meyers|Janet McTeer|Toni Collette,1998,6.9,116
293670,The Wailing,Horror|Mystery,Na Hong-jin,Kwak Do-won|Hwang Jung-min|Chun Woo-hee|Jun Kunimura|Kim Hwan-hee,2016,7.2,250
67675,Glee: The Concert Movie,Documentary|Music|Family,Kevin Tancharoen,Dianna Agron|Lea Michele|Gwyneth Paltrow|Darren Criss|Chris Colfer,2011,6.8,79
27329,The Legend of Suriyothai,Drama|Foreign|History|War,Chatrichalerm Yukol,M.L. Piyapas Bhirombhakdi|Sarunyu Wongkrachang|Chatchai Plengpanich|Johnny Anfone|Mai Charoenpura,2001,5.1,6
29514,Two Evil Eyes,Horror|Thriller,George A. Romero,Adrienne Barbeau|Harvey Keitel|Ramy Zada|E.G. Marshall|Madeleine Potter,1990,6.0,35
250349,Barbecue,Comedy,Eric Lavaine,Lambert Wilson|Franck Dubosc|Florence Foresti|Guillaume de Tonquédec|Jérôme Commandeur,2014,5.8,214
12454,All or Nothing,Comedy|Drama,Mike Leigh,James Corden|Timothy Spall|Ruth Sheen|Lesley Manville|Sally Hawkins,2002,7.0,33
39806,Princess Kaiulani,Drama,Marc Forby,Q'orianka Kilcher|Barry Pepper|Will Patton|Jimmy Yuill|Shaun Evans,2010,4.8,14
15699,Opal Dream,Drama|Family|Foreign,Peter Cattaneo,Sapphire Boyce|Christian Byers|Vince Colosimo|Jacqueline McKenzie|Robert Morgan,2006,6.1,7
8883,Flame & Citron,Crime|Drama|History|War,Ole Christian Madsen,Thure Lindhardt|Mads Mikkelsen|Stine Stengade|Peter Mygind|Mille Lehfeldt,2008,6.8,68
17926,Undiscovered,Comedy|Romance,Meiert Avis,Kip Pardue|Carrie Fisher|Shannyn Sossamon|Pell James|Steven Strait,2005,4.5,12
291081,Red Riding: In the Year of Our Lord 1974,Thriller|Mystery|Crime|Drama,Julian Jarrold,Andrew Garfield|David Morrissey|John Henshaw|Anthony Flanagan|Warren Clarke,2009,7.0,54
41248,The Girl on the Train,Drama|Romance,André Téchiné,Michel Blanc|Catherine Deneuve|Émilie Dequenne|Nicolas Duvauchelle|Mathieu Demy,2009,5.6,10
25968,Veronika Decides to Die,Drama|Romance,Emily Young,Sarah Michelle Gellar|David Thewlis|Jonathan Tucker|Erika Christensen|Melissa Leo,2009,5.8,75
9671,Crocodile Dundee,Adventure|Comedy,Peter Faiman,Paul Hogan|Linda Kozlowski|Mark Blum|David Gulpilil|Michael Lombard,1986,6.3,503
52010,"Ultramarines: A Warhammer 40,000 Movie",Animation|Science Fiction,Martyn Pick,Terence Stamp|John Hurt|Sean Pertwee|Steven Waddington|Donald Sumpter,2010,5.2,27
11588,The I Inside,Thriller|Mystery|Science Fiction,Roland Suso Richter,Ryan Phillippe|Sarah Polley|Piper Perabo|Robert Sean Leonard|Stephen Rea,2004,5.9,62
43418,Beneath Hill 60,Drama|History|War,Jeremy Sims,Brendan Cowell|Harrison Gilbertson|Steve Le Marquand|Gyton Grantley|Alan Dukes,2010,7.3,40
71157,Polisse,Drama,Maïwenn,Karin Viard|JoeyStarr|Marina Foïs|Nicolas Duvauchelle|Maïwenn,2011,7.9,285
13483,Awake,Thriller|Crime|Mystery,Joby Harold,Hayden Christensen|Jessica Alba|Terrence Howard|Lena Olin|Charlie Hewson,2007,6.3,395
333355,Star Wars: Clone Wars: Volume 1,Action|Adventure|Animation|Fantasy|Science Fiction,Genndy Tartakovsky,Tom Kane|Corey Burton|Mat Lucas|James Arnold Taylor|André Sogliuzzo,2005,8.0,27
327833,Skin Trade,Thriller|Action|Drama,Ekachai Uekrongtham,Dolph Lundgren|Tony Jaa|Ron Perlman|Celina Jade|Michael Jai White,2014,5.6,61
1547,The Lost Boys,Horror|Comedy,Joel Schumacher,Jason Patric|Corey Haim|Corey Feldman|Dianne Wiest|Kiefer Sutherland,1987,6.8,538
25196,Crazy Heart,Drama|Music|Romance,Scott Cooper,Jeff Bridges|Maggie Gyllenhaal|Colin Farrell|Robert Duvall|Paul Herman,2009,6.8,274
16323,The Rose,Drama|Music|Romance,Mark Rydell,Bette Midler|Alan Bates|Frederic Forrest|Harry Dean Stanton|David Keith,1979,6.8,28
175528,Baggage Claim,Comedy,David E. Talbert,Paula Patton|Adam Brody|Djimon Hounsou|Taye Diggs|Christina Milian,2013,5.6,85
8069,Barbarella,Science Fiction,Roger Vadim,Jane Fonda|John Phillip Law|Anita Pallenberg|Marcel Marceau|Claude Dauphin,1968,5.7,146
71805,Shipwrecked,Adventure|Family,Nils Gaup,Stian Smestad|Gabriel Byrne|Louisa Milwood-Haigh|Bjørn Sundquist|Joachim Rafaelsen,1990,6.1,14
9451,Election,Comedy,Alexander Payne,Matthew Broderick|Reese Witherspoon|Chris Klein|Jessica Campbell|Mark Harelik,1999,6.7,270
16727,The Namesake,Drama,Mira Nair,Kal Penn|Tabu|Irrfan Khan|Sahira Nair|Jacinda Barrett,2006,6.8,50
272693,The DUFF,Romance|Comedy,Ari Sandel,Mae Whitman|Robbie Amell|Bella Thorne|Bianca A. Santos|Skyler Samuels,2015,6.8,1322
10696,Glitter,Drama|Romance,Vondie Curtis-Hall,Mariah Carey|Max Beesley|Terrence Howard|Valarie Pettiford|Padma Lakshmi,2001,3.4,38
150202,The Haunting in Connecticut 2: Ghosts of Georgia,Horror|Drama|Thriller,Tom Elkins,Chad Michael Murray|Katee Sackhoff|Abigail Spencer|Cicely Tyson|Emily Alyn Lind,2013,5.6,175
19644,Silmido,Action|Drama|History,Kang Woo-Suk,Sol Kyung-gu|Heo Jun-ho|Ahn Sung-Ki|Jung Jae-young|Im Won-hee,2003,6.6,28
29963,Bright Star,Drama|Romance,Jane Campion,Abbie Cornish|Ben Whishaw|Paul Schneider|Kerry Fox|Edie Martin,2009,6.8,107
26022,My Name Is Khan,Drama|Romance,Karan Johar,Shah Rukh Khan|Kajol|Jimmy Shergill|Zarina Wahab|Tanay Chheda,2010,7.7,232
152747,All Is Lost,Action|Adventure|Drama,J.C. Chandor,Robert Redford,2013,6.6,671
62676,Limbo,Adventure|Drama|Thriller,John Sayles,Mary Elizabeth Mastrantonio|David Strathairn|Vanessa Martinez|Kris Kristofferson,1999,7.0,17
20360,Namastey London,Drama|Foreign|Romance,Vipul Amrutlal Shah,Akshay Kumar|Katrina Kaif|Rishi Kapoor|Clive Standen|Upen Patel,2007,6.6,29
1116,The Wind That Shakes the Barley,Drama|History|War,Ken Loach,Cillian Murphy|Pádraic Delaney|Liam Cunningham|Orla Fitzgerald|Gerard Kearney,2006,7.1,154
185008,Yeh Jawaani Hai Deewani,Romance,Ayan Mukherjee,Ranbir Kapoor|Deepika Padukone|Kalki Koechlin|Aditya Roy Kapoor|Kunaal Roy Kapur,2013,7.2,79
11620,Quo Vadis,Drama|History|Romance,Mervyn LeRoy,Robert Taylor|Deborah Kerr|Leo Genn|Peter Ustinov|Patricia Laffan,1951,7.0,63
14353,Repo! The Genetic Opera,Horror|Comedy|Music|Science Fiction,Darren Lynn Bousman,Alexa PenaVega|Paul Sorvino|Anthony Stewart Head|Sarah Brightman|Paris Hilton,2008,6.7,100
11818,Valley of the Wolves: Iraq,Adventure|Drama|Action,Serdar Akar,Muhammed Necati Şaşmaz|Billy Zane|Ghassan Massoud|Gurkan Uygun|Bergüzar Korel,2006,4.3,7
680,Pulp Fiction,Thriller|Crime,Quentin Tarantino,John Travolta|Samuel L. Jackson|Uma Thurman|Bruce Willis|Ving Rhames,1994,8.3,8428
11176,The Muppet Movie,Adventure|Comedy|Family,James Frawley,Jim Henson|Frank Oz|Jerry Nelson|Richard Hunt|Dave Goelz,1979,7.0,164
242582,Nightcrawler,Crime|Drama|Thriller,Dan Gilroy,Jake Gyllenhaal|Rene Russo|Riz Ahmed|Bill Paxton|Kevin Rahm,2014,7.6,3395
11217,Club Dread,Comedy|Horror,Jay Chandrasekhar,Kevin Heffernan|Jay Chandrasekhar|Paul Soter|Erik Stolhanske|Tanja Reichert,2004,5.1,107
15121,The Sound of Music,Drama|Family|Music|Romance,Robert Wise,Julie Andrews|Christopher Plummer|Eleanor Parker|Richard Haydn|Peggy Wood,1965,7.4,941
2619,Splash,Comedy|Fantasy|Romance,Ron Howard,Tom Hanks|Daryl Hannah|Eugene Levy|John Candy|Dody Goodman,1984,6.1,321
773,Little Miss Sunshine,Comedy|Drama,Jonathan Dayton,Greg Kinnear|Toni Collette|Steve Carell|Paul Dano|Abigail Breslin,2006,7.5,1686
235,Stand by Me,Crime|Drama,Rob Reiner,Wil Wheaton|River Phoenix|Corey Feldman|Jerry O'Connell|Kiefer Sutherland,1986,7.8,1522
170,28 Days Later,Horror|Thriller|Science Fiction,Danny Boyle,Cillian Murphy|Naomie Harris|Noah Huntley|Christopher Dunne|Emma Hitching,2002,7.1,1777
14114,You Got Served,Drama,Chris Stokes,Marques Houston|Omarion|J-Boog|Lil' Fizz|Raz B,2004,4.8,75
10734,Escape from Alcatraz,Crime|Drama,Don Siegel,Clint Eastwood|Patrick McGoohan|Roberts Blossom|Jack Thibeau|Fred Ward,1979,7.2,561
37964,Brown Sugar,Comedy|Romance,Rick Famuyiwa,Sanaa Lathan|Taye Diggs|Yasiin Bey|Queen Latifah|Nicole Ari Parker,2002,7.0,31
28121,A Thin Line Between Love and Hate,Comedy|Thriller|Crime|Romance,Martin Lawrence,Lynn Whitfield|Martin Lawrence|Regina King|Della Reese|Bobby Brown,1996,5.7,15
40807,50/50,Comedy|Drama,Jonathan Levine,Joseph Gordon-Levitt|Seth Rogen|Anna Kendrick|Bryce Dallas Howard|Anjelica Huston,2011,7.0,1261
10885,Shutter,Horror|Mystery|Thriller,Masayuki Ochiai,Joshua Jackson|Rachael Taylor|Megumi Okina|David Denman|Eri Otoguro,2008,5.3,180
225565,That Awkward Moment,Comedy|Romance,Tom Gormican,Zac Efron|Miles Teller|Michael B. Jordan|Imogen Poots|Mackenzie Davis,2014,6.1,1004
16471,Modern Problems,Comedy,Ken Shapiro,Chevy Chase|Patti D'Arbanville|Dabney Coleman|Mary Kay Place|Nell Carter,1981,5.6,23
385736,Kicks,Adventure,Justin Tipping,Mahershala Ali|Kofi Siriboe|Christopher Meyer|Natalie Stephany Aguilar|Christopher Jordan Wallace,2016,7.5,18
11971,Much Ado About Nothing,Drama|Comedy|Romance,Kenneth Branagh,Kenneth Branagh|Richard Briers|Michael Keaton|Robert Sean Leonard|Keanu Reeves,1993,7.2,189
668,On Her Majesty's Secret Service,Adventure|Action|Thriller,Peter R. Hunt,George Lazenby|Diana Rigg|Telly Savalas|Gabriele Ferzetti|Ilse Steppat,1969,6.5,456
11596,New Nightmare,Horror|Thriller|Mystery|Fantasy,Wes Craven,Heather Langenkamp|Robert Englund|Miko Hughes|Wes Craven|David Newsom,1994,6.4,291
14429,Drive Me Crazy,Drama|Comedy|Romance|Family,John Schultz,Melissa Joan Hart|Stephen Collins|Adrian Grenier|Susan May Pratt|Ali Larter,1999,5.8,62
13751,Akeelah and the Bee,Drama,Doug Atchison,Keke Palmer|Laurence Fishburne|Angela Bassett|Curtis Armstrong|J.R. Villarreal,2006,6.7,81
9490,Half Baked,Comedy|Crime,Tamra Davis,Dave Chappelle|Tommy Chong|Harland Williams|Guillermo Díaz|Jim Breuer,1998,6.4,177
14536,New in Town,Comedy,Jonas Elmer,Renée Zellweger|Harry Connick Jr.|J.K. Simmons|Siobhan Fallon|Mike O'Brien,2009,5.2,99
1359,American Psycho,Thriller|Drama|Crime,Mary Harron,Christian Bale|Willem Dafoe|Jared Leto|Josh Lucas|Samantha Mathis,2000,7.3,2066
9962,The Good Girl,Drama|Comedy|Romance,Miguel Arteta,Jennifer Aniston|Jake Gyllenhaal|Zooey Deschanel|John C. Reilly|Deborah Rush,2002,6.1,181
15049,Bon Cop Bad Cop,Action|Comedy|Crime,Erik Canuel,Patrick Huard|Colm Feore|Michel Beaudry|Patrice Bélanger|Hugolin Chevrette-Landesque,2006,6.5,42
22821,The Boondock Saints II: All Saints Day,Action|Thriller|Crime,Troy Duffy,Sean Patrick Flanery|Norman Reedus|Billy Connolly|Clifton Collins Jr|Julie Benz,2009,5.9,261
42819,The City of Your Final Destination,Drama,James Ivory,Nicholas Blandullo|Sofia Viruboff|Omar Metwally|Alexandra Maria Lara|Charlotte Gainsbourg,2009,5.7,9
209263,Enough Said,Comedy|Drama|Romance,Nicole Holofcener,Julia Louis-Dreyfus|Catherine Keener|James Gandolfini|Toni Collette|Ben Falcone,2013,6.6,348
37735,Easy A,Comedy,Will Gluck,Emma Stone|Stanley Tucci|Amanda Bynes|Cam Gigandet|Lisa Kudrow,2010,6.7,2210
59930,The Inkwell,Comedy|Drama|Romance,Matty Rich,Larenz Tate|Joe Morton|Suzzanne Douglas|Glynn Turman|Vanessa Bell Calloway,1994,3.9,5
10873,Shadow of the Vampire,Drama|Horror,E. Elias Merhige,John Malkovich|Willem Dafoe|Udo Kier|Cary Elwes|Catherine McCormack,2000,6.6,148
51588,Prom,Comedy,Joe Nussbaum,Aimee Teegarden|Thomas McDonell|Nicholas Braun|Faith Ford|Danielle Campbell,2011,5.7,134
23570,The Pallbearer,Comedy|Romance,Matt Reeves,David Schwimmer|Gwyneth Paltrow|Michael Rapaport|Toni Collette|Carol Kane,1996,4.6,30
19489,Held Up,Comedy,Steve Rash,Jamie Foxx|Nia Long|Barry Corbin|John Cullum|Jake Busey,1999,4.9,11
14629,Woman on Top,Comedy|Drama|Romance,Fina Torres,Penélope Cruz|Murilo Benicio|Mark Feuerstein|John de Lancie|Anne Ramsay,2000,5.5,46
8293,Howards End,Drama|Romance,James Ivory,Vanessa Redgrave|Helena Bonham Carter|Emma Thompson|Prunella Scales|Anthony Hopkins,1992,6.9,95
291270,Anomalisa,Animation|Comedy|Drama|Romance,Charlie Kaufman,David Thewlis|Jennifer Jason Leigh|Tom Noonan,2015,7.0,459
44009,Another Year,Comedy|Drama,Mike Leigh,Jim Broadbent|Lesley Manville|Ruth Sheen|Oliver Maltman|Peter Wight,2010,7.0,97
1958,8 Women,Comedy|Thriller|Music|Crime|Mystery,François Ozon,Catherine Deneuve|Isabelle Huppert|Emmanuelle Béart|Fanny Ardant|Virginie Ledoyen,2002,6.9,196
13154,Showdown in Little Tokyo,Action|Thriller,Mark L. Lester,Dolph Lundgren|Brandon Lee|Cary-Hiroyuki Tagawa|Tia Carrere|Philip Tan,1991,5.7,95
26618,Clay Pigeons,Comedy|Crime|Drama|Thriller,David Dobkin,Joaquin Phoenix|Vince Vaughn|Janeane Garofalo|Gregory Sporleder|Georgina Cates,1998,6.3,39
43923,It's Kind of a Funny Story,Comedy|Drama,Ryan Fleck,Keir Gilchrist|Emma Roberts|Zach Galifianakis|Viola Davis|Zoë Kravitz,2010,6.9,672
46138,Made in Dagenham,Comedy|Drama|History,Nigel Cole,Sally Hawkins|Bob Hoskins|Miranda Richardson|Geraldine James|Simon Nehan,2010,6.6,94
45791,When Did You Last See Your Father?,Drama,Anand Tucker,Jim Broadbent|Colin Firth|Juliet Stevenson|Gina McKee|Sarah Lancashire,2007,6.9,13
26306,Prefontaine,Drama|Romance,Steve James,Jared Leto|R. Lee Ermey|Ed O'Neill|Breckin Meyer|Lindsay Crouse,1997,6.7,21
110683,The Wicked Lady,Drama|Adventure,Michael Winner,Faye Dunaway|John Gielgud|Denholm Elliott|Alan Bates|Prunella Scales,1983,4.3,4
26963,The Secret of Kells,Animation|Family|Fantasy,Tomm Moore,Evan McGuire|Christen Mooney|Brendan Gleeson|Mick Lally|Liam Hourican,2009,7.3,181
198277,Begin Again,Comedy|Music|Romance|Drama,John Carney,Mark Ruffalo|Keira Knightley|Adam Levine|Hailee Steinfeld|Catherine Keener,2013,7.3,1254
7870,Down in the Valley,Drama|Romance,David Jacobson,Edward Norton|Evan Rachel Wood|David Morse|Rory Culkin|Bruce Dern,2005,5.9,63
13072,Brooklyn Rules,Drama|Action|Thriller,Michael Corrente,Alec Baldwin|Paulo Araujo|Daniel Tay|Ty Thomas Reed|Brian O'Neill,2007,5.8,18
153397,Restless,TV Movie|Romance|Drama,Edward Hall,Hayley Atwell|Rufus Sewell|Michelle Dockery|Michael Gambon|Charlotte Rampling,2012,4.9,8
30141,The Singing Detective,Comedy|Music|Mystery|Crime,Keith Gordon,Robert Downey Jr.|Robin Wright|Mel Gibson|Jeremy Northam|Katie Holmes,2003,5.9,41
17044,The Land Girls,Drama|Romance|War,David Leland,Catherine McCormack|Rachel Weisz|Anna Friel|Paul Bettany|Steven Mackintosh,1998,7.0,3
10288,Fido,Romance|Comedy|Drama|Horror,Andrew Currie,Billy Connolly|Carrie-Anne Moss|Dylan Baker|Kesun Loder|Henry Czerny,2006,6.6,135
12183,The Wendell Baker Story,Comedy|Drama|Romance,Luke Wilson,Luke Wilson|Eva Mendes|Jacob Vargas|Owen Wilson|Kris Kristofferson,2005,5.2,16
44147,Wild Target,Action|Comedy,Jonathan Lynn,Bill Nighy|Emily Blunt|Rupert Grint|Rupert Everett|Eileen Atkins,2010,6.4,215
12192,Pathology,Crime|Horror|Thriller,Marc Schölermann,Milo Ventimiglia|Alyssa Milano|Michael Weston|Lauren Lee Smith|Johnny Whitworth,2008,5.6,144
36597,Wuthering Heights,Drama,Coky Giedroyc,Tom Hardy|Charlotte Riley|Andrew Lincoln|Sarah Lancashire|Burn Gorman,2009,6.9,37
13197,10th & Wolf,Action|Crime|Drama|Mystery|Thriller,Robert Moresco,James Marsden|Brian Dennehy|Leo Rossi|Dennis Hopper|Giovanni Ribisi,2006,6.3,24
10913,Dear Wendy,Comedy|Crime|Drama|Romance,Thomas Vinterberg,Jamie Bell|Bill Pullman|Michael Angarano|Danso Gordon|Alison Pill,2005,5.6,33
251321,Aloft,Drama,Claudia Llosa,Jennifer Connelly|Mélanie Laurent|Cillian Murphy|William Shimell|Zen McGrath,2014,5.1,41
149,Akira,Science Fiction|Animation,Katsuhiro Ōtomo,Mitsuo Iwata|Nozomu Sasaki|Mami Koyama|Tesshou Genda|Hiroshi Ohtake,1988,7.8,773
10425,The Death and Life of Bobby Z,Drama|Action|Thriller|Crime,John Herzfeld,Paul Walker|Laurence Fishburne|Olivia Wilde|Jason Lewis|Michael Bowen,2007,5.8,103
49081,The Rocket: The Legend of Rocket Richard,Drama,Charles Binamé,Roy Dupuis|Michel Barrette|Rémy Girard|Tony Calabretta|Sean Avery,2005,6.1,17
256687,Swelter,Action|Drama|Thriller,Keith Parmer,Jean-Claude Van Damme|Brad Carter|Josh Henderson|Alfred Molina|Lennie James,2014,4.6,21
220488,My Lucky Star,Comedy|Romance,Dennie Gordon,Zhang Ziyi|Leehom Wang|Ruby Lin|Yao Chen|Ada Choi,2013,4.3,8
1544,Imagine Me & You,Drama|Comedy|Romance,Ol Parker,Piper Perabo|Lena Headey|Matthew Goode|Celia Imrie|Darren Boyd,2005,7.0,177
374461,Mr. Church,Drama,Bruce Beresford,Eddie Murphy|Britt Robertson|Natascha McElhone|Xavier Samuel|Lucy Fry,2016,7.0,129
302,Swimming Pool,Thriller|Crime,François Ozon,Charlotte Rampling|Ludivine Sagnier|Charles Dance|Jean-Marie Lamour|Marc Fayolle,2003,6.4,153
182873,Green Street Hooligans: Underground,Action|Drama,James Nunn,Scott Adkins|Joey Ansah|Kacey Clarke|Mark Wingett|Roberta Taylor,2013,5.4,33
21512,The Blood of Heroes,Action|Adventure|Science Fiction,David Webb Peoples,Rutger Hauer|Joan Chen|Delroy Lindo|Anna Katarina|Vincent D'Onofrio,1989,5.9,31
389425,Code of Honor,Action|Crime|Thriller,Michael Winnick,Steven Seagal|Craig Sheffer|Louis Mandylor|Helena Mattsson|Griff Furst,2016,4.1,16
403,Driving Miss Daisy,Comedy|Drama,Bruce Beresford,Morgan Freeman|Jessica Tandy|Dan Aykroyd|Patti LuPone|Esther Rolle,1989,7.0,350
29461,Soul Food,Comedy|Drama,"George Tillman, Jr.",Vivica A. Fox|Nia Long|Michael Beach|Mekhi Phifer|Brandon Hammond,1997,6.6,19
33542,Rumble in the Bronx,Crime|Action|Comedy|Thriller,Stanley Tong,Jackie Chan|Anita Mui|Françoise Yip|Bill Tung|Marc Akerstream,1995,6.5,240
283708,Far from Men,Drama|War,David Oelhoffen,Viggo Mortensen|Reda Kateb|Djemel Barek|Vincent Martin|Nicolas Giraud,2014,6.6,43
9388,Thank You for Smoking,Comedy|Drama,Jason Reitman,Aaron Eckhart|Maria Bello|Cameron Bright|Adam Brody|Sam Elliott,2005,7.1,664
1691,Hostel: Part II,Horror,Eli Roth,Lauren German|Bijou Phillips|Heather Matarazzo|Richard Burgi|Roger Bart,2007,5.6,453
24684,An Education,Drama|Romance,Lone Scherfig,Carey Mulligan|Olivia Williams|Peter Sarsgaard|Alfred Molina|Cara Seymour,2009,6.8,409
2610,Shopgirl,Comedy|Drama|Romance,Anand Tucker,Steve Martin|Claire Danes|Jason Schwartzman|Bridgette Wilson|Frances Conroy,2005,5.7,75
11308,The Hotel New Hampshire,Comedy|Drama,Tony Richardson,Rob Lowe|Jodie Foster|Paul McCrane|Beau Bridges|Seth Green,1984,5.8,26
11022,Narc,Action|Crime|Drama|Thriller,Joe Carnahan,Jason Patric|Ray Liotta|Chi McBride|Busta Rhymes|Lloyd Adams,2002,6.8,142
34341,Men with Brooms,Comedy,Paul Gross,Paul Gross|Molly Parker|Leslie Nielsen|Polly Shannon|Peter Outerbridge,2002,4.5,7
15365,Witless Protection,Action|Adventure|Comedy|Crime,Charles Robert Carner,Larry the Cable Guy|Ivana Miličević|Jenny McCarthy|Yaphet Kotto|Peter Stormare,2008,4.0,26
36046,The Work and the Glory,Drama|Romance,Russell Holt,Sam Hennings|Brenda Strong|Eric Johnson|Alexander Carroll|Tiffany Dupont,2004,6.1,7
12569,Extract,Comedy,Mike Judge,Jason Bateman|Mila Kunis|Kristen Wiig|Ben Affleck|J.K. Simmons,2009,5.7,192
24356,Masked and Anonymous,Drama|Music,Larry Charles,Bob Dylan|Jeff Bridges|Penélope Cruz|John Goodman|Jessica Lange,2003,5.2,13
55903,Betty Fisher and Other Stories,Drama|Thriller|Crime|Foreign,Claude Miller,Sandrine Kiberlain|Nicole Garcia|Mathilde Seigner|Luck Mervil|Stéphane Freiss,2001,7.0,3
2577,Code 46,Drama|Romance|Science Fiction|Thriller,Michael Winterbottom,Tim Robbins|Samantha Morton|Nabil Elouahabi|Om Puri|Emil Marwa,2003,6.2,116
103903,Outside Bet,Comedy,Sacha Bennett,Bob Hoskins|Jenny Agutter|Phil Davis|Vincent Regan|Calum MacNab,2012,5.8,2
73873,Albert Nobbs,Drama,Rodrigo García,Glenn Close|Mia Wasikowska|Aaron Taylor-Johnson|Pauline Collins|Brendan Gleeson,2011,6.2,132
312113,Black November,Drama|Action|Crime,Jeta Amata,Razaaq Adoti|Sarah Wayne Callies|Mickey Rourke|Kim Basinger|Anne Heche,2012,6.4,4
14165,Ta Ra Rum Pum,Family|Comedy|Romance,Siddharth Anand,Saif Ali Khan|Rani Mukerji|Angelina Idnani|Angelina Idnani|Master Ali Haji,2007,6.0,13
2011,Persepolis,Animation|Drama,Vincent Paronnaud,Chiara Mastroianni|Danielle Darrieux|Catherine Deneuve|Simon Abkarian|Gabrielle Lopes Benites,2007,7.7,450
45650,The Hole,Thriller|Adventure|Fantasy,Joe Dante,Chris Massoglia|Haley Bennett|Nathan Gamble|Bruce Dern|Teri Polo,2009,5.6,244
7735,The Wave,Drama|Thriller,Dennis Gansel,Jürgen Vogel|Frederick Lau|Max Riemelt|Jennifer Ulrich|Christiane Paul,2008,7.5,841
301365,The Neon Demon,Thriller|Horror,Nicolas Winding Refn,Elle Fanning|Karl Glusman|Jena Malone|Bella Heathcote|Abbey Lee,2016,6.4,887
25941,Harry Brown,Thriller|Crime|Drama|Action,Daniel Barber,Michael Caine|Emily Mortimer|Iain Glen|Lee Oakes|Liam Cunningham,2009,6.7,348
29064,The Omega Code,Horror|Thriller,Robert Marcarelli,Casper Van Dien|Michael York|Catherine Oxenberg|Michael Ironside|Jan Tříska,1999,4.4,17
7326,Juno,Comedy|Drama|Romance,Jason Reitman,Ellen Page|Michael Cera|Jennifer Garner|Jason Bateman|Allison Janney,2007,7.0,2244
326284,Pound of Flesh,Action,Ernie Barbarash,Jean-Claude Van Damme|John Ralston|Darren Shahlavi|Aki Aleong|Jason Tobin,2015,5.5,63
681,Diamonds Are Forever,Adventure|Action|Thriller,Guy Hamilton,Sean Connery|Jill St. John|Charles Gray|Lana Wood|Jimmy Dean,1971,6.3,553
238,The Godfather,Drama|Crime,Francis Ford Coppola,Marlon Brando|Al Pacino|James Caan|Richard S. Castellano|Robert Duvall,1972,8.4,5893
535,Flashdance,Drama|Music|Romance,Adrian Lyne,Jennifer Beals|Michael Nouri|Lilia Skala|Kyle T. Heffner|Sunny Johnson,1983,6.1,302
19913,(500) Days of Summer,Comedy|Drama|Romance,Marc Webb,Joseph Gordon-Levitt|Zooey Deschanel|Chloë Grace Moretz|Geoffrey Arend|Matthew Gray Gubler,2009,7.2,2904
713,The Piano,Drama|Romance,Jane Campion,Holly Hunter|Harvey Keitel|Sam Neill|Anna Paquin|Cliff Curtis,1993,7.1,281
77930,Magic Mike,Drama|Comedy,Steven Soderbergh,Channing Tatum|Matthew McConaughey|Alex Pettyfer|Cody Horn|Olivia Munn,2012,6.1,1040
10727,Darkness Falls,Thriller|Horror,Jonathan Liebesman,Chaney Kley|Emma Caulfield|Lee Cormie|Grant Piro|Sullivan Stapleton,2003,4.9,161
253,Live and Let Die,Adventure|Action|Thriller,Guy Hamilton,Roger Moore|Yaphet Kotto|Jane Seymour|Clifton James|Julius Harris,1973,6.4,533
17908,My Dog Skip,Comedy|Drama|Family,Jay Russell,Frankie Muniz|Diane Lane|Kevin Bacon|Luke Wilson|Chaon Cross,2000,6.5,69
8390,"Definitely, Maybe",Comedy|Romance,Adam Brooks,Ryan Reynolds|Abigail Breslin|Elizabeth Banks|Isla Fisher|Rachel Weisz,2008,6.7,620
57119,Jumping the Broom,Comedy,Salim Akil,Paula Patton|Julie Bowen|Meagan Good|Mike Epps|Angela Bassett,2011,6.0,56
3291,"Good Night, and Good Luck.",Drama|History,George Clooney,David Strathairn|Jeff Daniels|Alex Borstein|Rose Abdoo|Dianne Reeves,2005,6.8,273
398,Capote,Crime|Drama,Bennett Miller,Philip Seymour Hoffman|Allie Mickelson|Craig Archibald|Bronwen Coleman|Kate Shindle,2005,6.8,384
8068,Desperado,Thriller|Action|Crime,Robert Rodriguez,Antonio Banderas|Salma Hayek|Joaquim de Almeida|Cheech Marin|Steve Buscemi,1995,6.8,881
10803,Logan's Run,Adventure|Action|Romance|Science Fiction,Michael Anderson,Michael York|Richard Jordan|Jenny Agutter|Roscoe Lee Browne|Farrah Fawcett,1976,6.6,269
682,The Man with the Golden Gun,Adventure|Action|Thriller,Guy Hamilton,Roger Moore|Christopher Lee|Britt Ekland|Maud Adams|Hervé Villechaize,1974,6.3,524
10117,Action Jackson,Action|Adventure|Comedy|Crime|Drama,Craig R. Baxley,Carl Weathers|Craig T. Nelson|Vanity|Sharon Stone|Thomas F. Wilson,1988,4.9,50
9392,The Descent,Adventure|Horror,Neil Marshall,Shauna Macdonald|Natalie Mendoza|Alex Reid|Saskia Mulder|MyAnna Buring,2005,6.8,1005
24977,Michael Jordan to the Max,Documentary,James D. Stern,Michael Jordan|Phil Jackson|Bob Costas|Bill Murray|Laurence Fishburne,2000,7.5,10
79316,Devil's Due,Horror,Matt Bettinelli-Olpin,Allison Miller|Zach Gilford|Sam Anderson|Robert Belushi|Catherine Kresge,2014,4.4,216
2074,Flirting with Disaster,Comedy|Romance,David O. Russell,Ben Stiller|Patricia Arquette|Téa Leoni|Mary Tyler Moore|Alan Alda,1996,6.3,66
1696,The Devil's Rejects,Drama|Horror|Crime,Rob Zombie,Sid Haig|Bill Moseley|Sheri Moon Zombie|William Forsythe|Ken Foree,2005,6.6,322
308639,Dope,Crime|Drama|Comedy,Rick Famuyiwa,Shameik Moore|Kiersey Clemons|Tony Revolori|Zoë Kravitz|Chanel Iman,2015,7.2,691
22314,In Too Deep,Drama|Action|Thriller|Crime,Michael Rymer,Omar Epps|LL Cool J|Nia Long|Stanley Tucci|Hill Harper,1999,6.2,17
2662,House of 1000 Corpses,Horror,Rob Zombie,Sid Haig|Bill Moseley|Sheri Moon Zombie|Karen Black|Erin Daniels,2003,6.0,306
77156,Alien Zone,Horror|Action|Thriller|Science Fiction,Sharron Miller,John Ericson|Ivor Francis|Judith Novgrod|Burr DeBenning|Charles Aidman,1978,4.0,3
12573,A Serious Man,Comedy|Drama,Joel Coen,Michael Stuhlbarg|Richard Kind|Fred Melamed|Sari Lennick|Aaron Wolff,2009,6.6,483
44718,Get Low,Comedy|Drama|Mystery,Aaron Schneider,Bill Murray|Sissy Spacek|Robert Duvall|Lucas Black|Bill Cobbs,2010,6.5,100
11342,Warlock,Adventure|Comedy|Fantasy|Horror,Steve Miner,Julian Sands|Lori Singer|Richard E. Grant|Mary Woronov|Kevin O'Brien,1989,5.8,95
241771,Beyond the Lights,Romance|Drama,Gina Prince-Bythewood,Gugu Mbatha-Raw|Nate Parker|Minnie Driver|Machine Gun Kelly|Danny Glover,2014,7.0,139
34653,A Single Man,Drama|Romance,Tom Ford,Colin Firth|Julianne Moore|Nicholas Hoult|Matthew Goode|Jon Kortajarena,2009,7.3,463
11051,The Last Temptation of Christ,Drama,Martin Scorsese,Willem Dafoe|Harvey Keitel|Barbara Hershey|David Bowie|Harry Dean Stanton,1988,7.0,201
14578,Outside Providence,Romance|Comedy|Drama,Michael Corrente,Shawn Hatosy|Amy Smart|Alec Baldwin|Jon Abrahams|Richard Jenkins,1999,5.6,30
57825,Bride & Prejudice,Drama|Comedy|Music|Romance,Gurinder Chadha,Aishwarya Rai Bachchan|Martin Henderson|Naveen Andrews|Daniel Gillies|Indira Varma,2004,6.5,110
9555,Rabbit-Proof Fence,Adventure|Drama|Action|History,Phillip Noyce,Everlyn Sampi|Tianna Sansbury|Laura Monaghan|Kenneth Branagh|David Gulpilil,2002,6.8,84
15581,Who's Your Caddy?,Comedy,Don Michael Paul,Mick Partridge|Big Boi|Sherri Shepherd|Lil Wayne|Andy Milonakis,2007,3.8,18
13006,Split Second,Thriller|Action|Horror|Science Fiction|Crime,Tony Maylam,Rutger Hauer|Kim Cattrall|Michael J. Pollard|Alastair Duncan|Alun Armstrong,1992,5.7,63
16651,The Other Side of Heaven,Action|Adventure|Drama|Family,Mitch Davis,Christopher Gorham|Anne Hathaway|Joe Folau|Miriama Smith,2001,6.7,14
4251,Veer-Zaara,Drama|Romance,Yash Chopra,Shah Rukh Khan|Preity Zinta|Rani Mukerji|Amitabh Bachchan|Hema Malini,2004,7.4,64
12400,Redbelt,Drama,David Mamet,Chiwetel Ejiofor|Tim Allen|Alice Braga|Jose Pablo Cantillo|Randy Couture,2008,6.4,76
39053,Cyrus,Comedy|Drama|Romance,Jay Duplass,John C. Reilly|Jonah Hill|Marisa Tomei|Catherine Keener|Matt Walsh,2010,6.1,133
104896,A Dog Of Flanders,Drama|Family,Kevin Brodie,Jack Warden|Jeremy James Kissner|Jesse James|Jon Voight|Cheryl Ladd,1999,6.4,6
14112,Auto Focus,Drama|Crime,Paul Schrader,Greg Kinnear|Willem Dafoe|Rita Wilson|Maria Bello|Ron Leibman,2002,6.1,56
12271,Factory Girl,Drama,George Hickenlooper,Sienna Miller|Guy Pearce|Hayden Christensen|Mena Suvari|Jimmy Fallon,2006,6.2,81
71859,We Need to Talk About Kevin,Drama|Thriller,Lynne Ramsay,John C. Reilly|Tilda Swinton|Ezra Miller|Siobhan Fallon|Jasper Newell,2011,7.4,677
226354,The Christmas Candle,Drama|Family,John Stephenson,Hans Matheson|Samantha Barks|Lesley Manville|Sylvester McCoy|James Cosmo,2013,5.8,8
48620,The Mighty Macs,Action|Drama,Tim Chambers,Carla Gugino|Ellen Burstyn|Marley Shelton|David Boreanaz|Jennifer Butler,2009,5.0,15
33676,Losin' It,Comedy,Curtis Hanson,"Tom Cruise|Jackie Earle Haley|John Stockwell|John P. Navin, Jr.|Shelley Long",1983,4.5,31
37080,Mother and Child,Drama|Romance,Rodrigo García,Naomi Watts|Samuel L. Jackson|Annette Bening|Carla Gallo|Kerry Washington,2009,6.7,46
25388,March or Die,Action|Adventure|Drama|War,Dick Richards,Gene Hackman|Terence Hill|Catherine Deneuve|Ian Holm|Jack O'Halloran,1977,6.2,16
11687,The Visitors,Fantasy|Comedy|Science Fiction,Jean-Marie Poiré,Jean Reno|Valérie Lemercier|Christian Clavier|Marie-Anne Chazel|Christian Bujeau,1993,7.1,420
39210,Somewhere,Comedy|Drama,Sofia Coppola,Stephen Dorff|Chris Pontius|Erin Wasson|Alexandra Williams|Nathalie Fay,2010,6.0,208
30128,I Hope They Serve Beer in Hell,Comedy|Drama,Bob Gosse,Matt Czuchry|Jesse Bradford|Marika Dominczyk|Traci Lords|Geoff Stults,2009,5.7,20
31535,Chairman of the Board,Comedy,Alex Zamm,Scott 'Carrot Top' Thompson|Courtney Thorne-Smith|Larry Miller|Jack Warden|M. Emmet Walsh,1998,2.7,13
44835,Hesher,Drama,Spencer Susser,Joseph Gordon-Levitt|Natalie Portman|Rainn Wilson|Audrey Wasilewski|Frank Collison,2010,6.7,212
192134,Dom Hemingway,Comedy|Crime|Drama,Richard Shepard,Jude Law|Demián Bichir|Richard E. Grant|Matthew C. Martino|Emilia Clarke,2013,5.8,212
1956,Gerry,Mystery|Drama|Adventure,Gus Van Sant,Casey Affleck|Matt Damon,2002,6.2,68
24985,The Heart of Me,Drama|Romance,Thaddeus O'Sullivan,Helena Bonham Carter|Olivia Williams|Paul Bettany|Eleanor Bron|Tom Ward,2002,7.7,5
306745,Freeheld,Romance|Drama,Peter Sollett,Julianne Moore|Ellen Page|Steve Carell|Michael Shannon|Luke Grimes,2015,7.1,164
47088,The Extra Man,Comedy,Shari Springer Berman,Kevin Kline|Paul Dano|Katie Holmes|John C. Reilly|Dan Hedaya,2010,5.9,29
110402,Hard to Be a God,Drama|Science Fiction,Aleksey German,Leonid Yarmolnik|Yuriy Tsurilo|Natalya Moteva|Aleksandr Chutko|Aleksandr Ilin,2013,6.7,41
27004,Ca$h,Crime|Thriller|Comedy,Stephen Milburn Anderson,Sean Bean|Chris Hemsworth|Victoria Profeta|Thampy Antony|Mike Starr,2010,6.0,73
15013,Wah-Wah,Drama,Richard E. Grant,Gabriel Byrne|Emily Watson|Julie Walters|Nicholas Hoult|Miranda Richardson,2005,6.3,8
8374,The Boondock Saints,Action|Thriller|Crime,Troy Duffy,Willem Dafoe|Norman Reedus|Sean Patrick Flanery|David Della Rocco|David Ferry,1999,7.2,837
277519,Z Storm,Crime|Thriller,David Lam,Louis Koo|Gordon Lam Ka-Tung|Dada Chan|Janelle Sing|Michael Wong,2014,5.8,5
78381,Twixt,Horror|Thriller,Francis Ford Coppola,Val Kilmer|Bruce Dern|Ben Chaplin|Elle Fanning|Joanne Whalley,2011,5.0,85
164372,The Snow Queen,Animation|Fantasy,Vladlen Barbe,Ivan Okhlobystin|Dmitriy Nagiev|Lyudmila Artemeva|Anna Ardova|Elizaveta Arzamasova,2012,5.1,47
294512,Alpha and Omega: The Legend of the Saw Tooth Cave,Family|Animation|Comedy|Adventure,Richard Rich,Dee Dee Greene|Ben Diskin|Lindsay Torrance|Kate Higgins|Christopher Corey Smith,2014,6.5,4
8879,Pale Rider,Romance|Western,Clint Eastwood,Clint Eastwood|Michael Moriarty|Carrie Snodgress|Chris Penn|Richard Dysart,1985,7.0,251
13001,Stargate: The Ark of Truth,Adventure|Science Fiction,Robert C. Cooper,Ben Browder|Amanda Tapping|Christopher Judge|Michael Shanks|Beau Bridges,2008,6.9,140
9571,Dazed and Confused,Comedy|Drama,Richard Linklater,Jason London|Rory Cochrane|Wiley Wiggins|Sasha Jenson|Michelle Burke,1993,7.4,583
13649,High School Musical 2,Comedy|Drama|Family|Music,Kenny Ortega,Zac Efron|Vanessa Hudgens|Ashley Tisdale|Lucas Grabeel|Corbin Bleu,2007,6.1,843
325373,Two Lovers and a Bear,Drama|Romance,Kim Nguyen,Dane DeHaan|Tatiana Maslany|Gordon Pinsent|John Ralston|Joel Gagne,2016,6.8,27
334527,Criminal Activities,Thriller|Crime|Drama,Jackie Earle Haley,Dan Stevens|John Travolta|Michael Pitt|Jackie Earle Haley|Travis Aaron Wade,2015,5.8,110
2211,Aimee & Jaguar,Drama|History|Romance,Max Färberböck,Maria Schrader|Juliane Köhler|Johanna Wokalek|Heike Makatsch|Elisabeth Degen,1999,6.3,20
13919,The Chumscrubber,Comedy|Drama,Arie Posin,Jamie Bell|Camilla Belle|Justin Chatwin|Glenn Close|Kathi Copeland,2005,6.7,62
14576,Shade,Action|Thriller|Crime,Damian Nieman,Stuart Townsend|Gabriel Byrne|Thandie Newton|Jamie Foxx|Roger Guenveur Smith,2003,6.1,73
82505,House at the End of the Street,Horror|Thriller,Mark Tonderai,Jennifer Lawrence|Max Thieriot|Elisabeth Shue|Gil Bellows|Nolan Gerard Funk,2012,5.6,555
46738,Incendies,Drama|War|Mystery,Denis Villeneuve,Lubna Azabal|Mélissa Désormeaux-Poulin|Maxim Gaudette|Rémy Girard|Allen Altman,2010,7.9,479
38970,"Remember Me, My Love",Drama|Comedy|Romance,Gabriele Muccino,Fabrizio Bentivoglio|Laura Morante|Monica Bellucci|Silvio Muccino|Nicoletta Romanoff,2003,5.8,44
41009,Perrier’s Bounty,Action|Comedy|Crime|Drama,Ian Fitzgibbon,Cillian Murphy|Brendan Gleeson|Jim Broadbent|Padraic Delaney|Natalie Britton,2009,5.1,24
7347,Elite Squad,Drama|Action|Crime,José Padilha,Wagner Moura|Caio Junqueira|André Ramiro|Milhem Cortaz|Fernanda Machado,2007,7.8,504
250546,Annabelle,Horror,John R. Leonetti,Annabelle Wallis|Ward Horton|Tony Amendola|Alfre Woodard|Eric Ladin,2014,5.6,1517
38415,Bran Nue Dae,Comedy|Drama|Foreign|Romance,Rachel Perkins,Rocky McKenzie|Geoffrey Rush|Jessica Mauboy|Ernie Dingo|Missy Higgins,2009,5.2,6
650,Boyz n the Hood,Crime|Drama,John Singleton,Laurence Fishburne|Cuba Gooding Jr.|Ice Cube|Morris Chestnut|Angela Bassett,1991,7.4,364
16620,La Bamba,Drama|Music,Luis Valdez,Lou Diamond Phillips|Danielle von Zerneck|Elizabeth Peña|Rosanna DeSoto|Esai Morales,1987,6.8,116
25113,The Four Seasons,Comedy|Drama|Romance,Alan Alda,Alan Alda|Carol Burnett|Len Cariou|Sandy Dennis|Rita Moreno,1981,6.3,16
11033,Dressed to Kill,Horror|Mystery|Thriller,Brian De Palma,Michael Caine|Angie Dickinson|Nancy Allen|Keith Gordon|Dennis Franz,1980,6.8,157
34723,The Adventures of Huck Finn,Action|Adventure|Drama|Family,Stephen Sommers,Elijah Wood|Courtney B. Vance|Robbie Coltrane|Jason Robards|Ron Perlman,1993,6.2,42
9430,Go,Crime|Comedy|Thriller,Doug Liman,Sarah Polley|Katie Holmes|Jay Mohr|Timothy Olyphant|William Fichtner,1999,7.0,196
8998,Friends with Money,Comedy|Drama|Romance,Nicole Holofcener,Catherine Keener|Jason Isaacs|Timm Sharp|Jennifer Aniston|Joan Cusack,2006,5.1,128
10514,The Andromeda Strain,Science Fiction|Thriller,Robert Wise,Arthur Hill|David Wayne|James Olson|Kate Reid|Paula Kelly,1971,7.0,190
10496,Bats,Horror|Thriller,Louis Morneau,Lou Diamond Phillips|Dina Meyer|Bob Gunton|Leon Robinson|Carlos Jacott,1999,4.1,35
1591,Nowhere in Africa,Drama,Caroline Link,Juliane Köhler|Merab Ninidze|Sidede Onyulo|Matthias Habich|Lea Kurka,2001,7.0,32
76025,Shame,Drama,Steve McQueen,Michael Fassbender|Carey Mulligan|James Badge Dale|Nicole Beharie|Alex Manette,2011,7.0,875
4836,Layer Cake,Drama|Thriller|Crime,Matthew Vaughn,Daniel Craig|Tom Hardy|Colm Meaney|George Harris|Sally Hawkins,2004,7.0,559
14631,The Work and the Glory II: American Zion,Drama,Sterling Van Wagenen,Sam Hennings|Brenda Strong|Eric Johnson|Alexander Carroll|Brighton Hertford,2005,8.0,6
87499,The East,Drama|Thriller,Zal Batmanglij,Brit Marling|Alexander Skarsgård|Ellen Page|Toby Kebbell|Shiloh Fernandez,2013,6.5,305
18923,A Home at the End of the World,Romance|Drama,Michael Mayer,Colin Farrell|Dallas Roberts|Robin Wright|Sissy Spacek|Ryan Donowho,2004,6.8,45
26665,Aberdeen,Drama|Comedy|Foreign,Hans Petter Moland,Stellan Skarsgård|Lena Headey|Ian Hart|Charlotte Rampling|Louise Goodall,2000,7.0,6
28089,The Messenger,Drama|History,Oren Moverman,Ben Foster|Woody Harrelson|Jena Malone|Eamonn Walker|Samantha Morton,2009,7.1,119
62255,Tracker,Action|Drama|Thriller|Adventure,Ian Sharp,Ray Winstone|Temuera Morrison|Andy Anderson|Gareth Reeves|Mark Mitchinson,2010,6.0,16
5708,Control,Drama,Anton Corbijn,Sam Riley|Samantha Morton|Alexandra Maria Lara|Joe Anderson|James Anthony Pearson,2007,7.5,200
218,The Terminator,Action|Thriller|Science Fiction,James Cameron,Arnold Schwarzenegger|Michael Biehn|Linda Hamilton|Paul Winfield|Lance Henriksen,1984,7.3,4128
338,"Good bye, Lenin!",Comedy|Drama|Romance,Wolfgang Becker,Daniel Brühl|Katrin Sass|Chulpan Khamatova|Maria Simon|Florian Lukas,2003,7.4,586
21641,The Damned United,Drama,Tom Hooper,Michael Sheen|Timothy Spall|Colm Meaney|Jim Broadbent|Maurice Roeves,2009,7.2,152
10925,The Return of the Living Dead,Comedy|Horror,Dan O'Bannon,Clu Gulager|James Karen|Don Calfa|Thom Mathews|John Philbin,1985,7.3,267
2293,Mallrats,Romance|Comedy,Kevin Smith,Jason Lee|Jeremy London|Shannen Doherty|Claire Forlani|Ben Affleck,1995,6.8,392
621,Grease,Romance,Randal Kleiser,John Travolta|Olivia Newton-John|Stockard Channing|Jeff Conaway|Didi Conn,1978,7.2,1581
792,Platoon,Drama|War|Action,Oliver Stone,Tom Berenger|Charlie Sheen|Willem Dafoe|Forest Whitaker|John C. McGinley,1986,7.5,1205
1777,Fahrenheit 9/11,Documentary,Michael Moore,Robert De Niro|Michael Moore|George W. Bush|Ben Affleck|Stevie Wonder,2004,6.8,397
642,Butch Cassidy and the Sundance Kid,History|Drama|Western|Crime,George Roy Hill,Paul Newman|Robert Redford|Katharine Ross|Strother Martin|Henry Jones,1969,7.4,650
433,Mary Poppins,Comedy|Family|Fantasy,Robert Stevenson,Julie Andrews|Dick Van Dyke|David Tomlinson|Glynis Johns|Hermione Baddeley,1964,7.4,1183
16619,Ordinary People,Drama,Robert Redford,Donald Sutherland|Mary Tyler Moore|Judd Hirsch|Timothy Hutton|M. Emmet Walsh,1980,7.4,145
1725,West Side Story,Crime|Drama|Music,Robert Wise,Natalie Wood|Richard Beymer|Russ Tamblyn|Rita Moreno|George Chakiris,1961,7.0,389
11977,Caddyshack,Comedy,Harold Ramis,Chevy Chase|Rodney Dangerfield|Ted Knight|Michael O'Keefe|Bill Murray,1980,6.6,365
20322,The Brothers,Comedy|Drama|Romance,Gary Hardwick,Morris Chestnut|D. L. Hughley|Bill Bellamy|Shemar Moore|Tatyana Ali,2001,6.5,10
16158,The Wood,Comedy|Drama|Romance,Rick Famuyiwa,Omar Epps|Richard T. Jones|Taye Diggs|Malinda Williams|Sean Nelson,1999,7.1,34
629,The Usual Suspects,Drama|Crime|Thriller,Bryan Singer,Stephen Baldwin|Gabriel Byrne|Chazz Palminteri|Kevin Pollak|Pete Postlethwaite,1995,8.1,3254
10160,A Nightmare on Elm Street 5: The Dream Child,Horror|Thriller,Stephen Hopkins,Robert Englund|Lisa Wilcox|Erika Anderson|Valorie Armstrong|Michael Ashton,1989,5.5,245
11452,National Lampoon’s Van Wilder,Comedy|Romance,Walt Becker,Ryan Reynolds|Tara Reid|Tim Matheson|Kal Penn|Simon Helberg,2002,5.9,858
12163,The Wrestler,Drama|Romance,Darren Aronofsky,Mickey Rourke|Marisa Tomei|Evan Rachel Wood|Mark Margolis|Todd Barry,2008,7.3,1000
32275,Duel in the Sun,Western,King Vidor,Jennifer Jones|Joseph Cotten|Gregory Peck|Lionel Barrymore|Herbert Marshall,1946,6.2,37
13785,Best in Show,Comedy,Christopher Guest,Jay Brazeau|Parker Posey|Michael Hitchcock|Catherine O'Hara|Eugene Levy,2000,6.7,166
1103,Escape from New York,Science Fiction|Action,John Carpenter,Kurt Russell|Lee Van Cleef|Ernest Borgnine|Donald Pleasence|Isaac Hayes,1981,6.9,703
36739,School Daze,Comedy|Drama,Spike Lee,Samuel L. Jackson|Laurence Fishburne|Giancarlo Esposito|Tisha Campbell-Martin|Ossie Davis,1988,6.2,26
14144,Daddy Day Camp,Comedy|Family,Fred Savage,Cuba Gooding Jr.|Tamala Jones|Paul Rae|Lochlyn Munro|Richard Gant,2007,4.4,91
10622,Mr. Nice Guy,Crime|Action|Comedy,Sammo Hung,Jackie Chan|Richard Norton|Miki Lee|Gabrielle Fitzpatrick|Karen McLymont,1997,6.3,128
13370,A Mighty Wind,Comedy|Music,Christopher Guest,Bob Balaban|Christopher Guest|John Michael Higgins|Eugene Levy|Jane Lynch,2003,6.6,74
11191,Mystic Pizza,Comedy|Drama|Romance,Donald Petrie,Annabeth Gish|Julia Roberts|Lili Taylor|Vincent D'Onofrio|William R. Moses,1988,5.9,123
10215,Sliding Doors,Comedy|Drama|Fantasy|Romance,Peter Howitt,Gwyneth Paltrow|John Hannah|John Lynch|Jeanne Tripplehorn|Zara Turner,1998,6.5,354
25066,Tales from the Hood,Crime|Horror|Thriller,Rusty Cundieff,Clarence Williams III|Corbin Bernsen|David Alan Grier|Wings Hauser|Duane Whitaker,1995,5.4,32
1523,The Last King of Scotland,Drama,Kevin Macdonald,Forest Whitaker|James McAvoy|Simon McBurney|Gillian Anderson|Kerry Washington,2006,7.4,558
11361,Halloween 5: The Revenge of Michael Myers,Horror|Thriller,Dominique Othenin-Girard,Donald Pleasence|Danielle Harris|Ellie Cornell|Beau Starr|Don Shanks,1989,5.2,183
92591,Bernie,Comedy|Crime|Drama,Richard Linklater,Jack Black|Shirley MacLaine|Matthew McConaughey|Brady Coleman|Tommy G. Kendrick,2012,6.5,320
57612,Dolphins and Whales: Tribes of the Ocean,Documentary,Jean-Jacques Mantello,Daryl Hannah|Charlotte Rampling,2008,8.0,3
12509,Pollock,Drama|Romance,Ed Harris,Ed Harris|Marcia Gay Harden|Tom Bower|Jennifer Connelly|Bud Cort,2000,6.6,91
15256,200 Cigarettes,Comedy|Drama|Romance,Risa Bramon Garcia,Ben Affleck|Casey Affleck|Dave Chappelle|Kate Hudson|Janeane Garofalo,1999,6.1,44
83686,The Words,Drama|Thriller,Brian Klugman,Bradley Cooper|Zoe Saldana|Jeremy Irons|Dennis Quaid|Olivia Wilde,2012,6.4,379
80304,Casa De Mi Padre,Comedy|Western,Matt Piedmont,Will Ferrell|Gael García Bernal|Génesis Rodríguez|Diego Luna|Efren Ramirez,2012,5.5,103
28053,City Island,Drama|Comedy,Raymond De Felitta,Andy García|Julianna Margulies|Steven Strait|Dominik García-Lorido|Ezra Miller,2009,6.9,113
67913,The Guard,Action|Comedy|Thriller|Crime,John Michael McDonagh,Brendan Gleeson|Don Cheadle|Liam Cunningham|Mark Strong|Katarina Cas,2011,6.8,372
13991,College,Comedy,Deb Hagan,Drake Bell|Andrew Caldwell|Andree Moss|Carolyn Moss|Wendy Talley,2008,4.8,48
1443,The Virgin Suicides,Drama|Romance,Sofia Coppola,James Woods|Kathleen Turner|Kirsten Dunst|Josh Hartnett|Michael Paré,1999,7.1,817
8545,Little Voice,Comedy|Drama,Mark Herman,Brenda Blethyn|Michael Caine|Ewan McGregor|Jane Horrocks|Jim Broadbent,1998,6.6,61
19556,Miss March,Comedy|Romance,Zach Cregger,Zach Cregger|Trevor Moore|Raquel Alessi|Craig Robinson|Molly Stanton,2009,5.4,77
231576,Wish I Was Here,Drama|Comedy,Zach Braff,Zach Braff|Kate Hudson|Joey King|Pierce Gagnon|Donald Faison,2014,6.4,300
16172,Simply Irresistible,Comedy,Mark Tarlov,Sarah Michelle Gellar|Sean Patrick Flanery|Dylan Baker|Patricia Clarkson|Lawrence Gilliard Jr.,1999,5.5,52
13403,Hedwig and the Angry Inch,Comedy|Music,John Cameron Mitchell,John Cameron Mitchell|Miriam Shor|Stephen Trask|Theodore Liscinski|Rob Campbell,2001,7.4,80
15797,Only the Strong,Action,Sheldon Lettich,Mark Dacascos|Geoffrey Lewis|Stacey Travis|Paco Christian Prieto|Todd Susman,1993,6.9,29
347764,Goddess of Love,Mystery|Drama|Thriller|Horror,Jon Knautz,Alexis Kendra|Elizabeth Sandy|Monda Scott|Woody Naismith|Ray Grady,2015,6.2,9
13537,Shattered Glass,Drama|History,Billy Ray,Hayden Christensen|Peter Sarsgaard|Chloë Sevigny|Rosario Dawson|Melanie Lynskey,2003,6.6,111
20794,Novocaine,Comedy|Crime|Thriller,David Atkins,Chelcie Ross|Steve Martin|Laura Dern|Lynne Thigpen|Polly Noonan,2001,6.0,44
31064,The Business of Strangers,Drama|Thriller,Patrick Stettner,Julia Stiles|Stockard Channing|Frederick Weller|Marcus Giamatti|Jack Hallett,2001,5.7,19
576,The Wild Bunch,Adventure|Western,Sam Peckinpah,William Holden|Ernest Borgnine|Robert Ryan|Edmond O'Brien|Warren Oates,1969,7.6,259
13990,The Wackness,Drama,Jonathan Levine,Ben Kingsley|Famke Janssen|Josh Peck|Olivia Thirlby|Mary-Kate Olsen,2008,6.2,94
11583,The First Great Train Robbery,Thriller|Adventure|Drama|Crime,Michael Crichton,Sean Connery|Donald Sutherland|Lesley-Anne Down|Alan Webb|Malcolm Terris,1979,6.6,74
18602,Morvern Callar,Drama,Lynne Ramsay,Samantha Morton|Kathleen McDermott|James Wilson|Dolly Wells|Paul Popplewell,2002,7.2,34
27549,Beastmaster 2: Through the Portal of Time,Action|Adventure|Fantasy|Science Fiction,Sylvio Tabet,Marc Singer|Kari Wuhrer|Sarah Douglas|Wings Hauser|Robert Fieldsteel,1991,4.6,17
59728,The 5th Quarter,Drama,Rick Bieber,Aidan Quinn|Andie MacDowell|Ryan Merriman|Michael Harding|Stacy Earl,2011,4.7,12
10930,The Flower of Evil,Drama,Claude Chabrol,Benoît Magimel|Mélanie Doutey|Suzanne Flon|Bernard Le Coq|Nathalie Baye,2003,5.7,10
32395,The Greatest,Drama,Shana Feste,Pierce Brosnan|Susan Sarandon|Carey Mulligan|Aaron Taylor-Johnson|Johnny Simmons,2009,6.2,34
58882,Snow Flower and the Secret Fan,Drama|History,Wayne Wang,Li Bingbing|Jun Ji-hyun|Hugh Jackman|Vivian Wu|Jiang Wu,2011,5.3,22
7547,Come Early Morning,Drama|Romance,Joey Lauren Adams,Ashley Judd|Laura Prepon|Jeffrey Donovan|Stacy Keach|Scott Wilson,2006,5.9,10
35944,Lucky Break,Action|Comedy,Peter Cattaneo,James Nesbitt|Olivia Williams|Timothy Spall|Christopher Plummer|Bill Nighy,2001,6.5,11
42222,Julia,Drama,Fred Zinnemann,Jane Fonda|Vanessa Redgrave|Jason Robards|Maximilian Schell|Hal Holbrook,1977,6.3,30
13827,"Surfer, Dude",Comedy,S.R. Bindler,Matthew McConaughey|Jeffrey Nordling|Willie Nelson|Woody Harrelson|Zachary Knighton,2008,4.7,25
44260,Lake of Fire,Documentary,Tony Kaye,Noam Chomsky|Bill Baird|Flip Benham,2006,8.0,10
9282,11:14,Crime|Drama|Thriller,Greg Marcks,Henry Thomas|Blake Heron|Barbara Hershey|Hilary Swank|Clark Gregg,2003,6.8,206
38940,Men of War,Action|Thriller,Perry Lang,Dolph Lundgren|Charlotte Lewis|BD Wong|Tim Guinee|Catherine Bell,1994,5.4,29
35689,Don McKay,Crime|Mystery|Thriller,Jake Goldberger,Thomas Haden Church|Elisabeth Shue|Melissa Leo|M. Emmet Walsh|Keith David,2009,5.4,21
97614,Deadfall,Crime|Drama|Thriller,Stefan Ruzowitzky,Eric Bana|Olivia Wilde|Charlie Hunnam|Patrick Kerton|Kris Kristofferson,2012,5.6,224
37206,A Shine of Rainbows,Drama|Family,Vic Sarin,Connie Nielsen|Aidan Quinn|John Bell|Tara Alice Scully|Niamh Shaw,2009,6.3,14
58626,The Hit List,Action|Thriller,William Kaufman,Cuba Gooding Jr.|Cole Hauser|Jonathan LaPaglia|Ginny Weirick|Sean Cook,2011,5.2,73
183894,Emma,Romance|Comedy|Drama,Jim O'Hanlon,Romola Garai|Michael Gambon|Jonny Lee Miller|Louise Dylan|Blake Ritson,2009,7.6,38
837,Videodrome,Horror|Mystery|Science Fiction,David Cronenberg,James Woods|Sonja Smits|Deborah Harry|Peter Dvorsky|Jack Creley,1983,7.1,454
1555,The Spanish Apartment,Drama|Comedy|Romance,Cédric Klapisch,Romain Duris|Audrey Tautou|Kelly Reilly|Cécile de France|Cristina Brondo,2002,7.0,266
244783,Song One,Drama,Kate Barker-Froyland,Anne Hathaway|Johnny Flynn|Mary Steenburgen|Ben Rosenfield|Lola Kirke,2014,5.5,87
16564,Winter in Wartime,Drama|History|War,Martin Koolhoven,Martijn Lakemeier|Melody Klaver|Yorick van Wageningen|Jamie Campbell Bower|Raymond Thiry,2008,6.8,66
168027,Freaky Deaky,Comedy,Charles Matthau,Christian Slater|Michael Jai White|Crispin Glover|Billy Burke|Breanne Racano,2012,4.9,18
3482,The Train,Action|Drama|Thriller|War,John Frankenheimer,Burt Lancaster|Paul Scofield|Jeanne Moreau|Suzanne Flon|Michel Simon,1964,7.2,72
135595,Trade Of Innocents,Drama|Thriller,Christopher Bessette,Dermot Mulroney|Mira Sorvino|John Billingsley|Trieu Tran|Kiều Chinh,2012,5.5,12
8982,The Protector,Action|Crime|Drama|Thriller,Prachya Pinkaew,Tony Jaa|Petchtai Wongkamlao|Bongkoj Khongmalai|Xing Jing|Nathan Jones,2005,6.8,167
89861,Stiff Upper Lips,Comedy,Gary Sinyor,Georgina Cates|Peter Ustinov|Prunella Scales|Samuel West|Sean Pertwee,1998,10.0,1
455,Bend It Like Beckham,Comedy|Drama|Romance,Gurinder Chadha,Parminder Nagra|Keira Knightley|Jonathan Rhys Meyers|Anupam Kher|Shaheen Khan,2002,6.2,578
57022,Sunshine State,Drama,John Sayles,Alan King|Angela Bassett|Timothy Hutton|Mary Steenburgen|Clifton James,2002,6.0,10
14351,Crossover,Action|Adventure|Drama,Preston A. Whitmore II,Anthony Mackie|Marcello Thedford|Allen Payne|Wesley Jonathan|Wayne Brady,2006,4.2,10
147767,Khiladi 786,Action|Comedy,Ashish R. Mohan,Akshay Kumar|Asin Thottumkal|Himesh Reshammiya|Mithun Chakraborty|Raj Babbar,2012,4.7,11
10664,[REC]²,Thriller|Horror,Jaume Balagueró,Manuela Velasco|Ferran Terraza|Claudia Silva|Javier Botet|Pablo Rosso,2009,6.4,489
55567,Standing Ovation,Comedy|Music|Family,Stewart Raffill,Kayla Jackson|Kayla Raparelli|Sal Dupree|Al Sapienza|Alexis Biesiada,2010,3.9,6
9277,The Sting,Comedy|Crime|Drama,George Roy Hill,Paul Newman|Robert Redford|Robert Shaw|Charles Durning|Ray Walston,1973,7.9,622
9443,Chariots of Fire,Drama|History,Hugh Hudson,Ben Cross|Ian Charleson|Cheryl Campbell|Alice Krige|Nigel Havers,1981,6.8,207
16186,Diary of a Mad Black Woman,Comedy|Drama|Romance,Darren Grant,Kimberly Elise|Steve Harris|Tyler Perry|Shemar Moore|Vickie Eng,2005,6.4,71
7863,Shine,Drama,Scott Hicks,Geoffrey Rush|Noah Taylor|Armin Mueller-Stahl|Justin Braine|Sonia Todd,1996,7.3,131
138697,Don Jon,Romance|Comedy|Drama,Joseph Gordon-Levitt,Joseph Gordon-Levitt|Scarlett Johansson|Julianne Moore|Tony Danza|Glenne Headly,2013,5.9,1671
11901,High Plains Drifter,Western,Clint Eastwood,Clint Eastwood|Verna Bloom|Marianna Hill|Mitchell Ryan|Jack Ging,1973,7.4,278
1548,Ghost World,Comedy|Drama,Terry Zwigoff,Thora Birch|Scarlett Johansson|Steve Buscemi|Brad Renfro|Bob Balaban,2001,7.1,426
11889,Iris,Drama|Romance,Richard Eyre,Judi Dench|Jim Broadbent|Kate Winslet|Hugh Bonneville|Penelope Wilton,2001,6.2,47
33155,Galaxina,Comedy|Science Fiction,William Sachs,Dorothy Stratten|Stephen Macht|Avery Schreiber|Lionel Mark Smith|J.D. Hinton,1980,3.3,16
5528,The Chorus,Drama,Christophe Barratier,Gérard Jugnot|François Berléand|Kad Merad|Jean-Paul Bonnaire|Marie Bunel,2004,7.5,526
321,Mambo Italiano,Comedy|Romance,Émile Gaudreault,Luke Kirby|Ginette Reno|Paul Sorvino|Mary Walsh|Peter Miller,2003,5.6,28
4997,Wonderland,Crime|Drama|Mystery|Thriller,James Cox,Val Kilmer|Dylan McDermott|Kate Bosworth|Josh Lucas|Lisa Kudrow,2003,6.2,73
925,Do the Right Thing,Drama,Spike Lee,Danny Aiello|Ossie Davis|Ruby Dee|Richard Edson|Giancarlo Esposito,1989,7.6,292
27451,Harvard Man,Drama,James Toback,Sarah Michelle Gellar|Adrian Grenier|Joey Lauren Adams|Eric Stoltz|Rebecca Gayheart,2001,4.8,15
73532,Le Havre,Drama|Comedy,Aki Kaurismäki,André Wilms|Kati Outinen|Blondin Miguel|Elina Salo|Evelyne Didi,2011,6.8,97
979,Irreversible,Drama|Thriller|Crime|Mystery,Gaspar Noé,Monica Bellucci|Vincent Cassel|Albert Dupontel|Jo Prestia|Philippe Nahon,2002,7.1,538
193722,R100,Comedy|Drama,Hitoshi Matsumoto,Nao Omori|Mao Daichi|Shinobu Terajima|Hairi Katagiri|Eriko Satô,2013,5.4,31
7913,Rang De Basanti,Drama,Rakeysh Omprakash Mehra,Aamir Khan|Soha Ali Khan|Alice Patten|Sharman Joshi|Kunal Kapoor,2006,7.2,97
253253,Animals,Drama,Collin Schiffli,David Dastmalchian|Kim Shaw|John Heard|John Hoogenakker|Shon McGregory,2014,6.2,9
51995,Salvation Boulevard,Comedy|Thriller|Action|Drama,George Ratliff,Jennifer Connelly|Marisa Tomei|Pierce Brosnan|Ed Harris|Greg Kinnear,2011,5.6,28
13173,The Ten,Comedy,David Wain,Paul Rudd|Adam Brody|Jon Hamm|Winona Ryder|Ken Marino,2007,4.9,57
22908,A Room for Romeo Brass,Drama|Comedy|Foreign,Shane Meadows,Paddy Considine|Andrew Shim|Frank Harper|Vicky McClure|Johann Myers,1999,7.3,18
70670,Headhunters,Thriller|Crime,Morten Tyldum,Aksel Hennie|Nikolaj Coster-Waldau|Synnøve Macody Lund|Julie R. Ølgaard|Eivind Sander,2011,7.1,399
84204,Grabbers,Science Fiction|Comedy|Thriller|Horror,Jon Wright,Richard Coyle|Ruth Bradley|Russell Tovey|Bronagh Gallagher|David Pearse,2012,6.0,140
25248,Saint Ralph,Comedy|Drama,Michael McGowan,Adam Butcher|Campbell Scott|Michael Kanev|Gordon Pinsent|Tamara Hope,2004,7.3,24
230266,Miss Julie,Drama,Liv Ullmann,Jessica Chastain|Colin Farrell|Samantha Morton|Nora McMenamy,2014,5.9,45
16633,Somewhere in Time,Science Fiction|Drama|Fantasy|Romance,Jeannot Szwarc,Christopher Reeve|Jane Seymour|Christopher Plummer|Teresa Wright|Bill Erwin,1980,7.2,102
63006,Dum Maaro Dum,Drama|Action|Crime|Foreign,Rohan Sippy,Abhishek Bachchan|Bipasha Basu|Deepika Padukone|Rana Daggubati|Prateik Babbar,2011,5.4,7
91586,Insidious: Chapter 2,Horror|Thriller,James Wan,Patrick Wilson|Rose Byrne|Ty Simpkins|Lin Shaye|Barbara Hershey,2013,6.5,1211
215,Saw II,Horror,Darren Lynn Bousman,Tobin Bell|Shawnee Smith|Donnie Wahlberg|Franky G|Glenn Plummer,2005,6.3,1251
333371,10 Cloverfield Lane,Thriller|Science Fiction|Drama,Dan Trachtenberg,Mary Elizabeth Winstead|John Goodman|John Gallagher Jr.|Bradley Cooper|Douglas M. Griffin,2016,6.8,2468
9012,Jackass: The Movie,Documentary|Comedy,Jeff Tremaine,Johnny Knoxville|Bam Margera|Steve-O|Chris Pontius|Dave England,2002,6.1,345
345911,Lights Out,Horror|Thriller,David F. Sandberg,Teresa Palmer|Maria Bello|Gabriel Bateman|Alexander DiPersia|Alicia Vela-Bailey,2016,6.3,1129
72571,Paranormal Activity 3,Horror,Henry Joost,Katie Featherston|Sprague Grayden|Lauren Bittner|Christopher Nicholas Smith|Chloe Csengery,2011,5.9,669
242512,Ouija,Horror,Stiles White,Olivia Cooke|Ana Coto|Daren Kagasoff|Bianca A. Santos|Douglas Smith,2014,4.9,983
10072,A Nightmare on Elm Street 3: Dream Warriors,Horror|Thriller,Chuck Russell,Robert Englund|Patricia Arquette|Heather Langenkamp|John Saxon|Craig Wasson,1987,6.5,354
211954,Instructions Not Included,Comedy|Drama,Eugenio Derbez,Loreto Peralta|Eugenio Derbez|Jessica Lindsey|Daniel Raymont|Hugo Stiglitz,2013,7.5,205
82990,Paranormal Activity 4,Horror,Henry Joost,Katie Featherston|Kathryn Newton|Matt Shively|Aiden Lovekamp|Brady Allen,2012,5.2,563
29912,The Robe,Drama,Henry Koster,Richard Burton|Jean Simmons|Victor Mature|Jay Robinson|Richard Boone,1953,6.4,42
11843,The Return of the Pink Panther,Comedy,Blake Edwards,Peter Sellers|Christopher Plummer|Herbert Lom|Catherine Schell|Peter Arne,1975,6.7,137
11284,Freddy's Dead: The Final Nightmare,Horror|Thriller|Comedy,Rachel Talalay,Robert Englund|Lisa Zane|Shon Greenblatt|Lezlie Deane|Ricky Dean Logan,1991,5.1,272
504,Monster,Crime|Drama,Patty Jenkins,Charlize Theron|Christina Ricci|Bruce Dern|Lee Tergesen|Annie Corley,2003,7.0,485
173,"20,000 Leagues Under the Sea",Adventure|Drama|Science Fiction,Richard Fleischer,Kirk Douglas|James Mason|Paul Lukas|Peter Lorre|Robert J. Wilke,1954,6.8,157
227348,Paranormal Activity: The Marked Ones,Horror|Thriller,Christopher B. Landon,Andrew Jacobs|Richard Cabral|Carlos Pratts|Eddie J. Fernandez|Jorge Diaz,2014,5.2,449
1955,The Elephant Man,Drama|History,David Lynch,Anthony Hopkins|John Hurt|Anne Bancroft|John Gielgud|Wendy Hiller,1980,7.9,719
152532,Dallas Buyers Club,Drama|History,Jean-Marc Vallée,Matthew McConaughey|Jennifer Garner|Jared Leto|Denis O'Hare|Steve Zahn,2013,7.9,2886
243940,The Lazarus Effect,Thriller|Horror,David Gelb,Olivia Wilde|Mark Duplass|Donald Glover|Evan Peters|Sarah Bolger,2015,5.1,505
77,Memento,Mystery|Thriller,Christopher Nolan,Guy Pearce|Carrie-Anne Moss|Joe Pantoliano|Mark Boone Junior|Stephen Tobolowsky,2000,8.1,4028
157547,Oculus,Horror,Mike Flanagan,Karen Gillan|Brenton Thwaites|Katee Sackhoff|James Lafferty|Rory Cochrane,2013,6.3,1050
2295,Clerks II,Comedy,Kevin Smith,Brian O'Halloran|Jeff Anderson|Jason Mewes|Kevin Smith|Rosario Dawson,2006,6.9,398
71,Billy Elliot,Drama|Comedy|Music,Stephen Daldry,Jamie Bell|Julie Walters|Jean Heywood|Jamie Draven|Gary Lewis,2000,7.4,750
147773,The Way Way Back,Comedy|Drama,Nat Faxon,Liam James|Steve Carell|Toni Collette|AnnaSophia Robb|Sam Rockwell,2013,7.1,688
16096,House Party 2,Comedy,Doug McHenry,Martin Lawrence|Christopher Martin|Christopher Reid|Paul Anthony|Tisha Campbell-Martin,1991,4.7,21
24266,The Man from Snowy River,Family|Drama|Action|Western|Romance,George T. Miller,Tom Burlinson|Terence Donovan|Kirk Douglas|Tommy Dysart|Bruce Kerr,1982,6.8,37
16508,Doug's 1st Movie,Animation|Family|Comedy,Maurice Joyce,Thomas McHugh|Fred Newman|Chris Phillips|Constance Shulman,1999,5.4,22
2895,The Apostle,Drama,Robert Duvall,Robert Duvall|Billy Bob Thornton|June Carter Cash|Farrah Fawcett|Miranda Richardson,1997,6.1,38
15660,Mommie Dearest,Drama,Frank Perry,Faye Dunaway|Diana Scarwid|Steve Forrest|Howard Da Silva|Mara Hobel,1981,6.5,54
59968,Our Idiot Brother,Comedy|Drama,Jesse Peretz,Paul Rudd|Elizabeth Banks|Zooey Deschanel|Emily Mortimer|Adam Scott,2011,5.9,365
323677,Race,Action|Drama,Stephen Hopkins,Stephan James|Jason Sudeikis|Carice van Houten|Jeremy Irons|Amanda Crew,2016,7.1,478
19848,The Players Club,Drama,Ice Cube,LisaRaye McCoy|Dick Anthony Williams|Judyann Elder|Chrystale Wilson|Adele Givens,1998,6.4,14
256274,"As Above, So Below",Horror|Thriller,John Erick Dowdle,Perdita Weeks|Ben Feldman|Edwin Hodge|François Civil|Marion Lambert,2014,6.1,766
235271,Addicted,Drama|Thriller,Bille Woodruff,Boris Kodjoe|Brandon Gonzales|Cameron Mills|Emayatzy Corinealdi|Garrett Hines,2014,5.4,63
45153,Eve's Bayou,Drama,Kasi Lemmons,Jurnee Smollett|Meagan Good|Lynn Whitfield|Samuel L. Jackson|Debbi Morgan,1997,6.1,27
284293,Still Alice,Drama,Richard Glatzer,Julianne Moore|Alec Baldwin|Kristen Stewart|Kate Bosworth|Shane McRae,2014,7.5,1104
24973,The Egyptian,History|Drama,Michael Curtiz,Jean Simmons|Victor Mature|Gene Tierney|Peter Ustinov|Edmund Purdom,1954,6.0,11
21610,Nighthawks,Action|Crime|Thriller,Bruce Malmuth,Sylvester Stallone|Rutger Hauer|Billy Dee Williams|Lindsay Wagner|Persis Khambatta,1981,6.4,86
10283,Friday the 13th Part VIII: Jason Takes Manhattan,Horror|Thriller,Rob Hedden,Kane Hodder|Jensen Daggett|Scott Reeves|Barbara Bingham|Peter Mark Richman,1989,4.8,191
8346,My Big Fat Greek Wedding,Comedy|Drama|Romance,Joel Zwick,Nia Vardalos|John Corbett|Lainie Kazan|Michael Constantine|Andrea Martin,2002,6.2,671
122081,Spring Breakers,Drama|Crime,Harmony Korine,James Franco|Selena Gomez|Vanessa Hudgens|Ashley Benson|Rachel Korine,2013,5.0,1551
10987,Halloween: The Curse of Michael Myers,Horror|Thriller,Joe Chappelle,Donald Pleasence|Paul Rudd|Marianne Hagan|Mitchell Ryan|Kim Darby,1995,5.0,170
1391,Y Tu Mamá También,Drama|Romance,Alfonso Cuarón,Gael García Bernal|Diego Luna|Maribel Verdú|Ana López Mercado|Diana Bracho,2001,7.3,315
747,Shaun of the Dead,Horror|Comedy,Edgar Wright,Simon Pegg|Nick Frost|Kate Ashfield|Lucy Davis|Dylan Moran,2004,7.5,2420
14745,The Haunting of Molly Hartley,Drama|Horror,Mickey Liddell,Haley Bennett|Jake Weber|Chace Crawford|Shannon Woodward|Shanna Collins,2008,4.3,48
26748,Lone Star,Drama|Mystery|Romance,John Sayles,Chris Cooper|Matthew McConaughey|Elizabeth Peña|Kris Kristofferson|Joe Morton,1996,6.9,77
11357,Halloween 4: The Return of Michael Myers,Horror|Thriller,Dwight H. Little,Donald Pleasence|Ellie Cornell|Danielle Harris|George P. Wilbur|Michael Pataki,1988,5.9,209
24913,April Fool's Day,Horror|Mystery,Fred Walton,Deborah Foreman|Thomas F. Wilson|Lloyd Berry|Tom Heaton|Ken Olandt,1986,5.8,73
13776,Diner,Comedy|Drama,Barry Levinson,Steve Guttenberg|Daniel Stern|Mickey Rourke|Kevin Bacon|Tim Daly,1982,6.9,83
14854,Lone Wolf McQuade,Action|Crime|Drama|Romance|Thriller|Western,Steve Carver,Chuck Norris|David Carradine|Barbara Carrera|Leon Isaac Kennedy|Dana Kimmell,1983,5.5,67
50357,Apollo 18,Horror|Thriller|Science Fiction,Gonzalo López-Gallego,Ryan Robbins|Warren Christie|Lloyd Owen|Andrew Airlie|Michael Kopsa,2011,5.0,356
13090,Sunshine Cleaning,Comedy|Drama,Christine Jeffs,Amy Adams|Emily Blunt|Alan Arkin|Jason Spevack|Steve Zahn,2008,6.5,255
192141,No Escape,Action|Thriller,John Erick Dowdle,Owen Wilson|Lake Bell|Pierce Brosnan|Sterling Jerins|Claire Geare,2015,6.7,777
16441,The Beastmaster,Action|Fantasy,Don Coscarelli,Marc Singer|Tanya Roberts|Rip Torn|John Amos|Joshua Milrad,1982,6.0,97
29996,Solomon and Sheba,Drama|History|Romance|War,King Vidor,Yul Brynner|Gina Lollobrigida|George Sanders|Marisa Pavan|David Farrar,1959,5.4,8
351819,Fifty Shades of Black,Romance|Comedy,Michael Tiddes,Marlon Wayans|Kali Hawk|Fred Willard|Mike Epps|Affion Crockett,2016,4.3,331
14834,Not Easily Broken,Drama|Romance,Bill Duke,Morris Chestnut|Taraji P. Henson|Maeve Quinlan|Kevin Hart|Jenifer Lewis,2009,6.3,9
22649,A Farewell to Arms,Drama|Romance|War,Frank Borzage,Helen Hayes|Gary Cooper|Adolphe Menjou|Mary Philips|Jack La Rue,1932,6.2,28
378200,The Perfect Match,Comedy|Romance,Bille Woodruff,Terrence Jenkins|Paula Patton|Kali Hawk|Lauren London|Brandy Norwood,2016,5.2,42
20455,Digimon: The Movie,Fantasy|Animation|Science Fiction|Family,Mamoru Hosoda,Lara Jill Miller|Joshua Seth|Bob Papenbrook|Doug Berholt|Steve Blum,2000,6.2,72
13193,Saved!,Comedy|Drama,Brian Dannelly,Jena Malone|Mandy Moore|Macaulay Culkin|Patrick Fugit|Heather Matarazzo,2004,6.3,147
11042,The Barbarian Invasions,Comedy|Crime|Drama,Denys Arcand,Rémy Girard|Stéphane Rousseau|Marie-Josée Croze|Dorothée Berryman|Louise Portal,2003,6.7,77
10786,Robin and Marian,Action|Adventure|Drama|Romance,Richard Lester,Sean Connery|Audrey Hepburn|Robert Shaw|Richard Harris|Nicol Williamson,1976,6.6,50
12484,The Forsaken,Action|Adventure|Horror|Thriller,J.S. Cardone,Kerr Smith|Brendan Fehr|Izabella Miko|Johnathon Schaech|Phina Oruche,2001,4.9,47
17339,Force 10 from Navarone,Action|Adventure|War|Thriller,Guy Hamilton,Harrison Ford|Robert Shaw|Barbara Bach|Edward Fox|Franco Nero,1978,6.4,91
11959,UHF,Comedy,Jay Levey,"""Weird Al"" Yankovic|Victoria Jackson|Michael Richards|David Bowe|Fran Drescher",1989,6.7,89
9900,Grandma's Boy,Comedy,Nicholaus Goossen,Linda Cardellini|Allen Covert|Peter Dante|Shirley Knight|Joel David Moore,2006,6.6,220
14662,Slums of Beverly Hills,Comedy|Drama,Tamara Jenkins,Natasha Lyonne|Alan Arkin|Marisa Tomei|Eli Marienthal|Mena Suvari,1998,6.5,44
335,Once Upon a Time in the West,Western,Sergio Leone,Henry Fonda|Claudia Cardinale|Jason Robards|Charles Bronson|Gabriele Ferzetti,1968,8.1,1128
15745,Made,Action|Comedy|Thriller,Jon Favreau,Vince Vaughn|Jon Favreau|Sean Combs|Famke Janssen|Peter Falk,2001,6.3,55
17431,Moon,Science Fiction|Drama,Duncan Jones,Sam Rockwell|Kevin Spacey|Dominique McElligott|Rosie Shaw|Adrienne Shaw,2009,7.6,1794
21014,Keeping Up with the Steins,Comedy,Scott Marshall,Daryl Sabara|Jami Gertz|Jeremy Piven|Cheryl Hines|Carter Jenkins,2006,5.2,18
78394,Sea Rex 3D: Journey to a Prehistoric World,Documentary,Ronan Chapalain,Guillaume Denaiffe|Norbert Ferrer|Chloe Hollings|Richard Rider|Tom Yang,2010,5.9,11
10217,The Sweet Hereafter,Drama,Atom Egoyan,Ian Holm|Caerthan Banks|Sarah Polley|Tom McCamus|Gabrielle Rose,1997,6.8,103
46332,Of Gods and Men,Drama|History,Xavier Beauvois,Lambert Wilson|Michael Lonsdale|Olivier Rabourdin|Philippe Laudenbach|Jacques Herlin,2010,6.5,91
13996,Bottle Shock,Comedy|Drama,Randall Miller,Alan Rickman|Chris Pine|Bill Pullman|Rachael Taylor|Freddy Rodríguez,2008,6.6,60
3028,Jekyll and Hyde ... Together Again,Comedy|Horror|Science Fiction,Jerry Belson,Mark Blankfield|Bess Armstrong|Krista Errickson|Tim Thomerson|Michael McGuire,1982,4.6,5
1024,Heavenly Creatures,Drama|Fantasy,Peter Jackson,Melanie Lynskey|Kate Winslet|Sarah Peirse|Simon O'Connor|Diana Kent,1994,7.0,294
343795,90 Minutes in Heaven,Drama,Michael Polish,Kate Bosworth|Hayden Christensen|Hudson Meek|Bobby Batson|Elizabeth Hunter,2015,5.4,40
45658,Everything Must Go,Comedy|Drama|Romance,Dan Rush,Rebecca Hall|Will Ferrell|Glenn Howerton|Laura Dern|Christopher Jordan Wallace,2010,6.0,208
16148,Zero Effect,Comedy|Crime|Mystery|Thriller,Jake Kasdan,Bill Pullman|Ben Stiller|Ryan O'Neal|Kim Dickens|Angela Featherstone,1998,6.0,55
4553,The Machinist,Thriller|Drama,Brad Anderson,Christian Bale|Jennifer Jason Leigh|Aitana Sánchez-Gijón|John Sharian|Michael Ironside,2004,7.3,1247
36351,Light Sleeper,Drama|Crime,Paul Schrader,Willem Dafoe|Susan Sarandon|Dana Delany|David Clennon|Mary Beth Hurt,1992,5.7,15
245916,Kill the Messenger,Thriller|Crime|Drama|Mystery,Michael Cuesta,Jeremy Renner|Mary Elizabeth Winstead|Michael Sheen|Ray Liotta|Robert Patrick,2014,6.6,355
27585,Rabbit Hole,Drama,John Cameron Mitchell,Nicole Kidman|Aaron Eckhart|Dianne Wiest|Miles Teller|Tammy Blanchard,2010,6.9,165
1415,Party Monster,Comedy|Drama|Crime,Fenton Bailey,Seth Green|Macaulay Culkin|Chloë Sevigny|Diana Scarwid|Marilyn Manson,2003,5.9,58
313922,Green Room,Horror|Crime|Thriller,Jeremy Saulnier,Anton Yelchin|Imogen Poots|Alia Shawkat|Joe Cole|Callum Turner,2016,6.7,683
14474,The Oh in Ohio,Comedy|Drama|Romance,Billy Kent,Parker Posey|Danny DeVito|Paul Rudd|Mischa Barton|Miranda Bailey,2006,5.8,27
199933,Atlas Shrugged Part III: Who is John Galt?,Drama|Science Fiction|Mystery,James Manera,Eric Allan Kramer|Rob Morrow|Stephen Tobolowsky|Kristoffer Polaha|Lew Temple,2014,3.9,15
13685,Bottle Rocket,Comedy|Crime|Drama,Wes Anderson,Luke Wilson|Owen Wilson|Lumi Cavazos|Andrew Wilson|Robert Musgrave,1996,6.8,281
8744,Albino Alligator,Crime|Drama|Thriller,Kevin Spacey,Matt Dillon|Faye Dunaway|Gary Sinise|William Fichtner|Viggo Mortensen,1996,5.6,45
38428,"Gandhi, My Father",Drama|Foreign|History,Feroz Abbas Khan,Darshan Jariwala|Akshaye Khanna|Bhumika Chawla|Shefali Shah|Vinay Jain,2007,6.0,2
8847,Standard Operating Procedure,Documentary,Errol Morris,Javal Davis|Ken Davis|Tony Diaz|Tim Dugan|Lynndie England,2008,6.6,14
39269,Out of the Blue,Drama,Dennis Hopper,Dennis Hopper|Raymond Burr|Sharon Farrell|Linda Manz|Don Gordon,1980,6.5,17
46838,Tucker and Dale vs Evil,Comedy|Horror,Eli Craig,Alan Tudyk|Tyler Labine|Katrina Bowden|Jesse Moss|Philip Granger,2010,7.3,847
51384,"Lovely, Still",Drama|Romance,Nicholas Fackler,Martin Landau|Ellen Burstyn|Adam Scott|Elizabeth Banks,2008,6.2,13
56930,Tycoon,Action|Drama|Romance,Richard Wallace,John Wayne|Laraine Day|Cedric Hardwicke|Judith Anderson|Anthony Quinn,1947,6.6,4
41730,Desert Blue,Comedy|Drama,Morgan J. Freeman,Casey Affleck|Kate Hudson|Brendan Sexton III|Christina Ricci|Ethan Suplee,1999,5.5,9
18442,Decoys,Horror|Science Fiction|Thriller,Matthew Hastings,Kim Poirier|Stefanie von Pfetten|Elias Toufexis|Meghan Ory|Ennis Esmer,2004,4.7,33
298312,The Visit,Horror|Thriller,M. Night Shyamalan,Olivia DeJonge|Ed Oxenbould|Kathryn Hahn|Benjamin Kanes|Deanna Dunagan,2015,6.0,1360
11600,Redacted,Drama|War,Brian De Palma,Izzy Diaz|Rob Devaney|Ty Jones|Anas Wellman|Mike Figueroa,2007,6.2,37
71547,Fascination,Romance|Thriller,Klaus Menzel,Jacqueline Bisset|Adam Garcia|James Naughton|Stuart Wilson|Alice Evans,2004,3.8,4
57876,Area 51,Horror|Thriller|Science Fiction,Oren Peli,Reid Warner|Darrin Bragg|Ben Rovner|Jelena Nik|Roy Abramsohn,2015,4.2,151
77495,Sleep Tight,Thriller,Jaume Balagueró,Luis Tosar|Marta Etura |Alberto San Juan|Petra Martínez|Iris Almeida,2011,7.0,202
13849,The Cottage,Horror|Comedy|Crime|Thriller,Paul Andrew Williams,Andy Serkis|Reece Shearsmith|Jennifer Ellison|Steven O'Donnell|James Bierman,2008,6.3,80
14849,Dead Like Me: Life After Death,Drama|Fantasy|Comedy,Stephen Herek,Ellen Muth|Jasmine Guy|Callum Blue|Sarah Wynter|Britt McKillip,2009,5.8,65
12486,Farce of the Penguins,Comedy|Documentary,Bob Saget,Samuel L. Jackson|Jim Belushi|Whoopi Goldberg|Christina Applegate|Jason Biggs,2006,3.2,13
19615,Flying By,Drama,Unknown Director,Billy Ray Cyrus|Heather Locklear|Ahnaise Christmas|Arabella Field|Mo Collins,2009,7.0,2
244403,Rudderless,Music|Drama|Comedy,William H. Macy,Billy Crudup|Anton Yelchin|Felicity Huffman|Selena Gomez|Laurence Fishburne,2014,7.4,105
292481,Henry & Me,Family|Animation,Barrett Esposito,Richard Gere|Luis Guzmán|Chazz Palminteri|Cyndi Lauper|Lucie Arnaz,2014,3.0,3
340816,Christmas Eve,Romance|Comedy,Mitch Davis,Patrick Stewart|Cheryl Hines|Gary Cole|Jon Heder|James Roday,2015,6.1,24
78814,We Have Your Husband,TV Movie|Crime|Drama|Thriller,Eric Bross,Teri Polo|Esai Morales|Nicholas Gonzalez|Olivia d'Abo|William R. Moses,2011,5.0,3
297596,Dying of the Light,Thriller|Drama,Paul Schrader,Nicolas Cage|Anton Yelchin|Alexander Karim|Irène Jacob|Aymen Hamdouchi,2014,4.5,118
299552,Born Of War,Action|Thriller|War,Vicky Jewson,James Frain|Sofia Black-D'Elia|Lydia Leonard|Joey Ansah|Michael Maloney,2013,4.1,7
11935,Capricorn One,Drama|Action|Thriller|Science Fiction,Peter Hyams,Elliott Gould|James Brolin|Brenda Vaccaro|Sam Waterston|O.J. Simpson,1977,6.4,131
113406,Should've Been Romeo,Comedy|Drama,Marcia Bennett,Paul Ben-Victor|Ed Asner|Jordenn Thompson|Carol Kane|Michael Rapaport,2012,0.0,0
290825,Yoga Hosers,Comedy|Fantasy|Horror|Thriller,Kevin Smith,Lily-Rose Depp|Harley Quinn Smith|Justin Long|Austin Butler|Adam Brody,2016,4.7,102
361159,Navy Seals vs. Zombies,Horror|Action,Stanton Barrett,"Ed Quinn|Michael Dudikoff|Rick Fox|Chad ""Gunner"" Lail|Molly Hagan",2015,3.5,36
12555,I Served the King of England,Comedy|Drama,Jiří Menzel,Ivan Barnev|Oldřich Kaiser|Julia Jentsch|Marián Labuda|Martin Huba,2006,7.0,22
31175,Soul Kitchen,Drama|Comedy,Fatih Akin,Adam Bousdoukos|Birol Ünel|Moritz Bleibtreu|Wotan Wilke Möhring|Dorka Gryllus,2009,7.1,116
12498,Sling Blade,Drama,Billy Bob Thornton,Billy Bob Thornton|Dwight Yoakam|J. T. Walsh|John Ritter|Lucas Black,1996,7.4,231
77949,The Awakening,Horror|Thriller,Nick Murphy ,Rebecca Hall|Dominic West|Imelda Staunton|Isaac Hempstead-Wright|Lucy Cohu,2011,6.3,458
1690,Hostel,Horror,Eli Roth,Jay Hernandez|Derek Richardson|Eythor Gudjonsson|Barbara Nedeljakova|Jana Kaderabkova,2005,5.7,887
8435,A Cock and Bull Story,Comedy|Drama,Michael Winterbottom,Steve Coogan|Rob Brydon|Keeley Hawes|Shirley Henderson|Raymond Waring,2005,6.2,43
64720,Take Shelter,Thriller|Drama,Jeff Nichols,Michael Shannon|Jessica Chastain|Katy Mixon|Shea Whigham|Ray McKinnon,2011,7.1,471
49365,Lady in White,Horror|Thriller,Frank LaLoggia,Lukas Haas|Len Cariou|Alex Rocco|Katherine Helmond|Jason Presson,1988,6.3,25
11404,Driving Lessons,Drama|Comedy,Jeremy Brock,Laura Linney|Rupert Grint|Julie Walters|Michelle Duncan|Oliver Milburn,2006,6.3,47
300706,Let's Kill Ward's Wife,Comedy,Scott Foley,Patrick Wilson|Scott Foley|Amy Acker|Donald Faison|Dagmara Domińczyk,2014,5.5,76
16337,The Texas Chainsaw Massacre 2,Horror,Tobe Hooper,Dennis Hopper|Caroline Williams|Jim Siedow|Bill Moseley|Bill Johnson,1986,5.9,139
11577,Pat Garrett & Billy the Kid,Western,Sam Peckinpah,James Coburn|Kris Kristofferson|Richard Jaeckel|Katy Jurado|Chill Wills,1973,7.2,65
77987,Only God Forgives,Drama|Thriller|Crime,Nicolas Winding Refn,Ryan Gosling|Kristin Scott Thomas|Gordon Brown|Tom Burke|Vithaya Pansringarm,2013,5.6,862
40185,Camping Sauvage,Drama|Romance,Christophe Ali,Denis Lavant|Isild Le Besco|Pascal Bongard|Jean-Michel Guerin|Martine Demaret,2005,4.8,4
68202,Without Men,Comedy|Romance,Gabriela Tagliavini,Eva Longoria|Christian Slater|Oscar Nunez|Kate del Castillo|Mónica Huarte,2011,4.6,8
8981,Dear Frankie,Drama|Family,Shona Auerbach,Gerard Butler|Emily Mortimer|Jack McElhone|Sharon Small|Katy Murphy,2004,7.0,46
10914,All Hat,Action|Comedy|Drama|Western,Leonard Farlinger,Rachael Leigh Cook|Luke Kirby|Keith Carradine|Lisa Ray|Graham Greene,2007,1.0,1
50848,The Names of Love,Drama|Comedy|Romance,Michel Leclerc,Jacques Gamblin|Sara Forestier|Zinedine Soualem|Jacques Boudet|Carole Franck,2010,7.3,93
166624,Treading Water,Drama|Comedy,Analeine Cal y Mayor,Douglas Smith|Zoë Kravitz|Ariadna Gil|Don McKellar|Kim Ly,2013,5.6,6
10822,Savage Grace,Drama,Tom Kalin,Julianne Moore|Stephen Dillane|Eddie Redmayne|Elena Anaya|Hugh Dancy,2007,5.7,60
10844,Out of the Blue,Drama,Robert Sarkies,Karl Urban|Tandi Wright|Simon Ferry|Matthew Sunderland|Lois Lawn,2006,5.9,18
9336,Police Academy,Comedy|Crime,Hugh Wilson,Steve Guttenberg|Kim Cattrall|G. W. Bailey|Bubba Smith|Donovan Scott,1984,6.5,602
5689,The Blue Lagoon,Romance|Adventure|Drama,Randal Kleiser,Brooke Shields|Christopher Atkins|Leo McKern|William Daniels|Jeffrey Kleiser,1980,5.8,408
712,Four Weddings and a Funeral,Comedy|Drama|Romance,Mike Newell,Hugh Grant|Andie MacDowell|James Fleet|Simon Callow|John Hannah,1994,6.6,632
13342,Fast Times at Ridgemont High,Comedy,Amy Heckerling,Sean Penn|Jennifer Jason Leigh|Judge Reinhold|Phoebe Cates|Brian Backer,1982,7.0,322
10339,Moby Dick,Adventure|Drama,John Huston,Gregory Peck|Richard Basehart|Leo Genn|James Robertson Justice|Harry Andrews,1956,6.9,89
1429,25th Hour,Crime|Drama,Spike Lee,Edward Norton|Philip Seymour Hoffman|Barry Pepper|Rosario Dawson|Anna Paquin,2002,7.2,629
9303,Bound,Crime|Drama|Romance|Thriller,Lilly Wachowski,Jennifer Tilly|Gina Gershon|Joe Pantoliano|John P. Ryan|Christopher Meloni,1996,6.9,198
641,Requiem for a Dream,Crime|Drama,Darren Aronofsky,Ellen Burstyn|Jared Leto|Jennifer Connelly|Marlon Wayans|Christopher McDonald,2000,7.9,2443
27686,State Fair,Music|Romance,Walter Lang,Jeanne Crain|Dana Andrews|Dick Haymes|Vivian Blaine|Charles Winninger,1945,6.2,19
65749,Tango,Drama|Foreign|Romance,Carlos Saura,Miguel Ángel Solá|Cecilia Narova|Mía Maestro|Juan Carlos Copes,1998,6.8,6
6106,Salvador,Drama,Oliver Stone,James Woods|Jim Belushi|Michael Murphy|John Savage|Tony Plana,1986,7.0,71
252680,Moms' Night Out,Comedy,Jon Erwin,Sarah Drew|Sean Astin|Patricia Heaton|Logan White|Robert Amaya ,2014,5.5,121
141,Donnie Darko,Fantasy|Drama|Mystery,Richard Kelly,Jake Gyllenhaal|Jena Malone|Patrick Swayze|Maggie Gyllenhaal|Drew Barrymore,2001,7.7,3452
66607,Saving Private Perez,Action|Comedy|Foreign,Beto Gómez,Joaquín Cosio|Gerardo Taracena|Jaime Camil|Miguel Rodarte|Jesús Ochoa,2011,6.1,18
17139,Character,Drama|Foreign|History,Mike van Diem,Jan Decleir|Fedja van Huêt|Betty Schuurman|Tamar van den Dop,1997,7.7,25
12079,Spun,Comedy|Crime|Drama,Jonas Åkerlund,Jason Schwartzman|Mickey Rourke|Brittany Murphy|John Leguizamo|Chloe Hunter,2002,6.6,132
39800,Life During Wartime,Comedy|Drama,Todd Solondz,Ally Sheedy|Paul Reubens|Shirley Henderson|Allison Janney|Michael Kenneth Williams,2009,6.3,30
4550,Sympathy for Lady Vengeance,Drama|Thriller,Park Chan-wook,Choi Min-sik|Lee Young-ae|Kwon Yea-young|Go Soo-hee|Kim Bu-seon,2005,7.4,356
62116,Mozart's Sister,Drama,René Féret,Marie Féret|Marc Barbé|Delphine Chuillot|David Moreau,2010,6.2,13
9991,Mean Machine,Comedy|Drama,Barry Skolnick,Vinnie Jones|David Kelly|David Hemmings|Ralph Brown|Vas Blackwood,2001,6.0,157
13807,Exiled,Action|Crime|Thriller,Johnnie To,Anthony Wong|Francis Ng|Simon Yam|Nick Cheung|Richie Ren,2006,7.0,46
68818,Blackthorn,Adventure|Action|Western,Mateo Gil,Sam Shepard|Magaly Solier|Eduardo Noriega|Stephen Rea|Daniel Aguirre,2011,6.6,73
12093,Lilya 4-ever,Crime|Drama,Lukas Moodysson,Oksana Akinshina|Artyom Bogucharsky|Lyubov Agapova|Liliya Shinkaryova|Elina Benenson,2002,7.7,139
36419,After.Life,Drama|Horror|Mystery|Thriller,Agnieszka Wojtowicz-Vosloo,Liam Neeson|Justin Long|Christina Ricci|Josh Charles|Chandler Canterbury,2010,5.4,251
281730,Fugly,Comedy|Drama|Thriller,Kabir Sadanand,Jimmy Shergill|Mohit Marwah|Kiara Advani|Vijendar Singh|Arfi Lamba,2014,5.3,2
510,One Flew Over the Cuckoo's Nest,Drama,Miloš Forman,Jack Nicholson|Louise Fletcher|Danny DeVito|William Redfield|Scatman Crothers,1975,8.2,2919
362105,R.L. Stine's Monsterville: The Cabinet of Souls,Comedy|Horror,Peter DeLuise,Dove Cameron|Katherine McNamara|Ryan McCartan|Laine MacNeil|Briana Buckmaster,2015,6.9,35
10970,Silent Movie,Comedy,Mel Brooks,Mel Brooks|Marty Feldman|Dom DeLuise|Sid Caesar|Harold Gould,1976,6.7,78
375290,Airlift,Thriller|Action|Drama|History,Raja Menon,Akshay Kumar|Nimrat Kaur|Feryna Wazheir|Lena|Purab Kohli,2016,7.3,57
17663,Anne of Green Gables,Drama|Family,Kevin Sullivan,Megan Follows|Colleen Dewhurst|Richard Farnsworth|Patricia Hamilton|Marilyn Lightstone,1985,8.2,68
270938,Falcon Rising,Adventure|Action,Ernie Barbarash,Michael Jai White|Neal McDonough|Lateef Crowder|Laila Ali|Hazuki Kato,2014,5.5,71
116613,The Sweeney,Action|Drama|Crime,Nick Love,Ray Winstone|Ben Drew|Hayley Atwell|Damian Lewis|Alan Ford,2012,5.7,109
11826,Sexy Beast,Crime|Drama|Thriller,Jonathan Glazer,Ray Winstone|Ben Kingsley|Ian McShane|Amanda Redman|James Fox,2000,7.0,217
29920,Easy Money,Drama|Thriller|Crime,Daniel Espinosa,Joel Kinnaman|Matias Varela|Dragomir Mrsic|Lisa Henni|Mahmut Suvakci,2010,6.5,63
1088,Whale Rider,Drama|Family,Niki Caro,Keisha Castle-Hughes|Rawiri Paratene|Vicky Haughton|Cliff Curtis|Grant Roa,2003,7.1,111
26379,Paa,Drama|Family|Foreign,Unknown Director,Amitabh Bachchan|Abhishek Bachchan|Vidya Balan|Paresh Rawal|Arundathi Nag,2009,6.6,19
34069,Cargo,Thriller|Mystery|Science Fiction,Ivan Engler,Martin Rapold|Anna-Katharina Schwabroh|Regula Grauwiller|Yangzom Brauen|Michael Finger,2009,5.9,140
10947,High School Musical,Comedy|Drama|Family|Music|TV Movie,Kenny Ortega,Zac Efron|Vanessa Hudgens|Ashley Tisdale|Lucas Grabeel|Corbin Bleu,2006,6.1,1000
47452,Love and Death on Long Island,Drama|Romance|Foreign,Richard Kwietniowski,John Hurt|Jason Priestley|Sheila Hancock|Maury Chaykin|Fiona Loewi,1997,6.9,11
3040,Night Watch,Fantasy|Action|Thriller,Timur Bekmambetov,Konstantin Khabenskiy|Vladimir Menshov|Galina Tyunina|Mariya Poroshina|Zhanna Friske,2004,6.3,210
11386,The Crying Game,Romance|Crime|Drama|Thriller,Neil Jordan,Stephen Rea|Jaye Davidson|Miranda Richardson|Forest Whitaker|Adrian Dunbar,1992,6.9,176
10246,Porky's,Comedy,Bob Clark,Dan Monahan|Mark Herrier|Wyatt Knight|Cyril O'Reilly|Kaki Hunter,1981,6.1,183
29426,Survival of the Dead,Horror|Science Fiction,George A. Romero,Alan van Sprang|Kenneth Welsh|Kathleen Munroe|Devon Bostick|Richard Fitzpatrick,2010,4.6,116
10331,Night of the Living Dead,Horror,George A. Romero,Duane Jones|Judith O'Dea|Karl Hardman|Marilyn Eastman|Keith Wayne,1968,7.5,580
153,Lost in Translation,Drama,Sofia Coppola,Bill Murray|Scarlett Johansson|Anna Faris|Giovanni Ribisi|Akiko Takeshita,2003,7.3,1895
703,Annie Hall,Comedy|Drama|Romance,Woody Allen,Woody Allen|Diane Keaton|Tony Roberts|Carol Kane|Paul Simon,1977,7.8,1010
27191,The Greatest Show on Earth,Action|Drama|Romance,Cecil B. DeMille,Betty Hutton|Cornel Wilde|Charlton Heston|Dorothy Lamour|Gloria Grahame,1952,6.6,50
1365,Monster's Ball,Drama|Romance,Marc Forster,Halle Berry|Billy Bob Thornton|Heath Ledger|Sean Combs|Coronji Calhoun,2001,6.5,250
287424,Maggie,Horror,Henry Hobson,Arnold Schwarzenegger|Abigail Breslin|Joely Richardson|Douglas M. Griffin|J.D. Evermore,2015,5.2,593
451,Leaving Las Vegas,Drama|Romance,Mike Figgis,Nicolas Cage|Elisabeth Shue|Julian Sands|Richard Lewis|Steven Weber,1995,7.1,360
165864,Hansel and Gretel Get Baked,Horror|Comedy,Duane Journey,Molly C. Quinn|Michael Welch|Lara Flynn Boyle|Cary Elwes|Lochlyn Munro,2013,4.8,67
987,The Front Page,Romance|Drama|Comedy,Billy Wilder,Jack Lemmon|Walter Matthau|Susan Sarandon|Vincent Gardenia|David Wayne,1974,6.9,68
241251,The Boy Next Door,Thriller,Rob Cohen,Jennifer Lopez|Ryan Guzman|Ian Nelson|John Corbett|Kristin Chenoweth,2015,4.1,1022
40494,Trapeze,Drama,Carol Reed,Burt Lancaster|Tony Curtis|Gina Lollobrigida|Katy Jurado|Thomas Gomez,1956,6.4,22
39781,The Kids Are All Right,Comedy|Drama,Lisa Cholodenko,Julianne Moore|Annette Bening|Mark Ruffalo|Mia Wasikowska|Josh Hutcherson,2010,6.5,506
8337,They Live,Action|Horror|Science Fiction|Thriller,John Carpenter,Roddy Piper|Keith David|Meg Foster|George Buck Flower|Peter Jason,1988,7.1,550
5925,The Great Escape,Adventure|Drama|History|Thriller|War,John Sturges,Steve McQueen|James Garner|Richard Attenborough|James Donald|Charles Bronson,1963,7.8,717
8357,What the #$*! Do We (K)now!?,Documentary,William Arntz,Marlee Matlin|Elaine Hendrix|Robert Blanche|John Ross Bowie|Robert Bailey Jr.,2004,5.8,34
146203,The Last Exorcism Part II,Horror|Thriller,Ed Gass-Donnelly,Ashley Bell|Julia Garner|Andrew Sensenig|Spencer Treat Clark|Judd Lormand,2013,4.4,203
85350,Boyhood,Drama,Richard Linklater,Ellar Coltrane|Patricia Arquette|Ethan Hawke|Elijah Smith|Lorelei Linklater,2014,7.5,1971
512,Scoop,Comedy|Mystery,Woody Allen,Scarlett Johansson|Hugh Jackman|Woody Allen|Ian McShane|Kevin McNally,2006,6.4,420
13408,The Wash,Action|Comedy,DJ Pooh,Dr. Dre|Snoop Dogg|DJ Pooh|Angell Conwell|Bruce Bruce,2001,5.3,26
47816,3 Strikes,Action|Comedy|Romance,DJ Pooh,Brian Hooks|N'Bushe Wright|Faizon Love|E-40|Starletta DuPois,2000,5.9,15
10744,The Cooler,Drama|Romance,Wayne Kramer,William H. Macy|Alec Baldwin|Maria Bello|Shawn Hatosy|Paul Sorvino,2003,6.7,89
11536,The Misfits,Drama|Action|Romance,John Huston,Clark Gable|Marilyn Monroe|Montgomery Clift|Thelma Ritter|Eli Wallach,1961,6.8,72
9782,The Night Listener,Drama|Thriller,Patrick Stettner,Toni Collette|Robin Williams|Joe Morton|Bobby Cannavale|Rory Culkin,2006,5.5,57
18713,The Jerky Boys,Comedy|Crime,James Melkonian,John G. Brennan|Kamal Ahmed|Alan Arkin|William Hickey|Vincent Pastore,1995,4.8,10
6537,The Orphanage,Horror|Drama|Thriller,Juan Antonio Bayona,Belén Rueda|Fernando Cayo|Roger Príncep|Mabel Rivera|Montserrat Carulla,2007,7.1,633
184345,A Haunted House 2,Comedy|Horror,Michael Tiddes,Marlon Wayans|Jaime Pressly|Essence Atkins|Gabriel Iglesias|Missi Pyle,2014,5.4,346
1809,The Rules of Attraction,Comedy|Drama|Romance,Roger Avary,James Van Der Beek|Shannyn Sossamon|Ian Somerhalder|Jessica Biel|Kate Bosworth,2002,6.3,168
2370,Topaz,Action|Drama|Mystery|Thriller,Alfred Hitchcock,Frederick Stafford|Dany Robin|Claude Jade|Michel Subor|Karin Dor,1969,6.1,77
9809,Let's Go to Prison,Comedy|Crime,Bob Odenkirk,Dax Shepard|Will Arnett|Chi McBride|David Koechner|Dylan Baker,2006,5.5,69
5,Four Rooms,Crime|Comedy,Allison Anders,Tim Roth|Antonio Banderas|Jennifer Beals|Madonna|Marisa Tomei,1995,6.5,530
11013,Secretary,Comedy|Drama|Romance,Steven Shainberg,James Spader|Maggie Gyllenhaal|Jeremy Davies|Lesley Ann Warren|Stephen McHattie,2002,6.7,376
19153,The Real Cancun,Documentary,Rick de Oliveira,Laura Ramsey,2003,3.3,8
10132,Talk Radio,Drama,Oliver Stone,Eric Bogosian|Ellen Greene|Leslie Hope|John C. McGinley|Alec Baldwin,1988,6.7,46
16448,Waiting for Guffman,Music|Comedy,Christopher Guest,Christopher Guest|Eugene Levy|Fred Willard|Catherine O'Hara|Michael Hitchcock,1996,7.3,63
15122,Love Stinks,Comedy|Romance,Jeff Franklin,French Stewart|Bridgette Wilson|Bill Bellamy|Tyra Banks|Tiffani Thiessen,1999,5.4,11
8141,You Kill Me,Comedy|Crime|Thriller|Romance,John Dahl,Ben Kingsley|Téa Leoni|Luke Wilson|Bill Pullman|Dennis Farina,2007,6.2,80
1546,Thumbsucker,Comedy|Drama,Mike Mills,Lou Taylor Pucci|Tilda Swinton|Vincent D'Onofrio|Keanu Reeves|Benjamin Bratt,2005,6.1,67
48572,Red State,Horror|Action|Thriller,Kevin Smith,Michael Parks|John Goodman|Melissa Leo|Michael Angarano|Kyle Gallner,2011,5.9,316
14517,Mirrormask,Fantasy,Dave McKean,Stephanie Leonidas|Jason Barry|Rob Brydon|Gina McKee|Dora Bryan,2005,6.6,102
89708,Samsara,Drama|Documentary,Ron Fricke,Marcos Luna|Putu Dinda Pratika|Puti Sri Candra Dewi|Ni Made Megahadi Pratiwi,2011,8.0,167
27551,The Barbarians,Fantasy|Adventure,Ruggero Deodato,Peter Paul|David Paul|Richard Lynch|Eva LaRue|Virginia Bryant,1987,5.1,8
64678,The Art of Getting By,Drama|Romance,Gavin Wiesen,Freddie Highmore|Emma Roberts|Michael Angarano|Elizabeth Reaser|Alicia Silverstone,2011,6.5,415
309503,Zipper,Thriller|Drama,Mora Stephens,Patrick Wilson|Lena Headey|Richard Dreyfuss|Ray Winstone|John Cho,2015,5.5,58
14293,Poolhall Junkies,Comedy|Drama|Thriller,Mars Callahan,Ricky Schroder|Chazz Palminteri|Rod Steiger|Michael Rosenbaum|Mars Callahan,2002,6.5,25
15059,The Loss of Sexual Innocence,Drama,Mike Figgis,Julian Sands|Saffron Burrows|Justin Chadwick|Stefano Dionisi|Kelly Macdonald,1999,5.2,9
103328,Holy Motors,Drama|Fantasy,Leos Carax,Eva Mendes|Kylie Minogue|Michel Piccoli|Edith Scob|Denis Lavant,2012,6.9,228
157847,Joe,Drama,David Gordon Green,Nicolas Cage|Tye Sheridan|Ronnie Gene Blevins|Sue Rock|Heather Kafka,2014,6.5,338
25719,Shooting Fish,Crime|Comedy|Romance,Stefan Schwartz,Dan Futterman|Stuart Townsend|Kate Beckinsale|Rowena Cooper|Scott Charles,1997,7.0,23
48309,Prison,Crime|Drama|Horror|Thriller,Renny Harlin,Viggo Mortensen|Chelsea Field|Lane Smith|Lincoln Kilpatrick|Tom Everett,1988,6.7,27
27723,Psycho Beach Party,Comedy,Robert Lee King,Lauren Ambrose|Nicholas Brendon|Amy Adams|Charles Busch|Thomas Gibson,2000,6.0,26
20468,The Big Tease,Comedy|Foreign,Kevin Allen,Craig Ferguson|David Rasche|Mary McCormack|Donal Logue|Nina Siemaszko,1999,5.8,6
242575,"Guten Tag, Ramón",Drama,Jorge Ramírez Suárez,Adriana Barraza|Rüdiger Evers|Hector Kotsifakis|Franziska Kruse|Arcelia Ramírez,2013,8.1,18
44945,Trust,Crime|Drama|Thriller,David Schwimmer,Clive Owen|Catherine Keener|Liana Liberato|Jason Clarke|Viola Davis,2010,6.6,307
29122,An Everlasting Piece,Comedy|Crime,Barry Levinson,Barry McEvoy|Brían F. O'Byrne|Anna Friel|Pauline McLynn|Ruth McCabe,2000,6.0,1
125123,Among Giants,Comedy|Romance,Sam Miller,Pete Postlethwaite|Rachel Griffiths|Andy Serkis|Lennie James|James Thornton,1998,4.5,2
111190,Adore,Drama,Anne Fontaine,Naomi Watts|Robin Wright|Xavier Samuel|James Frecheville|Ben Mendelsohn,2013,6.1,291
133575,The Velocity of Gary,Drama|Romance,Dan Ireland,Vincent D'Onofrio|Salma Hayek|Thomas Jane|Olivia d'Abo,1999,4.2,5
54580,Mondays in the Sun,Drama,Fernando León de Aranoa,Javier Bardem|Luis Tosar|Nieve de Medina|Enrique Villén|Celso Bugallo,2002,7.1,36
52015,Stake Land,Drama|Horror|Action|Thriller|Science Fiction,Jim Mickle,Danielle Harris|Kelly McGillis|Nick Damici|Connor Paolo|Gregory Jones,2010,6.2,285
34941,The Last Time I Committed Suicide,Drama,Stephen T. Kay,Thomas Jane|Keanu Reeves|Claire Forlani|Gretchen Mol|Adrien Brody,1997,6.7,7
227975,Futuro Beach,Drama,Karim Aïnouz,Wagner Moura|Clemens Schick|Jesuíta Barbosa|Sabine Timoteo|Sophie Charlotte Conrad,2014,6.4,31
60422,Another Happy Day,Comedy|Drama,Sam Levinson,Ellen Barkin|Ezra Miller|Kate Bosworth|Demi Moore|George Kennedy,2011,6.2,37
81390,A Lonely Place to Die,Adventure|Action|Thriller|Crime,Julian Gilbey,Melissa George|Ed Speleers|Eamonn Walker|Alec Newman|Karel Roden,2011,6.2,157
10981,Nothing,Comedy|Fantasy|Science Fiction,Vincenzo Natali,David Hewlett|Andrew Miller|Gordon Pinsent|Marie-Josée Croze,2003,5.8,38
225235,The Geographer Drank His Globe Away,Drama,Aleksandr Veledinskiy,Konstantin Khabenskiy|Elena Lyadova|Aleksandr Robak|Evgeniya Khirivskaya|Agrippina Steklova,2013,7.3,23
14902,1776,Drama|Comedy|History|Music,Peter H. Hunt,William Daniels|Howard Da Silva|Ken Howard|Blythe Danner|Donald Madden,1972,7.1,20
121676,Inescapable,Thriller|Romance,Ruba Nadda,Alexander Siddig|Joshua Jackson|Marisa Tomei|Oded Fehr|Saad Siddiqui,2012,5.2,13
22301,Hell's Angels,Action|Drama|History,James Whale,Ben Lyon|James Hall|Jean Harlow|John Darrow|Lucien Prival,1930,6.1,19
20065,Purple Violets,Comedy|Drama|Romance,Edward Burns,Selma Blair|Patrick Wilson|Edward Burns|Debra Messing|Dennis Farina,2007,5.7,9
257087,The Veil,Horror,Phil Joanou,Jessica Alba|Thomas Jane|Lily Rabe|Shannon Woodward|Aleksa Palladino,2016,4.5,118
46420,The Loved Ones,Horror,Sean Byrne,Xavier Samuel|Jessica McNamee|Robin McLeavy|Victoria Thaine|John Brumpton,2009,6.6,207
114635,The Helpers,Horror,Chris Stokes,Kristen Quintrall|Denyce Lawton|JoJo Wright|Rachel Sterling|Black Thomas,2012,4.1,8
158150,How to Fall in Love,Comedy|Romance|TV Movie,Mark Griffiths,Brooke D'Orsay|Eric Mabius|Jody Thompson|Gina Holden|Panou,2012,5.2,20
251979,The Perfect Wave,Romance|Adventure|Drama,Bruce MacDonald,Scott Eastwood|Cheryl Ladd|Patrick Lyster|Rachel Hendrix |Scott Mortensen,2014,4.4,21
874,A Man for All Seasons,Drama|History,Fred Zinnemann,Paul Scofield|Wendy Hiller|Leo McKern|Robert Shaw|Orson Welles,1966,7.5,89
10774,Network,Drama,Sidney Lumet,Faye Dunaway|William Holden|Peter Finch|Robert Duvall|Wesley Addy,1976,7.7,381
770,Gone with the Wind,Drama|Romance|War,Victor Fleming,Vivien Leigh|Clark Gable|Olivia de Havilland|Thomas Mitchell|Leslie Howard,1939,7.7,970
266102,Desert Dancer,Drama,Richard Raymond,Freida Pinto|Reece Ritchie|Tom Cullen|Nazanin Boniadi|Marama Corlett,2014,6.5,18
29715,Major Dundee,War|Western,Sam Peckinpah,Charlton Heston|Richard Harris|Jim Hutton|James Coburn|Michael Anderson Jr.,1965,6.2,38
25209,Annie Get Your Gun,Action|Comedy|Music|Romance|Western,George Sidney,Betty Hutton|Howard Keel|Louis Calhern|J. Carrol Naish|Edward Arnold,1950,7.3,22
37495,Four Lions,Comedy|Crime|Drama,Chris Morris,Riz Ahmed|Nigel Lindsay|Kayvan Novak|Adeel Akhtar|Arsher Ali,2010,7.0,423
29262,The House of Sand,Drama,Andrucha Waddington,Fernanda Montenegro|Ruy Guerra|Fernanda Torres|Seu Jorge|Stênio Garcia,2005,6.7,9
34769,Defendor,Drama|Action|Comedy|Crime,Peter Stebbings,Woody Harrelson|Kat Dennings|Elias Koteas|Sandra Oh|Clark Johnson,2009,6.5,195
35032,The Pirate,Music|Romance,Vincente Minnelli,Judy Garland|Gene Kelly|Walter Slezak|Gladys Cooper|Reginald Owen,1948,6.6,17
5178,The Good Heart,Drama|Comedy|Romance,Dagur Kári,Brian Cox|Paul Dano|Stephanie Szostak|Isild Le Besco|Bill Buell,2009,6.0,21
8618,The History Boys,Comedy|Drama,Nicholas Hytner,Samuel Anderson|Dominic Cooper|James Corden|Samuel Barnett|Russell Tovey,2006,6.6,66
3116,Midnight Cowboy,Drama,John Schlesinger,Dustin Hoffman|Jon Voight|Sylvia Miles|John McGiver|Brenda Vaccaro,1969,7.4,299
9427,The Full Monty,Comedy,Peter Cattaneo,Robert Carlyle|Mark Addy|William Snape|Steve Huison|Tom Wilkinson,1997,6.8,363
813,Airplane!,Comedy,Jerry Zucker,Robert Hays|Julie Hagerty|Kareem Abdul-Jabbar|Lloyd Bridges|Peter Graves,1980,7.1,1074
352978,Chain of Command,Thriller|Adventure|Action,Kevin Carraway,Michael Jai White|Steve Austin|Max Ryan|Allen Yates,2015,5.3,11
10634,Friday,Comedy,F. Gary Gray,Ice Cube|Chris Tucker|Nia Long|Tom Lister Jr.|John Witherspoon,1995,7.0,503
9516,Menace II Society,Drama|Action|Crime,Albert Hughes,Tyrin Turner|Larenz Tate|Glenn Plummer|Jada Pinkett Smith|Samuel L. Jackson,1993,7.2,173
16288,Creepshow 2,Horror,Michael Gornick,George Kennedy|Dorothy Lamour|Lois Chiles|Tom Savini|Tom Wright,1987,5.9,129
23330,The Ballad of Cable Hogue,Action|Comedy|Western,Sam Peckinpah,Jason Robards|Stella Stevens|David Warner|Slim Pickens|L.Q. Jones,1970,6.9,47
18900,In Cold Blood,Crime|Drama,Richard Brooks,Robert Blake|Scott Wilson|John Forsythe|Paul Stewart|Gerald S. O'Loughlin,1967,7.4,82
27029,The Nun's Story,Drama,Fred Zinnemann,Audrey Hepburn|Peter Finch|Peggy Ashcroft|Dean Jagger|Mildred Dunnock,1959,7.4,46
26268,Harper,Action|Drama|Thriller|Crime|Mystery,Jack Smight,Paul Newman|Lauren Bacall|Julie Harris|Arthur Hill|Janet Leigh,1966,6.2,35
573,Frenzy,Crime|Drama|Mystery|Thriller,Alfred Hitchcock,Jon Finch|Alec McCowen|Barry Foster|Billie Whitelaw|Anna Massey,1972,7.1,158
310131,The Witch,Mystery|Horror,Robert Eggers,Anya Taylor-Joy|Ralph Ineson|Kate Dickie|Harvey Scrimshaw|Ellie Grainger,2016,6.3,1434
40505,I Got the Hook Up,Action|Comedy,Michael Martin,Master P|Anthony Johnson|Ice Cube|Tom Lister Jr.,1998,5.4,8
11363,She's the One,Comedy|Romance,Edward Burns,Edward Burns|Michael McGlone|Cameron Diaz|Jennifer Aniston|John Mahoney,1996,5.7,70
3033,Gods and Monsters,Drama,Bill Condon,Ian McKellen|Brendan Fraser|Lynn Redgrave|Lolita Davidovich|David Dukes,1998,6.8,81
25376,The Secret in Their Eyes,Crime|Drama|Mystery|Romance,Juan José Campanella,Ricardo Darín|Soledad Villamil|Pablo Rago|Javier Godino|Guillermo Francella,2009,7.8,626
22007,Train,Horror|Thriller,Gideon Raff,Thora Birch|Gideon Emery|Gloria Votsis|Derek Magyar|Todd Jensen,2008,4.8,36
765,Evil Dead II,Horror|Comedy|Fantasy,Sam Raimi,Bruce Campbell|Sarah Berry|Dan Hicks|Kassie DePaiva|Denise Bixler,1987,7.6,742
10615,Pootie Tang,Action|Comedy,Louis C.K.,Jennifer Coolidge|Lance Crouther|J.B. Smoove|Reg E. Cathey|Robert Vaughn,2001,5.4,43
205321,Sharknado,TV Movie|Horror,Anthony C. Ferrante,Ian Ziering|Tara Reid|Cassandra Scerbo|John Heard|Jaason Simmons,2013,3.8,476
89540,The Other Conquest,Drama|Foreign,Salvador Carrasco,Damián Delgado|José Carlos Rodríguez|Elpidia Carrillo|Iñaki Aierra|Honorato Magaloni,1999,5.4,4
46146,Troll Hunter,Fantasy|Horror,André Øvredal,Otto Jespersen|Hans Morten Hansen|Tomas Alf Larsen|Johanna Mørck|Knut Nærum,2010,6.7,583
38007,Ira & Abby,Comedy|Romance,Robert Cary,Chris Messina|Jennifer Westfeldt|David Margulies|Kali Rocha|Kevin Sussman,2006,5.8,9
14256,Winter Passing,Comedy|Drama,Adam Rapp,Zooey Deschanel|Will Ferrell|Ed Harris|Amy Madigan|Amelia Warner,2006,6.7,28
540,D.E.B.S.,Action,Angela Robinson,Sara Foster|Meagan Good|Jordana Brewster|Devon Aoki|Jill Ritchie,2004,5.6,90
370464,The Masked Saint,Crime|Action,Warren P. Sonoda,Brett Granstaff|Lara Jean Chorostecki|T.J. McGibbon|Diahann Carroll|Roddy Piper,2016,2.9,7
20055,The Betrayed,Crime|Drama|Mystery|Thriller,Amanda Gusack,Melissa George|Oded Fehr|Christian Campbell|Alice Krige|Connor Christopher Levins,2008,5.2,10
224569,Taxman,Action|Crime|Comedy|Thriller,Avi Nesher,Joe Pantoliano|Wade Dominguez|Elizabeth Berkley|Michael Chiklis|Robert Townsend,1999,2.0,1
395766,The Secret,Drama,Nick Murphy ,James Nesbitt|Genevieve O'Reilly|Jason Watkins|Laura Pyper|Glen Wallace,2016,0.0,0
39303,2:13,Horror|Thriller|Mystery,Charles Adelman,Mark Thompson|Mark Pellegrino|Teri Polo|Kevin Pollak,2009,4.6,10
142061,"Batman: The Dark Knight Returns, Part 2",Action|Animation,Jay Oliva,Peter Weller|Ariel Winter|David Selby|Michael Emerson|Mark Valley,2013,7.9,419
370662,Time to Choose,Documentary,Charles Ferguson,Oscar Isaac|Jane Goodall|Jerry Brown|Neal Barnard|Michael Pollan,2015,0.0,0
252360,In the Name of the King III,Action|Adventure|Drama|Fantasy,Uwe Boll,Dominic Purcell|Ralitsa Paskaleva|Bashar Rahal|Nikolai Sotirov|Marian Valev,2013,3.3,19
256740,Wicked Blood,Action|Drama|Thriller,Mark Young,Abigail Breslin|James Purefoy|Sean Bean|Alexa PenaVega|Jake Busey,2014,5.3,37
299145,Stranded,Drama,"Daniel Petrie, Jr.",Scott Eastwood|Rita Wilson|Jeff Fahey|David James Elliott|Kim Matula,2015,5.0,11
241766,Lords of London,Crime|Mystery|Thriller,Antonio Simoncini,Glen Murphy|Ray Winstone|Giovanni Capalbo|Serena Iansiti|Christopher Hatherhall,2014,3.6,6
12535,High Anxiety,Comedy|Music,Mel Brooks,Mel Brooks|Madeline Kahn|Cloris Leachman|Harvey Korman|Ron Carey,1977,6.5,84
1667,March of the Penguins,Documentary|Family,Luc Jacquet,Morgan Freeman|Charles Berling|Romane Bohringer|Jules Sitruk,2005,6.9,358
50839,Margin Call,Thriller|Drama,J.C. Chandor,Kevin Spacey|Paul Bettany|Jeremy Irons|Zachary Quinto|Ashley Williams,2011,6.7,524
86549,August,Drama,Eldar Rapaport,Murray Bartlett|Daniel Dugan|Adrian Gonzalez,2011,6.2,15
13973,Choke,Comedy|Drama,Clark Gregg,Sam Rockwell|Anjelica Huston|Kelly Macdonald|Brad William Henke|Clark Gregg,2008,6.0,127
244786,Whiplash,Drama,Damien Chazelle,Miles Teller|J.K. Simmons|Melissa Benoist|Austin Stowell|Jayson Blair,2014,8.3,4254
598,City of God,Drama|Crime,Fernando Meirelles,Alexandre Rodrigues|Leandro Firmino|Phellipe Haagensen|Douglas Silva|Jonathan Haagensen,2002,8.1,1814
11129,Human Traffic,Comedy|Drama,Justin Kerrigan,John Simm|Danny Dyer|Lorraine Pilkington|Shaun Parkes|Nicola Reynolds,1999,6.8,97
75861,To Write Love on Her Arms,Drama|Music,Nathan Frankowski,Kat Dennings|Chad Michael Murray|Rupert Friend|Corbin Bleu|Mark Saul,2015,6.8,47
13551,The Dead Girl,Mystery|Drama|Crime|Thriller,Karen Moncrieff,Brittany Murphy|Toni Collette|Rose Byrne|Josh Brolin|James Franco,2006,6.4,66
103663,The Hunt,Drama,Thomas Vinterberg,Mads Mikkelsen|Alexandra Rapaport|Thomas Bo Larsen|Anne Louise Hassing|Lars Ranthe,2012,7.9,927
850,A Christmas Story,Comedy|Family,Bob Clark,Melinda Dillon|Darren McGavin|Peter Billingsley|Jean Shepherd|Ian Petrella,1983,7.4,344
12586,Bella,Drama|Romance,Alejandro Monteverde,Tammy Blanchard|Angélica Aragón|Ali Landry|Jaime Tirelli|Manny Pérez,2006,6.7,37
11564,Class of 1984,Action|Drama|Horror|Crime|Thriller,Mark L. Lester,Perry King|Merrie Lynn Ross|Tim Van Patten|Michael J. Fox|Roddy McDowall,1982,6.2,66
301748,The Opposite Sex,Comedy,Jonathan Silverman,Mena Suvari|Eric Roberts|Kristin Chenoweth|Dana Ashbrook|Kenan Thompson,2014,4.1,9
108346,Dreaming of Joseph Lees,Romance|Drama,Eric Styles,Rupert Graves|Samantha Morton|Nicholas Woodeson|Lee Ross|Felix Billson,1999,8.0,1
8841,The Class,Drama,Laurent Cantet,François Bégaudeau|Franck Keïta|Esmeralda Ouertani|Rachel Regulier|Wei Huang,2008,6.8,174
805,Rosemary's Baby,Horror|Drama|Mystery,Roman Polanski,Mia Farrow|John Cassavetes|Ruth Gordon|Sidney Blackmer|Maurice Evans,1968,7.5,863
11697,The Man Who Shot Liberty Valance,Western,John Ford,John Wayne|James Stewart|Vera Miles|Lee Marvin|Edmond O'Brien,1962,7.4,265
22051,Adam,Drama|Romance,Max Mayer,Hugh Dancy|Rose Byrne|Peter Gallagher|Amy Irving|Frankie Faison,2009,6.9,150
436,Maria Full of Grace,Drama|Thriller|Crime,Joshua Marston,Catalina Sandino Moreno|Guilied Lopez|Yenny Paola Vega|John Álex Toro|Virgina Ariza,2004,6.9,101
55347,Beginners,Drama|Romance|Comedy,Mike Mills,Ewan McGregor|Christopher Plummer|Mélanie Laurent|Goran Visnjic|Kai Lennox,2010,6.8,347
10070,Feast,Action|Comedy|Horror,John Gulager,Balthazar Getty|Henry Rollins|Navi Rawat|Judah Friedlander|Jason Mewes,2005,6.1,160
8469,Animal House,Comedy,John Landis,John Belushi|Tim Matheson|John Vernon|Verna Bloom|Tom Hulce,1978,7.0,418
658,Goldfinger,Adventure|Action|Thriller,Guy Hamilton,Sean Connery|Honor Blackman|Gert Fröbe|Shirley Eaton|Tania Mallet,1964,7.2,987
125490,Antiviral,Science Fiction|Horror,Brandon Cronenberg,Caleb Landry Jones|Sarah Gadon|Malcolm McDowell|Joe Pingue|Sheila McCarthy,2012,5.7,112
1585,It's a Wonderful Life,Drama|Family|Fantasy,Frank Capra,James Stewart|Donna Reed|Lionel Barrymore|Thomas Mitchell|Henry Travers,1946,8.0,1076
627,Trainspotting,Drama|Crime,Danny Boyle,Ewan McGregor|Ewen Bremner|Jonny Lee Miller|Robert Carlyle|Kelly Macdonald,1996,7.8,2655
23618,The Original Kings of Comedy,Comedy,Spike Lee,Steve Harvey|D. L. Hughley|Cedric the Entertainer|Bernie Mac,2000,6.3,15
41436,Paranormal Activity 2,Horror|Thriller,Tod Williams,Katie Featherston|David Bierend|Brian Boland|Molly Ephraim|Seth Ginsberg,2010,5.7,722
10162,Waking Ned,Comedy|Romance,Kirk Jones,Ian Bannen|David Kelly|Fionnula Flanagan|Susan Lynch|Brendan Dempsey,1998,7.4,54
1430,Bowling for Columbine,Documentary,Michael Moore,Michael Moore|George H. W. Bush|George W. Bush|Dick Clark|Charlton Heston,2002,7.3,453
259943,Coming Home,Drama,Zhang Yimou,Gong Li|Chen Dao-Ming|Guo Tao|Zhang Jia-Yi|Yan Ni,2014,6.9,49
10014,A Nightmare on Elm Street Part 2: Freddy's Revenge,Horror,Jack Sholder,Robert Englund|Mark Patton|Kim Myers|Robert Rusler|Clu Gulager,1985,5.7,361
11257,A Room with a View,Drama|Romance,James Ivory,Maggie Smith|Helena Bonham Carter|Denholm Elliott|Julian Sands|Simon Callow,1985,6.9,156
158015,The Purge,Science Fiction|Horror|Thriller,James DeMonaco,Lena Headey|Ethan Hawke|Max Burkholder|Adelaide Kane|Rhys Wakefield,2013,6.0,2428
82507,Sinister,Horror|Thriller|Mystery,Scott Derrickson,Ethan Hawke|Juliet Rylance|Vincent D'Onofrio|James Ransone|Fred Dalton Thompson,2012,6.7,1573
20337,Martin Lawrence Live: Runteldat,Comedy,Martin Lawrence,Martin Lawrence,2002,5.0,1
261,Cat on a Hot Tin Roof,Drama|Romance,Richard Brooks,Elizabeth Taylor|Paul Newman|Burl Ives|Judith Anderson|Jack Carson,1958,7.6,165
1685,Beneath the Planet of the Apes,Adventure|Science Fiction|Mystery,Ted Post,James Franciscus|Kim Hunter|Maurice Evans|Linda Harrison|Charlton Heston,1970,6.2,361
20737,Air Bud,Comedy|Family|Drama,Charles Martin Smith,Kevin Zegers|Wendy Makkena|Michael Jeter|Bill Cobbs|Brendan Fletcher,1997,5.3,106
10991,Pokémon: Spell of the Unknown,Adventure|Fantasy|Animation|Action|Family,Michael Haigney,Veronica Taylor|Rachael Lillis|Eric Stuart,2000,5.9,137
10225,Friday the 13th Part VI: Jason Lives,Horror|Mystery|Thriller,Tom McLoughlin,Thom Mathews|Jennifer Cooke|David Kagen|Renée Jones|Tom Fridley,1986,5.7,216
826,The Bridge on the River Kwai,Drama|History|War,David Lean,William Holden|Alec Guinness|Jack Hawkins|Sessue Hayakawa|James Donald,1957,7.7,542
34086,Spaced Invaders,Comedy|Family|Science Fiction,Patrick Read Johnson,Ariana Richards|Douglas Barr|Royal Dano|William Holmes,1990,4.7,25
5854,Family Plot,Comedy|Crime|Thriller,Alfred Hitchcock,Barbara Harris|Bruce Dern|Karen Black|William Devane|Ed Lauter,1976,6.7,86
284,The Apartment,Comedy|Drama|Romance,Billy Wilder,Jack Lemmon|Shirley MacLaine|Fred MacMurray|Ray Walston|Jack Kruschen,1960,8.1,483
10285,Jason Goes to Hell: The Final Friday,Fantasy|Horror|Thriller,Adam Marcus,Kane Hodder|John D. LeMay|Kari Keegan|Steven Williams|Steven Culp,1993,4.2,193
5780,Torn Curtain,Mystery|Thriller,Alfred Hitchcock,Paul Newman|Julie Andrews|Lila Kedrova|Hansjörg Felmy|Tamara Toumanova,1966,6.4,120
292,Dave Chappelle's Block Party,Comedy|Documentary|Music,Michel Gondry,Dave Chappelle|Erykah Badu|Common|Yasiin Bey|Bilal,2005,6.4,28
223485,Slow West,Romance|Thriller|Western,John Maclean,Michael Fassbender|Kodi Smit-McPhee|Ben Mendelsohn|Caren Pistorius|Rory McCann,2015,6.6,367
29463,Krush Groove,Drama|Music|Romance,Michael Schultz,Blair Underwood|Joseph Simmons|Darryl McDaniels|Sheila E.|Kurtis Blow,1985,7.0,11
18065,Next Day Air,Action|Comedy|Crime,Benny Boom,Donald Faison|Mike Epps|Wood Harris|Omari Hardwick|Yasiin Bey,2009,5.3,36
22013,Elmer Gantry,Drama,Richard Brooks,Burt Lancaster|Jean Simmons|Arthur Kennedy|Dean Jagger|Shirley Jones,1960,7.3,41
821,Judgment at Nuremberg,Drama|History,Stanley Kramer,Spencer Tracy|Burt Lancaster|Richard Widmark|Marlene Dietrich|Maximilian Schell,1961,7.6,155
53862,Trippin',Comedy|Romance,David Raynr,Deon Richmond|Donald Faison|Guy Torry|Maia Campbell|Aloma Wright,1999,4.5,4
3089,Red River,Western,Howard Hawks,John Wayne|Montgomery Clift|Joanne Dru|Walter Brennan|Coleen Gray,1948,7.3,82
30139,Phat Girlz,Comedy|Romance,Nnegest Likké,Mo'Nique|Jimmy Jean-Louis|Godfrey|Joyful Drake|Brendan Walsh,2006,3.7,10
132344,Before Midnight,Romance|Drama,Richard Linklater,Ethan Hawke|Julie Delpy|Seamus Davey-Fitzpatrick|Jennifer Prior|Charlotte Prior,2013,7.4,568
15582,Teen Wolf Too,Comedy|Fantasy|Family,Christopher Leitch,Jason Bateman|Kim Darby|John Astin|Mark Holton|Estee Chandler,1987,3.8,46
15158,Phantasm II,Action|Horror|Science Fiction|Thriller,Don Coscarelli,James Le Gros|Reggie Bannister|Angus Scrimm|Paula Irvine|Samantha Phillips,1988,6.3,94
44634,Woman Thou Art Loosed,Drama,Michael Schultz,Kimberly Elise|Loretta Devine|Debbi Morgan|Michael Boatman|Louisa Abernathy,2004,5.0,3
30309,Real Women Have Curves,Comedy|Drama,Patricia Cardoso,America Ferrera|Lupe Ontiveros|Ingrid Oliu|George Lopez|Brian Sites,2002,5.8,19
7509,Water,Drama|Foreign|Romance,Deepa Mehta,Lisa Ray|Sarala|John Abraham|Seema Biswas|Waheeda Rehman,2005,6.8,34
10557,East Is East,Comedy,Damien O'Donnell,Om Puri|Linda Bassett|Ian Aspinall|Jimi Mistry|Archie Panjabi,1999,6.5,59
23531,Whipped,Comedy|Romance,Peter M. Cohen,Amanda Peet|Brian Van Holt|Jonathan Abrahams|Zorie Barber|Judah Domke,2000,3.1,11
28005,Kama Sutra - A Tale of Love,Drama|History|Romance,Mira Nair,Indira Varma|Sarita Choudhury|Ramon Tikaram|Naveen Andrews,1996,5.7,35
40247,Please Give,Comedy|Drama,Nicole Holofcener,Rebecca Hall|Catherine Keener|Amanda Peet|Oliver Platt|Sarah Steele,2010,6.0,57
252,Willy Wonka & the Chocolate Factory,Family|Fantasy,Mel Stuart,Gene Wilder|Jack Albertson|Peter Ostrum|Roy Kinnear|Denise Nickerson,1971,7.4,798
24126,Warlock: The Armageddon,Fantasy|Horror|Science Fiction,Anthony Hickox,Julian Sands|Chris Young|Paula Marshall|Joanna Pacula|Steve Kahan,1993,5.2,38
13982,8 Heads in a Duffel Bag,Comedy|Crime,Tom Schulman,Joe Pesci|Kristy Swanson|George Hamilton|Dyan Cannon|Andy Comeau,1997,5.4,39
16642,Days of Heaven,Drama|Romance,Terrence Malick,Richard Gere|Brooke Adams|Linda Manz|Sam Shepard|Robert J. Wilke,1978,7.6,234
17734,Thirteen Conversations About One Thing,Drama,Jill Sprecher,John Turturro|Clea DuVall|Matthew McConaughey|Amy Irving|Alan Arkin,2001,6.4,25
18892,Jawbreaker,Comedy,Darren Stein,Rose McGowan|Julie Benz|Rebecca Gayheart|Carol Kane|Pam Grier,1999,5.9,90
549,Basquiat,Drama|History,Julian Schnabel,Jeffrey Wright|David Bowie|Dennis Hopper|Gary Oldman|Benicio del Toro,1996,6.6,94
121986,Frances Ha,Comedy|Drama,Noah Baumbach,Greta Gerwig|Mickey Sumner|Adam Driver|Michael Zegen|Michael Esper,2013,7.2,345
868,Tsotsi,Crime|Drama,Gavin Hood,Presley Chweneyagae|Jerry Mofokeng|Terry Pheto|Kenneth Nkosi|Zenzo Ngqobe,2005,6.9,94
10683,Happiness,Comedy|Drama,Todd Solondz,Jane Adams|Jon Lovitz|Philip Seymour Hoffman|Dylan Baker|Evan Silverberg,1998,7.4,194
17995,DysFunktional Family,Comedy|Documentary,George Gallo,Eddie Griffin|Joe Howard|Matthew Brent|Robert Noble,2003,6.1,4
246403,Tusk,Comedy|Horror,Kevin Smith,Michael Parks|Justin Long|Haley Joel Osment|Génesis Rodríguez|Ralph Garman,2014,5.1,366
670,Oldboy,Drama|Thriller|Mystery|Action,Park Chan-wook,Choi Min-sik|Yoo Ji-tae|Kang Hye-jung|Kim Byeong-ok|Oh Dal-su,2003,8.0,1945
35691,Letters to God,Action|Drama|Family|Thriller,David Nixon,Robyn Lively|Jeffrey Johnson|Bailee Madison|Maree Cheatham|Tanner Maguire,2010,6.5,37
49010,Hobo with a Shotgun,Action|Comedy|Thriller,Jason Eisener,Rutger Hauer|Gregory Smith|Robb Wells|Brian Downey|Molly Dunsworth,2011,5.7,211
317930,Compadres,Action|Comedy,Enrique Begné,Omar Chaparro|Joey Morgan|Aislinn Derbez|Eric Roberts|Camila Sodi,2016,5.2,17
11229,Freeway,Comedy|Drama|Thriller,Matthew Bright,Kiefer Sutherland|Reese Witherspoon|Wolfgang Bodison|Dan Hedaya|Amanda Plummer,1996,6.5,95
22488,Love's Abiding Joy,TV Movie|Action|Drama|Family,Michael Landon Jr.,Erin Cottrell|Logan Bartholomew|William Morgan Sheppard|James Tupper|Irene Bedard,2006,5.8,12
24469,Fish Tank,Drama,Andrea Arnold,Katie Jarvis|Michael Fassbender|Kierston Wareing|Rebecca Griffiths|Harry Treadaway,2009,6.9,250
82533,Damsels in Distress,Comedy|Romance,Whit Stillman,Greta Gerwig|Carrie MacLemore|Megalyn Echikunwoke|Analeigh Tipton|Ryan Metcalf,2012,5.6,67
50942,Creature,Horror|Science Fiction|Thriller,Stuart Gillard,Craig T. Nelson|Kim Cattrall|Colm Feore|Cress Williams|Michael Reilly Burke,1998,4.0,21
84174,Bachelorette,Comedy|Romance,Leslye Headland,Kirsten Dunst|Isla Fisher|Lizzy Caplan|Rebel Wilson|Adam Scott,2012,5.3,444
34099,Brave New Girl,Drama|Music|Family,Bobby Roth,Virginia Madsen|Lindsey Haun|Barbara Mamabolo|John Ralston|Nick Roth,2004,3.7,3
79940,Tim and Eric's Billion Dollar Movie,Comedy,Tim Heidecker,Eric Wareheim|Tim Heidecker|John C. Reilly|Zach Galifianakis|Will Ferrell,2012,5.2,34
342,Summer Storm,Comedy|Drama,Marco Kreuzpaintner,Robert Stadlober|Kostja Ullmann|Alicja Bachleda-Curuś|Jürgen Tonkel|Tristano Casanova,2004,6.7,59
281230,Fort McCoy,War|Drama|History,Michael Worth,Eric Stoltz|Kate Connor|Lyndsy Fonseca|Andy Hirsch|Camryn Manheim,2014,6.3,2
38033,Chain Letter,Horror|Thriller,Deon Taylor,Nikki Reed|Keith David|Brad Dourif|Betsy Russell|Cherilyn Wilson,2010,3.9,37
100975,Just Looking,Drama|Comedy,Jason Alexander,Gretchen Mol|Patti LuPone|Peter Onorati|Ryan Merriman|Richard V. Licata,1999,5.8,5
38541,The Divide,Science Fiction,Xavier Gens,Lauren German|Michael Biehn|Milo Ventimiglia|Courtney B. Vance|Ashton Holmes,2011,5.7,197
39563,The Eclipse,Drama|Horror|Romance,Conor McPherson,Ciarán Hinds|Aidan Quinn|Iben Hjejle|Jim Norton|Valerie Spelman,2009,6.1,15
234212,Demonic,Thriller|Horror,Will Canon,Maria Bello|Frank Grillo|Cody Horn|Dustin Milligan|Megan Park,2015,4.9,148
27404,My Big Fat Independent Movie,Comedy,Philip Zlotorynski,Paget Brewster|Neil Barton|Eric Hoffman|Darren Keefe|Ashley Head,2005,3.0,5
170480,The Deported,Comedy|Family,Lance Kawas,Nicholas Turturro|Talia Shire|Paul Rodríguez|Gary Valentine|Nick Turturro III,2010,0.0,0
71866,Tanner Hall,Drama,Francesca Gregorini,Rooney Mara|Georgia King|Brie Larson|Amy Ferguson|Antonia Steinberg,2009,5.4,32
192210,Open Road,Action|Drama|Thriller,Márcio Garcia,Camilla Belle|Andy García|Colin Egglesfield|Juliette Lewis|Christiane Torloni,2013,5.2,18
180296,They Came Together,Comedy,David Wain,Paul Rudd|Amy Poehler|Bill Hader|Ellie Kemper|Cobie Smulders,2014,5.3,171
157058,30 Nights of Paranormal Activity With the Devil Inside the Girl With the Dragon Tattoo,Comedy,Craig Moss,Kathryn Fiore|Flip Schultz|Olivia Alexander|Arturo del Puerto|Danny Woodburn,2013,2.9,28
70006,Never Back Down 2: The Beatdown,Drama|Action,Michael Jai White,Stacey Asaro|Gralen Bryant Banks|Rus Blackwell|Beau Brasso|Eddie Bravo,2011,5.8,136
26039,Point Blank,Action|Crime|Drama|Thriller,John Boorman,Lee Marvin|Angie Dickinson|Keenan Wynn|Carroll O'Connor|Lloyd Bochner,1967,7.1,95
79587,Four Single Fathers,Drama|Comedy,Paolo Monico,Alessandro Gassman|Francesco Quinn|Joe Urla|Lenny Venito|Jennifer Esposito,2009,0.0,0
176077,Enter the Dangerous Mind,Thriller,Youssef Delara,Jake Hoffman|Nikki Reed|Thomas Dekker|Scott Bakula|Jason Priestley,2013,4.8,14
260947,Something Wicked,Mystery|Thriller,Darin Scott,Shantel VanSanten|John Robinson|James Patrick Stuart|Brittany Murphy|Robert Blanche,2014,4.6,16
342502,AWOL-72,Thriller,Christian Sesma,Luke Goss|RZA|Bokeem Woodbine|Louis Mandylor|Brooke Newton,2015,2.8,10
43213,Chicago Overcoat,Action|Crime|Thriller,Brian Caunter,Frank Vincent|Kathrine Narducci|Mike Starr|Stacy Keach|Armand Assante,2009,6.1,5
44594,Barry Munday,Comedy|Drama|Romance,Chris D'Arienzo,Patrick Wilson|Malcolm McDowell|Judy Greer|Chloë Sevigny|Missi Pyle,2010,6.3,22
666,Central Station,Drama,Walter Salles,Fernanda Montenegro|Marília Pêra|Vinícius de Oliveira|Othon Bastos|Otávio Augusto,1998,7.6,126
248,Pocketful of Miracles,Comedy|Drama,Frank Capra,Glenn Ford|Bette Davis|Hope Lange|Arthur O'Connell|Peter Falk,1961,7.3,25
325173,Close Range,Crime|Action,Isaac Florentine,Scott Adkins|Nick Chinlund|Caitlin Keats|Jake La Botz|Tony Perez,2015,4.9,54
55831,Boynton Beach Club,Comedy|Drama|Romance,Unknown Director,Brenda Vaccaro|Dyan Cannon|Joseph Bologna,2005,6.8,3
351043,Amnesiac,Thriller|Mystery|Drama|Horror,Michael Polish,Kate Bosworth|Wes Bentley|Shashawnee Hall|Richard Riehle|Patrick Bauchau,2015,4.1,52
43942,Freakonomics,Documentary,Heidi Ewing,Zoe Sloane|Jade Viggiano|Amancaya Aguilar|Kahiry Bess|Alisha Naragsheth,2010,6.6,36
10226,High Tension,Horror|Thriller|Mystery,Alexandre Aja,Cécile de France|Maïwenn|Philippe Nahon|Franck Khalfoun|Andrei Finti,2003,6.6,271
66942,Griff the Invisible,Romance|Comedy|Drama,Leon Ford,Ryan Kwanten|Maeve Dermody|Marshall Napier|Heather Mitchell|Patrick Brammall,2011,6.1,34
356483,Unnatural,Thriller|Action|Horror,Hank Braxtan,James Remar|Sherilyn Fenn|Ron Carlson|Graham Greene|Allegra Carpenter,2015,4.3,12
10476,Hustle & Flow,Drama,Craig Brewer,Terrence Howard|Anthony Anderson|Taryn Manning|Taraji P. Henson|Elise Neal,2005,6.9,99
239,Some Like It Hot,Comedy|Romance,Billy Wilder,Marilyn Monroe|Tony Curtis|Jack Lemmon|George Raft|Pat O’Brien,1959,8.0,808
10281,Friday the 13th Part VII: The New Blood,Horror|Thriller,John Carl Buechler,Kane Hodder|Lar Park Lincoln|Susan Jennifer Sullivan|Kevin Spirtas|Terry Kiser,1988,5.3,192
630,The Wizard of Oz,Adventure|Family|Fantasy,Victor Fleming,Judy Garland|Frank Morgan|Ray Bolger|Bert Lahr|Jack Haley,1939,7.4,1642
3034,Young Frankenstein,Comedy|Science Fiction,Mel Brooks,Gene Wilder|Peter Boyle|Marty Feldman|Madeline Kahn|Cloris Leachman,1974,7.7,854
13025,Diary of the Dead,Horror|Action|Science Fiction,George A. Romero,Michelle Morgan|Joshua Close|Shawn Roberts|Amy Lalonde|Joe Dinicol,2007,5.4,190
21461,Lage Raho Munna Bhai,Comedy|Drama|Romance,Rajkumar Hirani,Sanjay Dutt|Arshad Warsi|Dilip Prabhavalkar|Vidya Balan|Dia Mirza,2006,7.6,44
55306,Ulee's Gold,Drama,Victor Nunez,Peter Fonda|Patricia Richardson|Christine Dunford|Tom Wood|Jessica Biel,1997,6.5,19
17264,The Black Stallion,Adventure|Family,Carroll Ballard,Kelly Reno|Mickey Rooney|Teri Garr|Clarence Muse|Hoyt Axton,1979,7.0,59
16016,Journey to Saturn,Action|Adventure|Animation|Comedy|Science Fiction,Kresten Vestbjerg Andersen,Casper Christensen|Frank Hvam|Ali Kazim|Iben Hjejle|Peter Belli,2008,4.9,10
15875,Donovan's Reef,Adventure|Comedy|Romance,John Ford,John Wayne|Elizabeth Allen|Lee Marvin|Cesar Romero|Mike Mazurki,1963,6.0,30
5900,The Dress,Comedy|Drama,Alex van Warmerdam,Henri Garcin|Ingeborg Elzevier|Khaldoun Elmecky|Margo Dames|Frans Vorstman,1996,7.0,3
43306,A Guy Named Joe,Drama|Romance|War,Victor Fleming,Spencer Tracy|Irene Dunne|Van Johnson|Ward Bond|James Gleason,1944,6.0,8
11072,Blazing Saddles,Western|Comedy,Mel Brooks,Cleavon Little|Gene Wilder|Harvey Korman|Slim Pickens|Madeline Kahn,1974,7.2,609
9730,Friday the 13th: The Final Chapter,Horror|Thriller,Joseph Zito,Kimberly Beck|Erich Anderson|Corey Feldman|Barbara Howard|Crispin Glover,1984,5.9,237
209274,Ida,Drama,Paweł Pawlikowski,Agata Trzebuchowska|Agata Kulesza|Joanna Kulig|Dawid Ogrodnik|Adam Szyszkowski,2013,7.1,260
26371,Maurice,Drama|Romance,James Ivory,James Wilby|Hugh Grant|Rupert Graves|Denholm Elliott|Simon Callow,1987,7.1,61
14137,Beer League,Comedy,Frank Sebastiano,Artie Lange|Ralph Macchio|Anthony DeSando|Jimmy Palumbo|Joe Lo Truglio,2006,5.3,22
291,Riding Giants,Documentary,Stacy Peralta,Jeff Clark|Darrick Doerner|Laird Hamilton|Dave Kalama|David H. Kalama Jr.,2004,7.6,23
14139,Timecrimes,Science Fiction|Thriller,Nacho Vigalondo,Karra Elejalde|Candela Fernández|Bárbara Goenaga|Nacho Vigalondo|Juan Inciarte,2007,7.0,308
33106,Silver Medalist,Action|Adventure|Comedy|Drama|Foreign,Ning Hao,Huang Bo|Kong Jiu|Shaohua Ma|Xu Zheng|Yung Cheung,2009,7.4,13
8875,Timber Falls,Horror|Thriller,Tony Giglio,Josh Randall|Nick Searcy|Beth Broderick|Sascha Rosemann|T.W. Leshner,2007,5.2,38
872,Singin' in the Rain,Comedy|Music|Romance,Stanley Donen,Gene Kelly|Donald O'Connor|Debbie Reynolds|Jean Hagen|Millard Mitchell,1952,7.8,727
72914,"Fat, Sick & Nearly Dead",Documentary,Joe Cross,Joe Cross|Phil Riverstone|Amy Badberg|Merv Cross|Virginia Cross,2010,7.1,47
139038,A Haunted House,Comedy|Horror,Michael Tiddes,Marlon Wayans|Essence Atkins|Nick Swardson|Cedric the Entertainer|David Koechner,2013,5.4,516
9591,That Thing You Do!,Comedy|Drama,Tom Hanks,Tom Everett Scott|Johnathon Schaech|Tom Hanks|Steve Zahn|Ethan Embry,1996,6.8,225
10676,Halloween III: Season of the Witch,Horror|Mystery|Science Fiction,Tommy Lee Wallace,Tom Atkins|Stacey Nelkin|Dan O'Herlihy|Michael Currie|Ralph Strait,1982,5.0,229
1687,Escape from the Planet of the Apes,Action|Science Fiction,Don Taylor,Roddy McDowall|Kim Hunter|Bradford Dillman|Natalie Trundy|Eric Braeden,1971,6.3,264
24748,Hud,Action|Drama|Western,Martin Ritt,Paul Newman|Melvyn Douglas|Patricia Neal|Brandon De Wilde|Whit Bissell,1963,7.5,66
181330,Kevin Hart: Let Me Explain,Comedy|Documentary,Leslie Small,Kevin Hart|David Terrell|David Jason Perez|Justine Herron|Harry Ratchford,2013,7.1,95
468,My Own Private Idaho,Drama|Romance,Gus Van Sant,River Phoenix|Keanu Reeves|James Russo|William Richert|Rodney Harvey,1991,7.1,212
401,Garden State,Comedy|Drama|Romance,Zach Braff,Zach Braff|Natalie Portman|Ian Holm|Peter Sarsgaard|Jean Smart,2004,7.1,618
76,Before Sunrise,Drama|Romance,Richard Linklater,Ethan Hawke|Julie Delpy|Andrea Eckert|Hanno Pöschl|Karl Bruckschwaiger,1995,7.7,959
50538,Evil Words,Horror|Mystery|Thriller,Éric Tessier,Patrick Huard|Michel Côté|Catherine Florent|Albert Millaire|Jean L'Italien,2003,6.9,8
25636,Jesus' Son,Comedy|Drama|Romance,Alison Maclean,Billy Crudup|Denis Leary|Jack Black|Dennis Hopper|Holly Hunter,1999,6.7,22
19316,Saving Face,Comedy|Romance,Alice Wu,Michelle Krusiec|Joan Chen|Lynn Chen|Ato Essandoh|Jessica Hecht,2004,6.8,32
21074,Brick Lane,Drama,Sarah Gavron,Tannishtha Chatterjee|Satish Kaushik|Christopher Simpson|Naeema Begum|Lana Rahman,2007,5.2,15
84329,Robot & Frank,Science Fiction|Comedy|Drama|Crime,Jake Schreier,Frank Langella|Liv Tyler|James Marsden|Susan Sarandon|Peter Sarsgaard,2012,6.8,450
20,My Life Without Me,Drama|Romance,Isabel Coixet,Sarah Polley|Amanda Plummer|Scott Speedman|Leonor Watling|Deborah Harry,2003,7.2,77
157386,The Spectacular Now,Comedy|Drama|Romance,James Ponsoldt,Miles Teller|Shailene Woodley|Brie Larson|Dayo Okeniyi|Masam Holden,2013,6.8,1048
13007,Religulous,Comedy|Documentary,Larry Charles,Bill Maher|Jose Luis De Jesus Miranda|Andrew Newberg|Steve Burg|Tal Bachman,2008,7.2,197
13518,Fuel,Documentary|Drama,Joshua Tickell,Joshua Tickell|Barbara Boxer|Richard Branson|George W. Bush|Sheryl Crow,2008,7.0,3
116584,Valley of the Heart's Delight,Drama,Tim Boxell,Pete Postlethwaite|Gabriel Mann|Emily Harrison|Diana Scarwid,2006,7.0,1
46849,Eye of the Dolphin,Drama,Michael D. Sellers,Carly Schroeder|Adrian Dunbar|George Harris|Katharine Ross|Christine Adams,2007,7.1,7
40428,8: The Mormon Proposition,Documentary,Reed Cowan,Rocky Mayor Anderson|Matt Aune|Tyler Barrick|Bruce Barton|Melissa Bird,2010,5.5,6
17334,The Other End of the Line,Comedy|Romance,James Dodson,Jesse Metcalfe|Austin Basis|Larry Miller|Michael Chen|Nouva Monika Wahlgren,2008,6.1,50
1698,Anatomy,Horror|Thriller,Stefan Ruzowitzky,Franka Potente|Benno Fürmann|Anna Loos|Oliver Wnuk|Sebastian Blomberg,2000,6.1,61
20764,Sleep Dealer,Drama|Science Fiction|Thriller,Alex Rivera,Leonor Varela|Jacob Vargas|Luis Fernando Peña,2008,6.0,40
45132,Super,Comedy|Action|Drama,James Gunn,Rainn Wilson|Ellen Page|Liv Tyler|Kevin Bacon|Gregg Henry,2010,6.6,441
76706,Christmas Mail,Comedy|Family,John Murlowski,Ashley Scott|A.J. Buckley|Rolanda Watts|Vanessa Evigan|Lochlyn Munro,2010,5.0,15
254472,Stung,Comedy|Horror,Benni Diez,Matt O'Leary|Jessica Cook|Lance Henriksen|Clifton Collins Jr|David Masterson,2015,4.9,63
332285,Antibirth,Horror,Danny Perez,Natasha Lyonne|Chloë Sevigny|Meg Tilly|Mark Webber|Maxwell McCabe-Lokos,2016,4.8,40
49471,Get on the Bus,Drama,Spike Lee,Ossie Davis|Charles S. Dutton|Andre Braugher|Richard Belzer|De'Aundre Bonds,1996,7.0,11
13569,Thr3e,Drama|Horror|Thriller,Robby Henson,Marc Blucas|Justine Waddell|Bill Moseley|Priscilla Barnes|Jack Ryan,2006,4.8,21
7512,Idiocracy,Adventure|Comedy|Science Fiction,Mike Judge,Luke Wilson|Maya Rudolph|Dax Shepard|Terry Crews|Anthony 'Citric' Campos,2006,6.3,664
356216,The Rise of the Krays,Crime,Zackary Adler,Kevin Leslie|Simon Cotton|Phil Dunster|Danny Midwinter|Dan Parr,2015,4.5,19
11798,This Is England,Drama|Crime,Shane Meadows,Thomas Turgoose|Stephen Graham|Jo Hartley|Andrew Shim|Vicky McClure,2006,7.4,363
146631,U.F.O.,Action|Adventure|Science Fiction,Dominic Burns,Bianca Bree|Sean Brosnan|Simon Phillips|Jean-Claude Van Damme|Peter Barrett,2012,3.1,47
43546,Bathing Beauty,Comedy|Music,George Sidney,Red Skelton|Esther Williams|Basil Rathbone|Bill Goodwin|Jean Porter,1944,7.0,4
61038,Go for It!,Drama|Family,Carmen Marron,Aimee Garcia|Al Bandiero|Jossara Jinaro|Gina Rodriguez,2011,4.6,5
78373,"Dancer, Texas Pop. 81",Comedy|Drama|Family,Tim McCanlies,Breckin Meyer|Peter Facinelli|Eddie Mills|Ethan Embry|Ashley Johnson,1998,10.0,1
17820,Show Boat,Music|Romance,George Sidney,Howard Keel|Kathryn Grayson|Ava Gardner|Joe E. Brown|Marge Champion,1951,6.9,18
74457,Redemption Road,Drama,Mario Van Peebles,Michael Clarke Duncan|Morgan Simpson|Kiele Sanchez|Taryn Manning|Luke Perry,2011,4.7,6
283384,The Calling,Thriller,Jason Stone,Susan Sarandon|Gil Bellows|Ellen Burstyn|Topher Grace|Donald Sutherland,2014,5.6,88
19933,The Brave Little Toaster,Fantasy|Adventure|Animation|Comedy|Family|Music,Jerry Rees,Jon Lovitz|Timothy Stack|Phil Hartman|Deanna Oliver|Timothy E. Day,1987,6.7,93
756,Fantasia,Animation|Family|Music,David Hand,Deems Taylor|Walt Disney|Julietta Novis|Leopold Stokowski,1940,7.2,808
433715,8 Days,Thriller|Drama,Jaco Booyens,Nicole Smolen|Kim Baldwin|Ariana Stephens|Bryson Funk,2014,0.0,0
9728,Friday the 13th Part III,Horror|Thriller,Steve Miner,Dana Kimmell|Paul Kratka|Tracie Savage|Jeffrey Rogers|Catherine Parks,1982,5.7,254
9731,Friday the 13th: A New Beginning,Horror|Thriller,Danny Steinmann,Melanie Kinnaman|John Shepherd|Shavar Ross|Richard Young|Marco St. John,1985,5.1,196
9916,The Last Sin Eater,Drama,Michael Landon Jr.,Louise Fletcher|Henry Thomas|Soren Fulton|A.J. Buckley|Stewart Finlay-McLennan,2007,6.2,11
309425,Do You Believe?,Fantasy|Drama,Jon Gunn,Mira Sorvino|Sean Astin|Alexa PenaVega|Cybill Shepherd|Brian Bosworth,2015,6.6,48
14156,Impact Point,Thriller|Romance,Hayley Cloake,Brian Austin Green|Melissa Keller|Linden Ashby|Joe Manganiello|Eddie Alfano,2008,5.7,5
43610,The Valley of Decision,Drama,Tay Garnett,Greer Garson|Gregory Peck|Donald Crisp|Lionel Barrymore|Preston Foster,1945,5.8,4
360339,Eden,Thriller|Drama,Shyam Madiraju,Jessica Lowndes|Ethan Peck|Diego Boneta|Nate Parker|Mario Casas,2015,5.6,19
31163,Chicken Tikka Masala,Comedy|Romance|Foreign,Harmage Singh Kalirai,Chris Bisson|Saeed Jaffrey|Sally Bankes|Peter Ash|Zohra Sehgal,2005,3.5,5
297621,There's Always Woodstock,Romance|Comedy|Music,Rita Merson,Allison Miller|James Wolk|Katey Sagal|Rumer Willis|Brittany Snow,2014,5.4,12
16205,Jack Brooks: Monster Slayer,Action|Comedy|Horror,Jon Knautz,Robert Englund|Trevor Matthews|Daniel Kash|David Fox|Dean Hawes,2007,5.7,59
887,The Best Years of Our Lives,Drama|History|Romance,William Wyler,Fredric March|Myrna Loy|Dana Andrews|Teresa Wright|Virginia Mayo,1946,7.6,143
9517,Bully,Crime|Drama,Larry Clark,Brad Renfro|Bijou Phillips|Nick Stahl|Rachel Miner|Michael Pitt,2001,6.7,125
6007,Elling,Comedy|Drama,Petter Næss,Per Christian Ellefsen|Sven Nordin|Jørgen Langhelle|Marit Pia Jacobsen|Per Christensen,2001,7.0,51
364083,Mi America,Drama|Crime,Robert Fontaine,Robert Fontaine|Michael Brainard|Grant Boyd|Michael Derek|Lily Autumn Page,2015,0.0,0
8329,[REC],Horror|Mystery,Jaume Balagueró,Manuela Velasco|Ferran Terraza|Martha Carbonell|David Vert|Carlos Lasarte,2007,7.1,934
69640,Lies in Plain Sight,Drama|Mystery|Thriller,Patricia Cardoso,Martha Higareda|Chad Michael Murray|Yul Vazquez|Benito Martinez|Cheyenne Haynes,2010,4.5,4
347548,Containment,Thriller|Horror|Science Fiction,Neil Mcenery-West,Louise Brealey|Lee Ross|Sheila Reid|Pippa Nixon|Claire Greasley,2015,5.1,36
322443,The Timber,Adventure|Drama|Western,Anthony O'Brien,James Ransone|Elisa Lasowski|Josh Peck|Attila Árpa|William Gaunt,2015,4.1,15
657,From Russia with Love,Action|Thriller|Adventure,Terence Young,Sean Connery|Daniela Bianchi|Pedro Armendáriz|Lotte Lenya|Robert Shaw,1963,6.9,760
28165,The Toxic Avenger Part II,Comedy|Horror|Action,Lloyd Kaufman,Ron Fazio|John Altamura|Phoebe Legere|Rick Collins|Rikiya Yasuoka,1989,5.3,39
11561,Sleeper,Comedy|Romance|Science Fiction,Woody Allen,Woody Allen|Diane Keaton|John Beck|Mary Gregory|Brian Avery,1973,7.0,200
270303,It Follows,Horror|Thriller,David Robert Mitchell,Maika Monroe|Keir Gilchrist|Daniel Zovatto|Jake Weary|Olivia Luccardi,2015,6.6,1832
11624,Everything You Always Wanted to Know About Sex *But Were Afraid to Ask,Comedy,Woody Allen,Woody Allen|John Carradine|Lou Jacobi|Louise Lasser|Anthony Quayle,1972,6.6,215
595,To Kill a Mockingbird,Crime|Drama,Robert Mulligan,Gregory Peck|Brock Peters|James Anderson|Mary Badham|Phillip Alford,1962,8.0,657
8810,Mad Max 2: The Road Warrior,Adventure|Action|Thriller|Science Fiction,George Miller,Mel Gibson|Bruce Spence|Michael Preston|Max Phipps|Vernon Wells,1981,7.3,957
12207,The Legend of Drunken Master,Action|Comedy,Liu Chia-Liang,Jackie Chan|Anita Mui|Ti Lung|Felix Wong|Liu Chia-Liang,1994,7.2,242
226,Boys Don't Cry,Crime|Drama,Kimberly Peirce,Hilary Swank|Chloë Sevigny|Peter Sarsgaard|Brendan Sexton III|Alicia Goranson,1999,7.2,353
92182,Silent House,Horror|Mystery,Chris Kentis,Elizabeth Olsen|Adam Trese|Eric Sheffer Stevens|Julia Taylor Ross|Adam Barnett,2011,5.2,125
582,The Lives of Others,Drama|Thriller,Florian Henckel von Donnersmarck,Martina Gedeck|Ulrich Mühe|Sebastian Koch|Ulrich Tukur|Thomas Thieme,2006,7.9,958
72213,Courageous,Drama,Alex Kendrick,Alex Kendrick|Ken Bevel|Ben Davies|Kevin Downes|Rusty Martin,2011,6.8,77
990,The Hustler,Drama,Robert Rossen,Paul Newman|Jackie Gleason|Piper Laurie|George C. Scott|Myron McCormick,1961,7.6,240
55604,Boom Town,Adventure|Drama|Romance,Jack Conway,Clark Gable|Spencer Tracy|Claudette Colbert|Hedy Lamarr|Frank Morgan,1940,6.5,8
9662,The Triplets of Belleville,Adventure|Animation|Comedy|Drama,Sylvain Chomet,Béatrice Bonifassi|Lina Boudreau|Michèle Caucheteux|Jean-Claude Donda|Mari-Lou Gauthier,2003,7.3,231
20862,Smoke Signals,Drama|Comedy,Chris Eyre,Adam Beach|Evan Adams|Irene Bedard|Gary Farmer|Tantoo Cardinal,1998,6.6,24
2771,American Splendor,Comedy|Drama,Shari Springer Berman,Paul Giamatti|Hope Davis|Judah Friedlander|James Urbaniak|Harvey Pekar,2003,7.1,120
80,Before Sunset,Drama|Romance,Richard Linklater,Ethan Hawke|Julie Delpy|Vernon Dobtcheff|Louise Lemoine Torrès|Mariane Plasteig,2004,7.6,718
55,Amores perros,Drama|Thriller,Alejandro González Iñárritu,Gael García Bernal|Vanessa Bauche|Goya Toledo|Alvaro Guerrero|Emilio Echevarría,2000,7.6,521
11023,Thirteen,Crime|Drama,Catherine Hardwicke,Evan Rachel Wood|Nikki Reed|Vanessa Hudgens|Holly Hunter|Brady Corbet,2003,6.7,339
33667,Gentleman's Agreement,Drama|Romance,Elia Kazan,Gregory Peck|Dorothy McGuire|John Garfield|Celeste Holm|Anne Revere,1947,6.8,47
39013,Winter's Bone,Drama,Debra Granik,Jennifer Lawrence|John Hawkes|Kevin Breznahan|Dale Dickey|Garret Dillahunt,2010,6.8,565
11194,Touching the Void,Documentary|Action|Adventure,Kevin Macdonald,Brendan Mackey|Nicholas Aaron|Richard Hawking|Ollie Ryall|Joe Simpson,2003,7.6,138
43839,Alexander's Ragtime Band,Drama|Music|Romance,Henry King,Tyrone Power|Alice Faye|Don Ameche|Ethel Merman|Jack Haley,1938,4.8,6
1382,Me and You and Everyone We Know,Comedy|Drama,Miranda July,Miranda July|John Hawkes|Brandon Ratcliff|Miles Thompson|Carlie Westerman,2005,7.0,107
44639,Inside Job,Documentary,Charles Ferguson,Matt Damon|William Ackman|Barack Obama|George W. Bush|Jonathan Alpert,2010,7.7,286
301351,We Are Your Friends,Drama|Music|Romance,Max Joseph,Zac Efron|Emily Ratajkowski|Wes Bentley|Nick Rotteveel|Alessandro Lindblad,2015,6.3,658
4816,Ghost Dog: The Way of the Samurai,Crime|Drama,Jim Jarmusch,Forest Whitaker|Cliff Gorman|Tricia Vessey|Henry Silva|Victor Argo,1999,7.2,298
7873,Harsh Times,Crime|Drama|Thriller|Action,David Ayer,Christian Bale|Freddy Rodríguez|Eva Longoria|Chaka Forman|Tammy Trull,2005,6.3,197
331190,Captive,Crime|Drama|Thriller,Jerry Jameson,Kate Mara|David Oyelowo|Michael Kenneth Williams|Mimi Rogers|Leonor Varela,2015,5.6,92
15186,Full Frontal,Comedy|Drama|Romance,Steven Soderbergh,David Duchovny|Nicky Katt|Catherine Keener|Mary McCormack|David Hyde Pierce,2002,4.8,26
17994,Witchboard,Horror,Kevin Tenney,Stephen Nichols|Tawny Kitaen|Todd Allen|Kathleen Wilhoite|Burke Byrnes,1986,5.9,58
1378,Shortbus,Romance|Drama|Comedy,John Cameron Mitchell,Sook-Yin Lee|Paul Dawson|PJ DeBoy|Jay Brannan|Lindsay Beamish,2006,6.3,140
8885,Waltz with Bashir,Drama|Animation|War,Ari Folman,Ari Folman|Ron Ben-Yishai|Dror Harazi|Ronny Dayag,2008,7.8,291
12901,No End in Sight,Documentary,Charles Ferguson,Campbell Scott|Gerald Burke|Ali Fadhil|Robert Hutchings,2007,7.2,23
250124,The Diary of a Teenage Girl,Drama|Romance,Marielle Heller,Bel Powley|Kristen Wiig|Alexander Skarsgård|Christopher Meloni|Austin Lyon,2015,6.8,279
14284,In the Shadow of the Moon,Documentary,David Sington,Buzz Aldrin|Michael Collins|Alan Bean|Eugene Cernan|Charles Duke,2007,7.6,31
57120,Meek's Cutoff,Drama|Western,Kelly Reichardt,Michelle Williams|Bruce Greenwood|Will Patton|Zoe Kazan|Paul Dano,2010,6.5,77
12228,Inside Deep Throat,History|Documentary,Fenton Bailey,Dennis Hopper|Peter Bart|Warren Beatty|Carl Bernstein,2005,6.8,31
22617,Dinner Rush,Drama|Action|Thriller,Bob Giraldi,Danny Aiello|John Rothman|Frank Bongiorno|Lexie Sperduto|Zainab Jah,2000,7.1,19
55561,Clockwatchers,Comedy|Drama,Jill Sprecher,Toni Collette|Parker Posey|Lisa Kudrow|Alanna Ubach|Helen FitzGerald,1997,5.6,13
42889,The Virginity Hit,Comedy,Huck Botko,Matt Bennett|Zack Pearlman|Jacob Davich|Justin Kline|Krysta Rodriguez,2010,4.6,19
10656,Subway,Action|Thriller,Luc Besson,Isabelle Adjani|Christopher Lambert|Richard Bohringer|Michel Galabru|Jean-Hugues Anglade,1985,6.3,86
24363,House of D,Comedy|Drama,David Duchovny,Robin Williams|David Duchovny|Anton Yelchin|Téa Leoni|Erica Tazel,2005,6.1,23
13121,Teeth,Comedy|Horror,Mitchell Lichtenstein,Jess Weixler|John Hensley|Josh Pais|Hale Appleman|Lenny Von Dohlen,2007,5.2,210
24746,Six-String Samurai,Action|Adventure|Science Fiction,Lance Mungia,Jeffrey Falcon|Justin McGuire|Kim De Angelo|Stephane Gauger|Clifford Hugo,1998,5.8,36
12109,It's All Gone Pete Tong,Drama|Comedy|Music,Michael Dowse,Paul Kaye|Kate Magowan|Neil Maskell|Beatriz Batarda|Pete Tong,2004,7.1,52
27023,Saint John of Las Vegas,Comedy,Hue Rhodes,Steve Buscemi|Romany Malco|Tim Blake Nelson|Sarah Silverman|John Cho,2009,5.9,18
22913,24 7: Twenty Four Seven,Comedy|Drama|Romance,Shane Meadows,Bob Hoskins|Danny Nussbaum|Bruce Jones|Annette Badland|Frank Harper,1997,6.3,10
273899,Stonewall,Drama,Roland Emmerich,Jeremy Irvine|Jonny Beauchamp|Jonathan Rhys Meyers|Ron Perlman|Caleb Landry Jones,2015,5.2,32
20653,Roadside Romeo,Animation|Family|Foreign,Unknown Director,Saif Ali Khan|Kareena Kapoor|Javed Jaffrey|Tanaaz Currim Irani|Vrajesh Hirjee,2008,6.7,3
67373,This Thing of Ours,Drama|Action|Thriller,Danny Provenzano,James Caan|James Caan|Frank Vincent|Vincent Pastore|Louis Vanaria,2005,5.0,1
171759,The Lost Medallion: The Adventures of Billy Stone,Adventure|Family,Bill Muir,William Brent|Sammi Hanratty|James Hong|Alex Kendrick|Mark Dacascos,2013,5.6,13
206296,The Last Five Years,Comedy|Drama|Music|Romance,Richard LaGravenese,Anna Kendrick|Jeremy Jordan|Natalie Knepp|Bettina Bresnan|Marceline Hugot,2014,5.5,143
35219,The Missing Person,Comedy|Drama|Mystery|Thriller,Noah Buschel,Michael Shannon|Amy Ryan|Frank Wood|Linda Emond|John Ventimiglia,2009,6.4,9
28260,Return of the Living Dead 3,Comedy|Science Fiction|Romance|Horror,Brian Yuzna,Melinda Clarke|J. Trevor Edmond|Kent McCord|Sarah Douglas|James T. Callahan,1993,5.9,88
7515,London,Drama|Action|Romance,Hunter Richards,Chris Evans|Jessica Biel|Joy Bryant|Jason Statham|Kelli Garner,2005,6.1,96
13075,Sherrybaby,Drama,Laurie Collyer,Maggie Gyllenhaal|Michelle Hurst|Sandra Rodríguez|Danny Trejo|Brad William Henke,2006,6.3,41
335866,Circle,Horror|Science Fiction,Aaron Hann,Julie Benz|Carter Jenkins|Cesar Garcia|Mercy Malick|Lisa Pelikan,2015,6.0,333
13510,Eden Lake,Horror|Thriller,James Watkins,Kelly Reilly|Michael Fassbender|Tara Ellis|Jack O'Connell|Finn Atkins,2008,6.7,406
215881,Plush,Thriller,Catherine Hardwicke,Emily Browning|Xavier Samuel|Cam Gigandet|Dawn Olivieri|Frances Fisher,2013,5.4,40
18238,Lesbian Vampire Killers,Horror|Comedy,Phil Claydon,James Corden|Mathew Horne|Paul McGann|MyAnna Buring|Vera Filatova,2009,5.3,124
22600,Gangster's Paradise: Jerusalema,Drama|Action|Crime|Foreign,Ralph Ziman,Daniel Buckland|Robert Hobbs|Rapulana Seiphemo|Jeffrey Zekele|Ronnie Nyakale,2008,6.8,16
12612,Freeze Frame,Thriller|Drama|Crime,John Simpson,Lee Evans|Sean McGinley|Ian McNeice|Colin Salmon,2004,6.9,18
50698,Grave Encounters,Thriller|Horror,Colin Minihan,Sean Rogerson|Juan Riedinger|Ashleigh Gryzko|Mackenzie Gray|Arthur Corber,2011,6.1,381
115210,Stitches,Horror,Conor McMahon,Ross Noble|Tommy Knight|Gemma-Leah Devereux|John McDonnell,2012,5.5,92
34335,Nine Dead,Crime|Drama|Horror|Thriller,Chris Shadley,Melissa Joan Hart|John Terry|Chip Bent|Lawrence Turner|Edrick Browne,2010,5.2,84
459488,"To Be Frank, Sinatra at 100",Documentary,Simon Napier-Bell,Tony Oppedisano,2015,0.0,0
11302,Bananas,Comedy,Woody Allen,Woody Allen|Louise Lasser|Carlos Montalbán|Nati Abascal|Jacobo Morales,1971,6.7,165
119458,Supercapitalist,Thriller,Simon Yin,Linus Roache|Derek Ting|Richard Ng|Michael Park|Kathy Uyen,2012,3.5,2
20406,Rockaway,Action|Adventure|Drama,Jeff Crook,Nicholas Gonzalez|Mario Cimarro|Oleg Taktarov|Vitali Baganov|Ricardo Chavira,2007,5.8,2
3766,The Lady from Shanghai,Crime|Drama|Mystery,Orson Welles,Rita Hayworth|Orson Welles|Everett Sloane|Glenn Anders|Ted de Corsia,1947,7.2,102
18616,No Man's Land: The Rise of Reeker,Horror|Thriller,Dave Payne,Stephen Martines|Valerie Cruz|Mircea Monroe|Desmond Askew|Michael Robert Brandon,2008,4.4,27
18808,Highway,Action|Adventure|Drama,James Cox,Jake Gyllenhaal|Selma Blair|Jared Leto|John C. McGinley|Jeremy Piven,2002,5.6,37
95755,Small Apartments,Comedy|Crime,Jonas Åkerlund,Matt Lucas|Juno Temple|James Caan|Dolph Lundgren|Billy Crystal,2012,5.7,50
198062,Coffee Town,Comedy,Brad Copeland,Glenn Howerton|Steve Little|Ben Schwartz|Adrianne Palicki|Josh Groban,2013,6.7,45
188652,The Ghastly Love of Johnny X,Comedy|Fantasy|Music,Paul Bunnell,Will Keenan|Creed Bratton|De Anna Joy Brooks|Reggie Bannister|Jed Rowen,2013,6.6,8
174311,All Is Bright,Comedy|Drama,Phil Morrison,Paul Rudd|Paul Giamatti|Sally Hawkins|Peter Hermann|Michael Drayer,2013,5.3,36
12602,The Torture Chamber of Dr. Sadism,Mystery|Horror|History,Harald Reinl,Lex Barker|Christopher Lee|Karin Dor|Carl Lange|Christiane Rücker,1967,6.3,12
153795,Straight A's,Comedy|Drama,James Cox,Anna Paquin|Ryan Phillippe|Luke Wilson|Powers Boothe|Riley Thomas Stewart,2013,5.2,46
17768,A Funny Thing Happened on the Way to the Forum,Comedy|Music,Richard Lester,Zero Mostel|Phil Silvers|Buster Keaton|Michael Crawford|Jack Gilford,1966,6.1,24
13516,Slacker Uprising,Documentary,Michael Moore,Michael Moore|Eddie Vedder|Robert Ellis Orrall|Steve Earle|Celeste Zappala,2007,5.9,10
98549,The Legend of Hell's Gate: An American Conspiracy,Action|Adventure|History|Western,Tanner Beard,Eric Balfour|Lou Taylor Pucci|Henry Thomas|James Lafferty|Summer Glau,2011,3.9,8
312793,The Walking Deceased,Science Fiction|Comedy,Scott Dow,Tim Ogletree|Troy Ogletree|Dave Sheridan|Joey Oglesby|Sophia Taylor Ali,2015,4.2,35
309919,The Curse of Downers Grove,Thriller|Mystery|Horror|Drama,Derick Martini,Bella Heathcote|Lucas Till|Helen Slater|Penelope Mitchell|Mark L. Young,2015,4.4,24
299553,Shark Lake,Thriller,Jerry Dugan,Dolph Lundgren|James Chalke|Sara Malakul Lane|Michael Aaron Milligan|Ibrahim Renno Jr.,2015,4.4,19
21309,River's Edge,Crime|Drama,Tim Hunter,Crispin Glover|Keanu Reeves|Ione Skye|Daniel Roebuck|Dennis Hopper,1986,6.7,59
32235,Northfork,Fantasy|Drama|Science Fiction,Michael Polish,James Woods|Nick Nolte|Claire Forlani|Daryl Hannah|Douglas Sebern,2003,6.7,24
329540,The Marine 4: Moving Target,Thriller|Action,William Kaufman,Mike Mizanin|Melissa Roxburgh|Josh Blacker|Matthew MacCaull|Paul McGillion,2015,5.8,49
26388,Buried,Drama|Thriller|Mystery,Rodrigo Cortés,Ryan Reynolds|José Luis García Pérez|Robert Paterson|Stephen Tobolowsky|Samantha Mathis,2010,6.6,827
49020,Submarine,Drama|Comedy|Romance,Richard Ayoade,Craig Roberts|Sally Hawkins|Paddy Considine|Noah Taylor|Gemma Chan,2011,7.4,443
159037,The Square,Documentary|Drama|History,Jehane Noujaim,Khalid Abdalla|Dina Abdullah|Dina Amer|Magdy Ashour|Ramy Essam,2013,7.8,55
12838,One to Another,Drama,Jean-Marc Barr,Lizzie Brocheré|Arthur Dupont|Guillaume Baché|Pierre Perrier|Nicolas Nollet,2006,5.8,12
157293,ABCD (Any Body Can Dance),Drama|Music,Remo D'Souza,Prabhu Deva|Ganesh Acharya|Kay Kay Menon|Lauren Gottlieb|Salman Yusuff Khan,2013,5.6,10
14048,Man on Wire,Thriller|Documentary|Crime|History,James Marsh,Philippe Petit|Jean François Heckel|Jean-Louis Blondeau|Annie Allix|David Forman,2008,7.5,275
356987,Abandoned,Drama|Thriller,John Laing,Dominic Purcell|Peter Feeney|Owen Black|Siobhan Marshall|Serena Cotton,2015,5.8,27
295886,Brotherly Love,Drama,Jamal Hill,Keke Palmer|Cory Hardrict|Eric D. Hill Jr.|Quincy Brown|Nafessa Williams,2015,6.9,21
38358,The Last Exorcism,Horror|Drama|Thriller,Daniel Stamm,Ashley Bell|Patrick Fabian|Iris Bahr|Louis Herthum|Caleb Landry Jones,2010,5.6,328
33511,Nowhere Boy,Drama,Sam Taylor-Johnson,Aaron Taylor-Johnson|Anne-Marie Duff|Kristin Scott Thomas|David Threlfall|David Morrissey,2009,7.2,244
702,A Streetcar Named Desire,Drama,Elia Kazan,Vivien Leigh|Marlon Brando|Kim Hunter|Karl Malden|Rudy Bond,1951,7.6,281
935,Dr. Strangelove or: How I Learned to Stop Worrying and Love the Bomb,Drama|Comedy|War,Stanley Kubrick,Peter Sellers|George C. Scott|Sterling Hayden|Keenan Wynn|Slim Pickens,1964,8.0,1442
542,The Crime of Padre Amaro,Drama|Romance,Carlos Carrera,Gael García Bernal|Ana Claudia Talancón|Sancho Gracia|Angélica Aragón|Ernesto Gómez Cruz,2002,6.2,36
84175,Beasts of the Southern Wild,Drama|Fantasy,Benh Zeitlin,Quvenzhané Wallis|Dwight Henry|Levy Easterly|Gina Montana|Lowell Landes,2012,6.8,403
1705,Battle for the Planet of the Apes,Action|Science Fiction,J. Lee Thompson,Roddy McDowall|Natalie Trundy|Austin Stoker|Severn Darden|Claude Akins,1973,5.5,215
62677,Songcatcher,Drama|Music,Maggie Greenwald,Janet McTeer|Michael Davis|Michael Goodwin|Gregory Russell Cook|Jane Adams,2001,5.6,9
50875,Higher Ground,Drama|Thriller,Vera Farmiga,Vera Farmiga|Donna Murphy|Dagmara Domińczyk|John Hawkes|Joshua Leonard,2011,5.3,14
260778,Vaalu,Comedy|Romance,Vijay Chandar,Silambarasan|Hansika Motwani|Santhanam|VTV Ganesh|Brahmanandam,2015,6.7,5
58492,The Greatest Movie Ever Sold,Comedy|Documentary,Morgan Spurlock,Morgan Spurlock|Peter Berg|Paul Brennan|Ralph Nader|Brett Ratner,2011,6.4,88
44562,Ed and His Dead Mother,Comedy,Jonathan Wacks,Eric Christmas|Harper Roisman|Steve Buscemi|Sam Jenkins|Ned Beatty,1993,5.5,12
37232,Travellers and Magicians,Adventure|Drama|Foreign,Khyentse Norbu,Tshewang Dendup|Sonam Lhamo|Lhakpa Dorji|Deki Yangzom|Sonam Kinga,2003,6.8,9
4929,Hang 'em High,Western,Ted Post,Clint Eastwood|Inger Stevens|Ed Begley|Pat Hingle|Ben Johnson,1968,6.7,192
36334,Deadline - U.S.A.,Crime|Drama,Richard Brooks,Humphrey Bogart|Ethel Barrymore|Kim Hunter|Ed Begley|Warren Stevens,1952,6.9,17
9783,Sublime,Horror|Thriller,Tony Krantz,Tom Cavanagh|Jeffrey Anderson-Gunter|Cas Anvar|Paget Brewster|Jordi Caballero,2007,5.3,33
386826,A Beginner's Guide to Snuff,Thriller|Comedy|Horror,Mitchell Altieri,Joey Kern|Luke Edwards|Bree Williamson|Brad Greenquist|Perry Laylon Ojeda,2016,0.0,0
205126,Independence Daysaster,Action|Science Fiction,W.D. Hogan,Casey Dubois|Iain Belcher|Andrea Brooks|Nicholas Carella|Emily Holmes,2013,4.2,22
98557,Dysfunctional Friends,Comedy|Romance,Corey Grant,Stacey Dash|Reagan Gomez-Preston|Wesley Jonathan|Persia White|Jason Weaver,2012,5.0,4
104,Run Lola Run,Action|Drama|Thriller,Tom Tykwer,Franka Potente|Moritz Bleibtreu|Herbert Knaup|Nina Petri|Armin Rohde,1998,7.2,664
10894,May,Drama|Horror|Thriller|Romance,Lucky McKee,Angela Bettis|Jeremy Sisto|Anna Faris|James Duval|Nichole Hiltz,2002,6.3,152
246449,Against the Wild,Adventure|Family,Richard Boddington,Natasha Henstridge|CJ Adams|Erin Pitt|Ted Whittall|Rainbow Francks,2013,4.9,19
32579,Under the Same Moon,Drama,Patricia Riggen,Kate del Castillo|Adrián Alonso Barona|Eugenio Derbez|America Ferrera|Angelina Peláez,2008,7.0,28
1688,Conquest of the Planet of the Apes,Action|Science Fiction,J. Lee Thompson,Roddy McDowall|Don Murray|Ricardo Montalban|Hari Rhodes|Severn Darden,1972,6.1,236
1999,In the Bedroom,Drama|Thriller,Todd Field,Tom Wilkinson|Sissy Spacek|Nick Stahl|Marisa Tomei|William Mapother,2001,6.4,89
43947,I Spit on Your Grave,Thriller|Crime|Horror,Steven R. Monroe,Sarah Butler|Daniel Franzese|Chad Lindberg|Jeff Branson|Rodney Eastman,2010,6.3,519
24066,"Happy, Texas",Comedy|Crime,Mark Illsley,Steve Zahn|William H. Macy|Jeremy Northam|Ally Walker|Ron Perlman,1999,5.5,39
9709,My Summer of Love,Drama|Thriller|Romance,Paweł Pawlikowski,Natalie Press|Emily Blunt|Paddy Considine|Dean Andrews,2004,6.0,59
191714,The Lunchbox,Drama|Romance,Ritesh Batra,Irrfan Khan|Nimrat Kaur|Nawazuddin Siddiqui|Denzil Smith|Bharati Achrekar,2013,7.3,221
25312,Yes,Drama|Romance,Sally Potter,Joan Allen|Simon Abkarian|Sam Neill|Shirley Henderson|Stephanie Leonidas,2005,5.9,7
34106,You Can't Take It With You,Comedy|Romance,Frank Capra,Jean Arthur|Lionel Barrymore|James Stewart|Edward Arnold|Mischa Auer,1938,7.2,79
11426,From Here to Eternity,War|Drama|Romance,Fred Zinnemann,Burt Lancaster|Montgomery Clift|Deborah Kerr|Donna Reed|Frank Sinatra,1953,7.2,133
13909,She Wore a Yellow Ribbon,Western,John Ford,"John Wayne|Joanne Dru|John Agar|Ben Johnson|Harry Carey, Jr.",1949,7.1,61
206284,Grace Unplugged,Drama|Music,Brad J. Silverman,AJ Michalka|James Denton|Kevin Pollak|Shawnee Smith|Michael Welch,2013,6.0,24
27455,Foolish,Comedy|Drama,Dave Meyers,Eddie Griffin|Master P|Amie Petersen|Frank Sivero|Daphnée Duplaix Samuel,1999,6.3,3
66468,N-Secure,Drama|Crime|Thriller,David M. Matthews,Cordell Moore|Essence Atkins|Denise Boutte|Tempestt Bledsoe|Lamman Rucker,2010,4.3,4
7973,Caramel,Drama|Comedy|Romance,Nadine Labaki,Nadine Labaki|Yasmine Al Massri|Joanna Moukarzel|Gisèle Aouad|Adel Karam,2007,6.8,52
283686,Out of the Dark,Thriller|Horror,Lluís Quílez,Julia Stiles|Scott Speedman|Stephen Rea|Alejandro Furth|Pixie Davies,2014,4.6,55
15976,The Bubble,Drama|Romance,Eytan Fox,Ohad Knoller|Yousef Sweid|Daniella Wircer|Alon Friedman|Zion Baruch,2006,7.6,20
592,The Conversation,Crime|Drama|Mystery,Francis Ford Coppola,Gene Hackman|John Cazale|Frederic Forrest|Cindy Williams|Harrison Ford,1974,7.5,372
74084,Dil Jo Bhi Kahey...,Romance,Romesh Sharma,Amitabh Bachchan|Revathi|Karan Sharma|Annabelle Wallis|Malcolm Stoddard,2006,0.0,0
1651,Mississippi Mermaid,Crime|Drama|Romance,François Truffaut,Jean-Paul Belmondo|Catherine Deneuve|Michel Bouquet|Nelly Borgeaud|Martine Ferrière,1969,6.7,32
25428,I Love Your Work,Drama|Mystery,Adam Goldberg,Marisa Coughlan|Judy Greer|Shalom Harlow|Jared Harris|Joshua Jackson,2003,6.5,2
298584,Cabin Fever,Horror,Travis Zariwny,Matthew Daddario|Samuel Davis|Dustin Ingram|Eli Roth|Gage Golightly,2016,4.4,111
10758,Waitress,Comedy,Adrienne Shelly,Keri Russell|Nathan Fillion|Andy Griffith|Cheryl Hines|Eddie Jemison,2007,6.7,129
11690,Bloodsport,Action,Newt Arnold,Jean-Claude Van Damme|Bolo Yeung|Roy Chiao|Philip Chan Yan-Kin|Donald Gibb,1988,6.6,363
3083,Mr. Smith Goes to Washington,Comedy|Drama,Frank Capra,James Stewart|Jean Arthur|Claude Rains|Edward Arnold|Guy Kibbee,1939,7.9,241
9344,Kids,Drama|Crime,Larry Clark,Leo Fitzpatrick|Rosario Dawson|Chloë Sevigny|Justin Pierce|Sajan Bhagat,1995,6.8,279
10707,The Squid and the Whale,Comedy|Drama,Noah Baumbach,Jeff Daniels|Laura Linney|Jesse Eisenberg|Owen Kline|William Baldwin,2005,6.9,226
15647,Kissing Jessica Stein,Comedy,Charles Herman-Wurmfeld,Jennifer Westfeldt|Tovah Feldshuh|Esther Wurmfeld|Hillel Friedman|Jon Hamm,2001,5.9,48
308529,Kickboxer: Vengeance,Action|Drama,John Stockwell,Alain Moussi|Dave Bautista|Sara Malakul Lane|Jean-Claude Van Damme|Darren Shahlavi,2016,4.5,99
4174,Spellbound,Drama|Mystery|Thriller,Alfred Hitchcock,Ingrid Bergman|Gregory Peck|Michael Chekhov|Rhonda Fleming|Leo G. Carroll,1945,7.3,160
20156,Exotica,Drama|Mystery,Atom Egoyan,Bruce Greenwood|Mia Kirshner|Elias Koteas|Don McKellar|Sarah Polley,1994,6.5,64
9464,Buffalo '66,Romance|Comedy|Crime|Drama,Vincent Gallo,Vincent Gallo|Christina Ricci|Ben Gazzara|Mickey Rourke|Rosanna Arquette,1998,7.1,166
49018,Insidious,Horror|Thriller,James Wan,Patrick Wilson|Rose Byrne|Ty Simpkins|Barbara Hershey|Lin Shaye,2010,6.8,1737
13820,Repo Man,Comedy|Crime|Science Fiction|Thriller,Alex Cox,Harry Dean Stanton|Emilio Estevez|Tracey Walter|Olivia Barash|Sy Richardson,1984,6.7,144
18079,Nine Queens,Crime|Drama|Thriller,Fabián Bielinsky,Ricardo Darín|Gastón Pauls|Leticia Brédice|María Mercedes Villagra|Gabriel Correa,2000,7.4,153
127918,The Gatekeepers,Documentary,Dror Moreh,Ami Ayalon|Avraham Shalom|Yaakov Peri|Carmi Gillon|Avi Dichter,2012,6.5,39
17113,The Ballad of Jack and Rose,Drama,Rebecca Miller,Daniel Day-Lewis|Camilla Belle|Catherine Keener|Ryan McDonald|Paul Dano,2005,6.5,43
129139,The To Do List,Comedy|Romance,Maggie Carey,Aubrey Plaza|Johnny Simmons|Bill Hader|Alia Shawkat|Sarah Steele,2013,5.5,342
507,Killing Zoe,Action|Crime|Drama|Thriller,Roger Avary,Eric Stoltz|Julie Delpy|Jean-Hugues Anglade|Tai Thai|Bruce Ramsay,1993,6.1,111
4012,The Believer,Drama,Henry Bean,Ryan Gosling|Summer Phoenix|Theresa Russell|Billy Zane|Joshua Harto,2001,6.8,151
14054,Snow Angels,Drama|Romance,David Gordon Green,Kate Beckinsale|Sam Rockwell|Michael Angarano|Olivia Thirlby|Amy Sedaris,2008,6.5,48
323271,Unsullied,Thriller|Action|Horror,Simeon Rice,Rusty Joiner|Murray Gray|James Gaudioso|Erin Boyes,2015,3.0,1
10972,Session 9,Horror|Mystery,Brad Anderson,Peter Mullan|David Caruso|Stephen Gevedon|Josh Lucas|Brendan Sexton III,2001,6.2,251
13066,I Want Someone to Eat Cheese With,Comedy|Romance,Jeff Garlin,Jeff Garlin|Sarah Silverman|Bonnie Hunt|Elle Fanning|Jessy Schram,2006,5.7,12
66025,Mooz-lum,Drama,Qasim Basir,Nia Long|Danny Glover|Evan Ross|Summer Bishil,2011,4.5,3
11908,Hatchet,Comedy|Horror,Adam Green,Joel David Moore|Tamara Feldman|Deon Richmond|Kane Hodder|Mercedes McNab,2006,5.7,159
3082,Modern Times,Drama|Comedy,Charlie Chaplin,Charlie Chaplin|Paulette Goddard|Henry Bergman|Tiny Sandford|Chester Conklin,1936,8.1,856
39541,Stolen Summer,Drama|Family|Comedy,Pete Jones,Aidan Quinn|Bonnie Hunt|Kevin Pollak|Eddie Kaye Thomas|Lisa Dodson,2002,6.4,9
1961,My Name Is Bruce,Comedy|Horror,Bruce Campbell,Bruce Campbell|Grace Thorsen|Ted Raimi|Adam Boyd|Mike Estes,2007,5.9,107
51820,The Salon,Comedy,Mark Brown,Dondre Whitfield|Kym Whitley|Monica Calhoun|Terrence Howard|Darrin Henson,2005,3.5,1
291362,Road Hard,Comedy,Adam Carolla,Adam Carolla|Diane Farr|Larry Miller|Mindy Robinson|David Koechner,2015,6.6,8
30082,Forty Shades of Blue,Drama|Romance,Ira Sachs,Dina Korzun|Rip Torn|Darren E. Burrows|Andrew Henderson|Elizabeth Morton,2005,6.0,2
72913,Amigo,Drama|History|War,John Sayles,Chris Cooper|DJ Qualls|Garret Dillahunt|Yul Vazquez|Lucas Neff,2010,6.0,2
23963,Pontypool,Horror|Mystery|Science Fiction,Bruce McDonald,Stephen McHattie|Lisa Houle|Georgina Reilly|Hrant Alianak|Rick Roberts,2009,6.6,183
29406,Trucker,Drama,James Mottern,Michelle Monaghan|Nathan Fillion|Joey Lauren Adams|Jimmy Bennett|Mika Boorem,2008,6.8,16
104755,The Lords of Salem,Horror|Thriller,Rob Zombie,Sheri Moon Zombie|Bruce Davison|Jeff Daniel Phillips|Judy Geeson|Meg Foster,2012,5.1,242
253306,Housebound,Horror|Comedy|Thriller,Gerard Johnstone,Morgana O'Reilly|Rima Te Wiata|Glen-Paul Waru|Cameron Rhodes|Millen Baird,2014,6.5,358
29595,Wal-Mart: The High Cost of Low Price,Documentary,Robert Greenwald,Lee Scott|Don Hunter|Jon Hunter|Jeremy Hunter|Matt Hunter,2005,6.9,24
46729,Fetching Cody,Comedy|Drama|Fantasy|Romance|Science Fiction,David Ray,Jay Baruchel|Sarah Lind|Jim Byrnes|Neil Denis|Chilton Crane,2005,6.8,6
294600,Last I Heard,Drama|Comedy,David Rodriguez,Paul Sorvino|Chazz Palminteri|Michael Rapaport|Renee Props,2013,6.0,1
137347,Closer to the Moon,Comedy|Drama,Nae Caranfil,Vera Farmiga|Mark Strong|Harry Lloyd|Anton Lesser|Joe Armstrong,2013,6.4,13
290370,Mutant World,Science Fiction,David Winning,Kim Coates|Holly Deveaux|Ashanti|Amber Marshall|Jason Cermak,2014,2.6,9
426469,Growing Up Smith,Comedy|Family|Drama,Frank Lotito,Roni Akurati|Brighton Sharbino|Jason Lee|Anjul Nigam|Hilarie Burton,2017,7.4,7
356841,Checkmate,Thriller|Action|Crime,Timothy Woodward Jr.,Danny Glover|Sean Astin|Vinnie Jones|Mischa Barton|Michael Paré,2015,4.2,13
301325,#Horror,Drama|Mystery|Horror|Thriller,Tara Subkoff,Taryn Manning|Natasha Lyonne|Chloë Sevigny|Balthazar Getty|Timothy Hutton,2015,3.3,52
347755,Wind Walkers,Action|Horror|Thriller,Russell Friedenberg,Zane Holtz|Glen Powell|Kiowa Gordon|Castille Landon|Johnny Sequoyah,2016,7.5,6
408,Snow White and the Seven Dwarfs,Fantasy|Animation|Family,David Hand,Adriana Caselotti|Lucille La Verne|Harry Stockwell|Roy Atwell|Pinto Colvig,1937,6.9,1914
44413,The Holy Girl,Drama|Foreign,Lucrecia Martel,María Alché|Mercedes Morán|Carlos Belloso|Alejandro Urdapilleta|Mía Maestro,2004,6.8,10
39209,Shalako,Western,Edward Dmytryk,Sean Connery|Brigitte Bardot|Jack Hawkins|Stephen Boyd|Peter van Eyck,1968,5.4,12
48463,Incident at Loch Ness,Adventure|Comedy|Horror,Zak Penn,Werner Herzog|Kitana Baker|Gabriel Beistain|Russell Williams II|David A. Davidson,2004,5.9,18
394047,The Dog Lover,Drama,Alex Ranarivelo,Allison Paige|James Remar|Lea Thompson|Jayson Blair|Sherry Stringfield,2016,5.3,6
312791,GirlHouse,Horror|Thriller,Jon Knautz,Ali Cobrin|Erin Agostino|James Thomas|Alice Hunter|Alyson Bath,2014,5.2,97
266034,The Blue Room,Drama|Crime|Thriller,Mathieu Amalric,Mathieu Amalric|Léa Drucker|Stéphanie Cléau|Laurent Poitrenaux,2014,6.2,32
280381,House at the End of the Drive,Thriller|Horror,David Worth,James Oliver|Jonathan Mangum|Alison Raimondi|Angela Jones|Lance Henriksen,2014,0.0,0
2661,Batman,Family|Adventure|Comedy|Science Fiction|Crime,Leslie H. Martinson,Adam West|Burt Ward|Lee Meriwether|Cesar Romero|Burgess Meredith,1966,6.1,203
100,"Lock, Stock and Two Smoking Barrels",Comedy|Crime,Guy Ritchie,Jason Flemyng|Dexter Fletcher|Nick Moran|Jason Statham|Vinnie Jones,1998,7.5,1648
218500,The Ballad of Gregorio Cortez,Western,Robert M. Young,Edward James Olmos|James Gammon|Tom Bower,1983,0.0,0
309,The Celebration,Drama,Thomas Vinterberg,Ulrich Thomsen|Henning Moritzen|Thomas Bo Larsen|Paprika Steen|Birthe Neumann,1998,7.7,207
27845,Trees Lounge,Comedy|Drama,Steve Buscemi,Steve Buscemi|Chloë Sevigny|Carol Kane|Mark Boone Junior|Bronson Dudley,1996,6.7,51
25784,Journey from the Fall,Drama,Ham Tran,Kiều Chinh|Long Nguyen|Diem Lien|Jayvee Mai The Hiep|Khanh Doan,2006,5.0,1
52790,The Basket,Drama,Rich Cowan,Peter Coyote|Karen Allen|Robert Burke|Amber Willenborg|Jack MacDonald,2000,6.5,6
100275,Eddie: The Sleepwalking Cannibal,Horror|Comedy,Boris Rodriguez,Thure Lindhardt|Dylan Smith|Georgina Reilly|Alain Goulem|Stephen McHattie,2012,6.1,30
295914,Queen of the Mountains,Drama|Action,Sadyk Sher-Niyaz,Elina Abai Kyzy|Aziz Muradillayev|Nasira Mambetov|Adilet Usubaliyev|Mirlan Abdulayev,2014,0.0,0
42033,Def-Con 4,Science Fiction,Paul Donovan,Lenore Zann|Maury Chaykin|Kate Lynch|Kevin King|John Walsch,1985,2.8,10
19187,The Hebrew Hammer,Action|Comedy,Jonathan Kesselman,Adam Goldberg|Judy Greer|Andy Dick|Mario Van Peebles,2003,5.9,18
46415,Neal 'n' Nikki,Comedy|Romance,Arjun Sablok,Uday Chopra|Tanisha Mukherjee|Abhishek Bachchan|Richa Pallod|Gaurav Gera,2005,2.3,4
38570,The 41–Year–Old Virgin Who Knocked Up Sarah Marshall and Felt Superbad About It,Comedy,Craig Moss,Bryan Callen|Noureen DeWulf|Mircea Monroe|Stephen Kramer Glickman|Austin Michael Scott,2010,3.2,34
27588,Forget Me Not,Drama|Horror|Romance,Tyler Oliver,Carly Schroeder|Cody Linley|Brie Gabrielle|Chloe Bridges|Micah Alberti,2009,5.0,66
223,Rebecca,Drama|Mystery,Alfred Hitchcock,Laurence Olivier|Joan Fontaine|George Sanders|Judith Anderson|Nigel Bruce,1940,7.7,336
9725,Friday the 13th Part 2,Horror|Thriller,Steve Miner,Amy Steel|John Furey|Adrienne King|Kirsten Baker|Betsy Palmer,1981,6.0,315
28580,The Lost Weekend,Drama,Billy Wilder,Ray Milland|Jane Wyman|Phillip Terry|Howard Da Silva|Doris Dowling,1945,7.4,112
23730,C.H.U.D.,Horror|Science Fiction,Douglas Cheek,John Heard|Daniel Stern|Christopher Curry|Kim Greist|Laure Mattos,1984,5.3,62
84197,Filly Brown,Drama,Michael D. Olmos,Resmine Atis|Baby Bash|David Bianchi|Jorge Diaz|Chingo Bling,2013,5.9,10
46256,The Lion of Judah,Adventure|Animation|Comedy|Family,Deryck Broom,Georgina Cordova|Ernest Borgnine|Michael Madsen|Scott Eastwood,2011,5.8,2
19997,Niagara,Crime|Drama|Thriller,Henry Hathaway,Marilyn Monroe|Joseph Cotten|Jean Peters|Max Showalter|Denis O'Dea,1953,6.7,79
43266,How Green Was My Valley,Drama,John Ford,Walter Pidgeon|Maureen O'Hara|Roddy McDowall|Donald Crisp|Anna Lee,1941,6.8,72
278316,Da Sweet Blood of Jesus,Thriller|Comedy|Romance,Spike Lee,Felicia Pearson|Zaraah Abrahams|Elvis Nolasco|Steven Hauck|Stephen Tyrone Williams,2014,4.1,13
1412,"Sex, Lies, and Videotape",Drama,Steven Soderbergh,Andie MacDowell|Peter Gallagher|James Spader|Laura San Giacomo|Ron Vawter,1989,6.7,185
176,Saw,Horror|Mystery|Crime,James Wan,Cary Elwes|Danny Glover|Monica Potter|Michael Emerson|Ken Leung,2004,7.2,2184
39939,Super Troopers,Comedy|Crime|Mystery,Jay Chandrasekhar,Jay Chandrasekhar|Steve Lemme|Kevin Heffernan|Paul Soter|Geoffrey Arend,2001,6.6,362
215924,The Amazing Catfish,Comedy|Drama,Claudia Sainte-Luce,Lisa Owen|Ximena Ayala|Sonia Franco|Wendy Guillén|Andrea Baeza,2013,5.7,17
480,Monsoon Wedding,Comedy|Drama|Romance,Mira Nair,Naseeruddin Shah|Lillete Dubey|Vijay Raaz|Tillotama Shome|Vasundhara Das,2001,6.8,57
14295,You Can Count on Me,Drama|Romance,Kenneth Lonergan,Laura Linney|Mark Ruffalo|Matthew Broderick|Jon Tenney|Rory Culkin,2000,6.8,88
11219,The Trouble with Harry,Comedy|Mystery|Thriller,Alfred Hitchcock,Edmund Gwenn|John Forsythe|Shirley MacLaine|Mildred Natwick|Mildred Dunnock,1955,6.9,149
20770,But I'm a Cheerleader,Comedy,Jamie Babbit,Natasha Lyonne|Brandt Wille|Bud Cort|Michelle Williams|RuPaul,1999,6.5,101
176124,Home Run,Drama,David Boyd,Scott Elrod|Dorian Brown|Charles Henry Wyson|James Devoti|Nicole Leigh,2013,6.3,24
500,Reservoir Dogs,Crime|Thriller,Quentin Tarantino,Harvey Keitel|Tim Roth|Michael Madsen|Chris Penn|Steve Buscemi,1992,8.0,3697
60400,The Blue Bird,Drama|Family|Fantasy,Walter Lang,Shirley Temple|Spring Byington|Nigel Bruce|Gale Sondergaard|Eddie Collins,1940,6.4,8
429,"The Good, the Bad and the Ugly",Western,Sergio Leone,Eli Wallach|Clint Eastwood|Lee Van Cleef|Aldo Giuffrè|Luigi Pistilli,1966,8.1,2311
310569,The Second Mother,Drama,Anna Muylaert,Regina Casé|Michel Joelsas|Camila Márdila|Karine Teles|Lourenço Mutarelli,2015,7.8,165
98369,Blue Like Jazz,Drama|Comedy,Steve Taylor,Marshall Allman|Claire Holt|Tania Raymonde|Justin Welborn|Eric Lange,2012,5.8,25
89750,"Pink Ribbons, Inc.",Documentary,Léa Pool,Samantha King|Barbara Brenner|Barbara Ehrenreich|Nancy Brinker|Susan Love,2011,6.8,6
49951,Certifiably Jonathan,Comedy,James David Pasternak,Jonathan Winters|Robin Williams|Sarah Silverman|Patricia Arquette,2007,0.0,0
86331,Desire,Drama|Romance,Laurent Bouhnik,Déborah Révy|Hélène Zimmer|Gowan Didi|Johnny Amaro|Johan Libéreau,2011,4.1,140
355629,The Blade of Don Juan,Drama|Comedy,Tom Sanchez,Juan Carlos Montoya|Rodrigo Viaggio|Irma Maury|Antonio Arrué|Viviana Andrade,2013,0.0,0
16433,Grand Theft Parsons,Crime|Comedy|Drama|Adventure,David Caffrey,Johnny Knoxville|Christina Applegate|Gabriel Macht|Marley Shelton|Robert Forster,2003,6.0,11
15544,Extreme Movie,Comedy,Adam Jay Epstein,Patrick J. Adams|Ryan Pinkston|Denise Boutte|Michael Cera|Frankie Muniz,2008,3.9,44
43884,The Charge of the Light Brigade,Action|Adventure|Drama|War,Michael Curtiz,Errol Flynn|Olivia de Havilland|Patric Knowles|Henry Stephenson|Nigel Bruce,1936,6.8,18
107315,Below Zero,Thriller|Horror,Justin Thomas Ostensen,Edward Furlong|Michael Berryman|Kristin Booth|Michael Eisner|Dee Hanna,2011,4.4,12
13064,Airborne,Action|Adventure|Comedy,Rob Bowman,Shane McDermott|Seth Green|Brittney Powell|Chris Conrad|Edie McClurg,1993,6.1,20
59917,Cotton Comes to Harlem,Action|Adventure,Ossie Davis,Godfrey Cambridge|Raymond St. Jacques|Calvin Lockhart|Judy Pace|Redd Foxx,1970,6.7,13
157422,The Wicked Within,Horror,Jay Alaimo,Sienna Guillory|Gianni Capaldi|Enzo Cilenti|Michele Hicks|Sonja Kinski,2015,4.2,26
310933,Bleeding Hearts,Horror,Dylan Bank,Robert Loggia|Charles Durning|Tony Todd|Dustin Diamond|Wilson Jermaine Heredia,2013,2.0,1
7553,Waiting...,Comedy,Rob McKittrick,Ryan Reynolds|Anna Faris|Justin Long|David Koechner|Luis Guzmán,2005,6.2,237
12877,Dead Man's Shoes,Drama|Thriller|Crime,Shane Meadows,Paddy Considine|Gary Stretch|Toby Kebbell|Jo Hartley|Seamus O'Neill,2004,7.2,151
39895,From a Whisper to a Scream,Comedy|Horror,Jeff Burr,Vincent Price|Clu Gulager|Terry Kiser|Rosalind Cash|Cameron Mitchell,1987,6.8,15
55616,Dracula: Pages from a Virgin's Diary,Horror,Guy Maddin,Wei-Qiang Zhang|Tara Birtwhistle|David Moroni|CindyMarie Small|Johnny A. Wright,2002,6.9,8
29697,Faith Like Potatoes,Drama,Regardt van den Bergh,Frank Rautenbach|Jeanne Neilson|Hamilton Dlamini|Sean Cameron Michael|Rochelle Buchan,2006,6.0,9
50037,Beyond the Black Rainbow,Fantasy|Science Fiction|Horror,Panos Cosmatos,Michael Rogers|Scott Hylands|Marilyn Norry|Eva Allan|Rondel Reynoldson,2010,5.7,77
94329,The Raid,Action|Thriller|Crime,Gareth Evans,Iko Uwais|Joe Taslim|Donny Alamsyah|Yayan Ruhian|Ray Sahetapy,2011,7.3,1055
53502,The Dead Undead,Horror|Science Fiction|Action,Matthew R. Anderson,Luke Goss|Joshua Alba|Matthew R. Anderson|Laura Chinn|Cameron Goodman,2010,3.1,6
202604,The Vatican Exorcisms,Horror|Documentary|Mystery,Joe Marino,Joe Marino,2013,4.4,11
289,Casablanca,Drama|Romance,Michael Curtiz,Humphrey Bogart|Ingrid Bergman|Paul Henreid|Claude Rains|Conrad Veidt,1942,7.9,1422
27374,Lake Mungo,Horror|Thriller,Joel Anderson,Talia Zucker|Rosie Traynor|David Pledger|Martin Sharpe|Steve Jodrell,2008,6.1,90
26815,Rocket Singh: Salesman of the Year,Drama|Comedy|Romance,Shimit Amin,Ranbir Kapoor|Sumeet Darshan Dobhal|Gauhar Khan|Shazahn Padamsee|Prem Chopra,2009,7.0,27
811,Silent Running,Adventure|Drama|Science Fiction,Douglas Trumbull,Bruce Dern|Cliff Potts|Ron Rifkin|Jesse Vint|Steven Brown,1972,6.3,177
1366,Rocky,Drama,John G. Avildsen,Sylvester Stallone|Talia Shire|Burt Young|Carl Weathers|Burgess Meredith,1976,7.5,1791
244776,The Sleepwalker,Drama,Mona Lerche,Christopher Abbott|Brady Corbet|Stephanie Ellis|Gitte Witt,2014,4.1,7
5769,Tom Jones,Adventure|Comedy|History|Romance,Tony Richardson,Albert Finney|Susannah York|Hugh Griffith|Edith Evans|Joan Greenwood,1963,6.1,39
277685,Unfriended,Horror|Thriller,Levan Gabriadze,Shelley Hennig|Moses Jacob Storm|Renee Olstead|William Peltz|Jacob Wysocki,2015,5.5,1047
103,Taxi Driver,Crime|Drama,Martin Scorsese,Robert De Niro|Cybill Shepherd|Harvey Keitel|Jodie Foster|Peter Boyle,1976,8.0,2535
11298,The Howling,Drama|Horror,Joe Dante,Patrick Macnee|Dennis Dugan|Christopher Stone|Belinda Balaski|Kevin McCarthy,1981,6.4,161
646,Dr. No,Adventure|Action|Thriller,Terence Young,Sean Connery|Ursula Andress|Joseph Wiseman|Jack Lord|Bernard Lee,1962,6.9,940
93856,Chernobyl Diaries,Horror|Thriller,Bradley Parker,Jesse McCartney|Jonathan Sadowski|Olivia Taylor Dudley|Ingrid Bolsø Berdal|Alex Feldman,2012,4.9,483
9003,Hellraiser,Horror,Clive Barker,Andrew Robinson|Clare Higgins|Ashley Laurence|Sean Chapman|Oliver Smith,1987,6.9,449
347126,God's Not Dead 2,Drama,Harold Cronk,Hayley Orrantia|Melissa Joan Hart|Jesse Metcalfe|David A.R. White|Ray Wise,2016,5.7,72
10092,Cry_Wolf,Horror|Thriller,Jeff Wadlow,Julian Morris|Lindy Booth|Jared Padalecki|Jon Bon Jovi|Sandra McCoy,2005,5.6,126
10643,Godzilla 2000,Adventure|Horror|Action|Science Fiction,Takao Okawara,Takehiro Murata|Naomi Nishida|Mayu Suzuki|Hiroshi Abe|Shirô Sano,1999,5.9,43
46705,Blue Valentine,Drama|Romance,Derek Cianfrance,Ryan Gosling|Michelle Williams|Mike Vogel|John Doman|Faith Wladyka,2010,6.9,890
546,Transamerica,Drama,Duncan Tucker,Felicity Huffman|Kevin Zegers|Elizabeth Peña|Danny Burstein|Maurice Orozco,2005,6.9,144
76487,The Devil Inside,Thriller|Horror,William Brent Bell,Fernanda Andrade|Simon Quarterman|Evan Helmuth|Ionut Grama|Suzan Crowley,2012,4.6,262
5722,Beyond the Valley of the Dolls,Comedy|Drama|Thriller,Russ Meyer,Dolly Read|Cynthia Myers|Marcia McBroom|John Lazar|Michael Blodgett,1970,6.6,53
39833,Love Me Tender,Drama|Action|Western|Music|Romance,Robert D. Webb,Richard Egan|Debra Paget|Elvis Presley|Robert Middleton|William Campbell,1956,5.5,21
1781,An Inconvenient Truth,Documentary,Davis Guggenheim,Al Gore|Billy West|Ronald Reagan|George W. Bush|George H. W. Bush,2006,6.7,251
18712,Sands of Iwo Jima,Action|Drama|History|War,Allan Dwan,John Wayne|John Agar|Adele Mara|Forrest Tucker|Wally Cassell,1949,6.2,33
7944,Shine a Light,Documentary|Music,Martin Scorsese,Mick Jagger|Keith Richards|Charlie Watts|Ronnie Wood|Christina Aguilera,2008,7.2,44
171424,The Green Inferno,Action|Adventure|Horror|Thriller,Eli Roth,Lorenza Izzo|Ariel Levy|Sky Ferreira|Nicolas Martinez|Kirby Bliss Blanton,2014,5.0,349
361475,Departure,Drama|Romance|Family,Andrew Steggall,Juliet Stevenson|Alex Lawther|Phénix Brossard|Finbar Lynch|Niamh Cusack,2016,7.5,12
113947,The Sessions,Drama|Romance|Comedy,Ben Lewin,John Hawkes|Helen Hunt|William H. Macy|Moon Bloodgood|Annika Marks,2012,6.6,179
18570,"Food, Inc.",Documentary,Robert Kenner,Michael Pollan|Eric Schlosser|Richard Lobb|Vince Edwards|Carole Morison,2008,7.4,217
83860,October Baby,Drama,Andrew Erwin,Rachel Hendrix |Jason Burkey|Robert Amaya |John Schneider,2011,6.8,35
41469,Next Stop Wonderland,Comedy|Drama|Romance,Brad Anderson,Hope Davis|Philip Seymour Hoffman|Holland Taylor|Alan Gelfant|Jason Lewis,1998,6.0,20
244772,The Skeleton Twins,Drama,Craig Johnson,Kristen Wiig|Bill Hader|Luke Wilson|Ty Burrell|Boyd Holbrook,2014,6.7,292
50837,Martha Marcy May Marlene,Drama|Thriller,Sean Durkin,Elizabeth Olsen|Hugh Dancy|John Hawkes|Sarah Paulson|Brady Corbet,2011,6.7,277
248774,Obvious Child,Comedy|Romance,Gillian Robespierre,Jenny Slate|Jake Lacy|Gaby Hoffmann|Paul Briganti|Stephen Singer,2014,6.7,187
10183,Frozen River,Drama,Courtney Hunt,Melissa Leo|Misty Upham|Charlie McDermott|John Canoe|Jay Klaitz,2008,6.7,99
159014,20 Feet from Stardom,Documentary|Music,Morgan Neville,Bette Midler|Mick Jagger|Sting|Sheryl Crow|Bruce Springsteen,2013,7.4,85
32456,Two Girls and a Guy,Drama|Romance,James Toback,Robert Downey Jr.|Natasha Gregson Wagner|Heather Graham|Angel David|Frederique van der Wal,1997,5.4,24
49963,Walking and Talking,Comedy|Drama|Romance,Nicole Holofcener,Catherine Keener|Anne Heche|Liev Schreiber|Randall Batinkoff|Amy Braverman,1996,6.6,7
13508,Who Killed the Electric Car?,Documentary,Chris Paine,Martin Sheen|Mel Gibson|Tom Hanks,2006,7.2,59
22597,The Broken Hearts Club: A Romantic Comedy,Comedy|Drama|Romance,Greg Berlanti,Ben Weber|Timothy Olyphant|Matt McGrath|Zach Braff|Dean Cain,2000,6.3,25
9707,Bubba Ho-tep,Comedy|Horror|Thriller|Mystery|Fantasy,Don Coscarelli,Bruce Campbell|Ossie Davis|Ella Joyce|Heidi Marnhout|Bob Ivy,2002,6.7,191
37532,Slam,Drama,Marc Levin,Saul Williams|Sonja Sohn|Bonz Malone|Beau Sia,1998,6.7,7
26791,Brigham City,Crime|Drama|Mystery|Thriller,Richard Dutcher,Richard Dutcher|Matthew A. Brown|Wilford Brimley,2001,7.3,4
56666,Fiza,Drama|Foreign|Romance,Khalid Mohammed,Hrithik Roshan|Karisma Kapoor|Jaya Bachchan|Neha|Bikram Saluja,2000,6.1,7
8675,Orgazmo,Comedy,Trey Parker,Trey Parker|Dian Bachar|Matt Stone|Ron Jeremy|Michael Dean Jacobs,1997,6.2,115
13132,All the Real Girls,Drama|Romance,David Gordon Green,Paul Schneider|Zooey Deschanel|Danny McBride|Maurice Compte|Heather McComb,2003,5.9,30
47686,Dream with the Fishes,Comedy,Unknown Director,David Arquette|Brad Hunt|Kathryn Erbe|Patrick McGaw|Cathy Moriarty,1997,7.7,10
46989,Blue Car,Drama,Karen Moncrieff,Margaret Colin|Agnes Bruckner|David Strathairn|Frances Fisher|A.J. Buckley,2002,6.7,13
192132,Palo Alto,Drama,Gia Coppola,Emma Roberts|Jack Kilmer|Nat Wolff|James Franco|Zoe Levin,2014,6.4,348
24424,Ajami,Crime|Drama,Scandar Copti,Fouad Habash|Nisrine Rihan|Elias Saba|Youssef Sahwani|Abu George Shibli,2009,6.8,27
13198,Wristcutters: A Love Story,Comedy|Drama|Fantasy|Romance,Goran Dukic,Patrick Fugit|Shannyn Sossamon|Shea Whigham|Leslie Bibb|Will Arnett,2006,6.7,160
244267,I Origins,Science Fiction|Drama,Mike Cahill,Michael Pitt|Brit Marling|Astrid Bergès-Frisbey|Steven Yeun|Archie Panjabi,2014,7.5,1063
21413,The Battle of Shaker Heights,Comedy|Drama|Romance,Kyle Rankin,Shia LaBeouf|Elden Henson|Amy Smart|Billy Kay|Kathleen Quinlan,2003,5.6,17
123678,The Act of Killing,Documentary,Joshua Oppenheimer,Anwar Congo|Herman Koto|Syamsul Arifin|Ibrahim Sinik|Yapto Soerjosoemarno,2012,7.5,210
13362,Taxi to the Dark Side,Documentary,Alex Gibney,Brian Keith Allen|Moazzam Begg|Christopher Beiring|Alex Gibney,2007,6.6,53
39183,Once in a Lifetime: The Extraordinary Story of the New York Cosmos,Documentary,Paul Crowder,Pelé|Franz Beckenbauer|Carlos Alberto|Raphael de la Sierra|Phil Woosnam,2006,4.7,3
62402,Guiana 1838,Drama,Rohit Jagessar,Aasheekaa Bathija|Thomas Garvey|Kumar Gaurav|Rufus Graham|Asim Mujahid,2004,2.8,3
201132,Antarctica: A Year on Ice,Drama|Adventure|Documentary,Anthony Powell,Genevieve Bachman|William Brotman|Michael Christiansen|Tom Hamann|George Lampman,2013,7.2,29
251471,A LEGO Brickumentary,Documentary,Kief Davidson,Jason Bateman|Matthias Klie,2015,6.4,55
112456,Hardflip,Drama|Action,Johnny Remo,Randy Wayne|John Schneider|Rosanna Arquette|Sean Michael Afable|Jason Dundas,2012,4.7,5
20296,Chocolate: Deep Dark Secrets,Thriller,Vivek Agnihotri,Anil Kapoor|Sunil Shetty|Arshad Warsi|Emraan Hashmi|Irrfan Khan,2005,3.4,6
25983,The House of the Devil,Mystery|Horror,Ti West,Jocelin Donahue|Mary Woronov|Greta Gerwig|AJ Bowen|Heather Robb,2009,6.0,197
66195,The Perfect Host,Comedy|Thriller|Crime,Nick Tomnay,David Hyde Pierce|Clayne Crawford|Nathaniel Parker|Helen Reddy,2010,6.2,135
16155,Safe Men,Comedy|Crime,John Hamburg,Sam Rockwell|Steve Zahn|Paul Giamatti|Mark Ruffalo|Josh Pais,1998,6.3,16
46727,Speedway Junky,Romance|Drama|Crime,Nickolas Perry,Jesse Bradford|Jordan Brower|Jonathan Taylor Thomas|Daryl Hannah|Tiffani Thiessen,1999,5.2,7
55180,The Last Big Thing,Comedy|Drama,Dan Zukovic,Dan Zukovic|Mark Ruffalo|Sibel Ergener|James Lorinz|Yul Vazquez,1998,6.0,3
29015,The Specials,Action|Comedy,Craig Mazin,Jordan Ladd|Rob Lowe|Jamie Kennedy|Thomas Haden Church|James Gunn,2000,5.5,11
91122,16 to Life,Comedy|Romance,Becky Smith,Hallee Hirsh|Theresa Russell|Shiloh Fernandez|Will Rothhaar,2009,4.4,5
18206,Alone With Her,Crime|Drama|Romance|Thriller,Eric Nicholas,Colin Hanks|Ana Claudia Talancón|Jordana Spiro|Jonathon Trent|Alex Boling,2006,6.2,20
320146,Creative Control,Drama|Science Fiction,Benjamin Dickinson,Benjamin Dickinson|Nora Zehetner|Dan Gill|Alexia Rasmussen|Gavin McInnes,2016,5.4,25
13856,Special,Drama|Fantasy|Science Fiction,Hal Haberman,Michael Rapaport|Josh Peck|Robert Baker|Jack Kehler|Alexandra Holden,2006,6.6,32
56491,In Her Line of Fire,Drama|Action|Thriller,Brian Trenchard-Smith,Mariel Hemingway|David Keith|David Millbern|Jill Bennett|Sydney Jackson,2006,3.3,9
99826,The Jimmy Show,Comedy|Drama,Frank Whaley,Frank Whaley|Carla Gugino|Ethan Hawke|Lynn Cohen|Jillian Stacom,2002,8.0,1
186935,Heli,Crime|Drama,Amat Escalante,Armando Espitia|Andrea Vergara|Linda Gonzalez|Juan Eduardo Palacios|Kenny Johnston,2013,6.2,32
357441,Karachi se Lahore,Family|Comedy,Unknown Director,Shehzad Sheikh|Ayesha Omar|Yasir Hussain|Javed Sheikh,2015,8.0,1
19344,Loving Annabelle,Drama|Romance,Katherine Brooks,Erin Kelly|Diane Gaidry|Laura Breckenridge|Michelle Horn|Gustine Fudickar,2006,6.4,55
242083,Hits,Drama|Comedy,David Cross,Meredith Hagner|Matt Walsh|James Adomian|Jake Cherry|Derek Waters,2014,4.9,23
18869,Jimmy and Judy,Action|Crime|Drama|Thriller,Randall Rubin,Edward Furlong|Rachael Bella|William Sadler,2006,5.4,8
26673,Frat Party,Comedy|Romance,Robert Bennett,Randy Wayne|Caroline D'Amore|Jareb Dauplaise|Lauren C. Mayhew|Dan Levy,2009,3.5,4
41830,The Party's Over,Drama,Guy Hamilton,Oliver Reed|Clifford David|Ann Lynn|Louise Sorel|Mike Pratt,1965,6.1,6
37694,Proud,Drama,Mary Pat Kelly,Vernel Bagneris|Marcus Chait|Michael Ciesla,2004,5.5,3
63287,The Poker House,Drama,Lori Petty,Jennifer Lawrence|Selma Blair|Bokeem Woodbine|Chloë Grace Moretz|Sophia Bairley,2008,6.1,47
34592,ZMD: Zombies of Mass Destruction,Horror,Kevin Hamedani,Janette Armand|Doug Fahl|Cooper Hopkins|Bill Johns|Russell Hodgkinson,2009,4.7,31
92635,Snow White: A Deadly Summer,Horror|Thriller,David DeCoteau,Shanley Caswell|Maureen McCormick|Eric Roberts|Tim Abell|R.J. Cantu,2012,4.8,11
258755,Hidden Away,Romance|Drama,Mikel Rueda,Germán Alcarazu|Adil Koukouh|Ana Wagener|Alex Angulo,2014,7.6,26
96534,My Last Day Without You,Comedy|Drama|Romance,Stefan C. Schaefer,Ken Duken|Nicole Beharie|Reg E. Cathey|Marlene Forte|Laith Nakli,2011,5.7,3
21283,Steppin: The Movie,Comedy|Romance,Michael Taliferro,Wesley Jonathan|Chrystee Pharris|Anthony Anderson,2009,5.0,4
272724,Doc Holliday's Revenge,Western,David DeCoteau,Tom Berenger|Ashley Hayes|Eric Roberts|Bart Voitila|Oliver Rayon,2014,3.2,3
84178,Black Rock,Thriller|Horror,Katie Aselton,Kate Bosworth|Lake Bell|Jay Paulson|Katie Aselton|Will Bouvier,2012,4.9,78
101179,Truth or Dare,Horror|Thriller|Mystery,Robert Heath,Liam Boyle|Jack Gordon|Florence Hall|David Oakes|Jennie Jacques,2012,5.7,117
52462,The Pet,Drama|Thriller,D. Stevens,Pierre Dulat|Andrea Edmondson|Summer Nguyen|Lydia McLane|Steven Wollenberg,2006,5.3,3
269057,Bang Bang Baby,Science Fiction|Drama|Music,Jeffrey St. Jules,Jane Levy|Peter Stormare|Justin Chatwin|David Reale|Kristian Bruun,2014,6.6,8
287524,Fear Clinic,Horror,Robert Hall,Thomas Dekker|Robert Englund|Cleopatra Coleman|Fiona Dourif|Kevin Gage,2014,4.0,42
206213,Zombie Hunter,Comedy|Action|Science Fiction|Thriller,Kevin King,Martin Copping|Danny Trejo|Clare Niederpruem|Terry Guthrie|Jason Regier,2013,3.5,34
248402,A Fine Step,Drama,Jonathan Meyers,Luke Perry|Anna Claire Sneed|Leonor Varela,2014,4.1,7
29146,Charly,Drama|Romance|Science Fiction,Ralph Nelson,Cliff Robertson|Claire Bloom|Lilia Skala|Leon Janney|Ruth White,1968,6.6,28
207769,Banshee Chapter,Horror|Thriller,Blair Erickson,Ted Levine|Katia Winter|Michael McMillian|Monique Candelaria|Jenny Gabrielle,2013,5.7,92
271185,Ask Me Anything,Drama|Mystery|Thriller,Allison Burnett,Britt Robertson|Christian Slater|Justin Long|Martin Sheen|Andy Buckley,2014,5.5,155
29731,And Then Came Love,Comedy|Romance,Richard Schenkman,Kevin Daniels|Michael Boatman|Jeremy Gumbs|Eartha Kitt|Vanessa Williams,2007,5.0,1
654,On the Waterfront,Crime|Drama,Elia Kazan,Marlon Brando|Karl Malden|Lee J. Cobb|Rod Steiger|Pat Henning,1954,8.0,357
91070,L!fe Happens,Comedy,Kat Coiro,Krysten Ritter|Kate Bosworth|Rachel Bilson|Geoff Stults|Justin Kirk,2011,5.3,66
2009,"4 Months, 3 Weeks and 2 Days",Drama,Cristian Mungiu,Anamaria Marinca|Laura Vasiliu|Vlad Ivanov|Alexandru Potocean|Luminița Gheorghiu,2007,7.3,156
323270,The Horror Network Vol. 1,Horror,Joseph Graham,Nick Frangione|Artem Mishin|Jan Cornet|Brian Dorton|Javier Botet,2015,5.0,2
2652,Hard Candy,Drama|Thriller,David Slade,Patrick Wilson|Ellen Page|Sandra Oh|Odessa Rae|G.J. Echternkamp,2005,6.8,701
9813,The Quiet,Drama|Thriller,Jamie Babbit,Elisha Cuthbert|Camilla Belle|Edie Falco|Martin Donovan|Shawn Ashmore,2005,6.1,73
60421,Circumstance,Drama,Maryam Keshavarz,Nikohl Boosheri|Sarah Kazemy|Reza Sixo Safai|Soheil Parsa|Nasrin Pakkho,2011,7.4,23
157354,Fruitvale Station,Drama,Ryan Coogler,Michael B. Jordan|Octavia Spencer|Melonie Diaz|Ahna O'Reilly|Kevin Durand,2013,7.3,390
127867,The Brass Teapot,Comedy|Fantasy|Thriller,Ramaa Mosley,Juno Temple|Michael Angarano|Alexis Bledel|Billy Magnussen|Alia Shawkat,2012,5.8,160
3170,Bambi,Animation|Drama|Family,David Hand,Donnie Dunagan|Peter Behn|Stan Alexander|Cammie King|Will Wright,1942,6.8,1405
14014,The Hammer,Comedy,Charles Herman-Wurmfeld,Adam Carolla|Oswaldo Castillo|Harold House Moore|Christopher Darga|Jonathan Hernandez,2007,6.5,15
15708,Latter Days,Drama|Comedy|Romance,C. Jay Cox,Steve Sandvoss|Wes Ramsey|Jacqueline Bisset|Joseph Gordon-Levitt|Rebekah Johnson,2003,6.7,56
146882,Elza,Drama,Mariette Monpierre,Stana Roumillac|Vincent Byrd Le Sage|Christophe Cherki,2011,0.0,0
215918,1982,Drama,Tommy Oliver,Bokeem Woodbine|Sharon Leal|Wayne Brady|Quinton Aaron|Hill Harper,2013,5.0,1
84200,"For a Good Time, Call...",Comedy,Jamie Travis,Ari Graynor|Lauren Miller|Mark Webber|Justin Long|Mimi Rogers,2012,5.8,110
84184,Celeste & Jesse Forever,Comedy|Drama|Romance,Lee Toland Krieger,Rashida Jones|Andy Samberg|Elijah Wood|Emma Roberts|Ari Graynor,2012,6.4,163
45767,Time Changer,Comedy|Drama|Family|Science Fiction,Rich Christiano,D. David Morin|Gavin MacLeod|Hal Linden|Jennifer O'Neill|Paul Rodríguez,2002,5.2,9
14823,London to Brighton,Crime|Drama|Thriller,Paul Andrew Williams,Georgia Groome|Johnny Harris|Sam Spruell|Lorraine Stanley|Alexander Morton,2006,6.5,34
367551,American Hero,Action|Comedy|Science Fiction,Nick Love,Stephen Dorff|Eddie Griffin|Bill Billions|Jonathan Billions,2015,5.0,62
343409,Windsor Drive,Thriller|Mystery,Natalie Bible',Samaire Armstrong|Anna Gurji|Matt Cohen|Kyan DuBois,2015,2.0,1
60243,A Separation,Drama,Asghar Farhadi,Leila Hatami|Kimia Hosseini|Merila Zarei|پیمان معادی|Sareh Bayat,2011,7.7,469
57294,Crying with Laughter,Comedy|Drama|Thriller,Justin Molotnikov,Stephen McCole|Malcolm Shields|Andrew Neil|Jo Hartley,2009,7.0,1
11446,Welcome to the Dollhouse,Comedy|Drama,Todd Solondz,Heather Matarazzo|Victoria Davis|Christina Brucato|Christina Vidal|Siri Howard,1995,6.9,103
47889,Ruby in Paradise,Drama|Romance,Victor Nunez,Ashley Judd|Todd Field|Bentley Mitchum|Dorothy Lyman|Allison Dean,1993,5.6,10
25461,Raising Victor Vargas,Drama|Romance,Peter Sollett,Victor Rasuk|Judy Marte|Melonie Diaz|Altagracia Guzman|Silvestre Rasuk,2002,7.8,13
905,Pandora's Box,Drama|Thriller|Romance,G.W. Pabst,Louise Brooks|Fritz Kortner|Francis Lederer|Carl Goetz|Krafft-Raschig,1929,7.6,45
78705,Live-In Maid,Drama|Foreign,Jorge Gaggero,Norma Aleandro|Norma Argentina |Marcos Mundstock|Claudia Lapacó|Elsa Berenguer,2004,7.8,3
25212,Deterrence,Action|Drama|Mystery|Thriller,Rod Lurie,Kevin Pollak|Timothy Hutton|Sheryl Lee Ralph|Clotilde Courau|Sean Astin,2000,6.1,7
26899,The Mudge Boy,Drama,Michael Burke,Emile Hirsch|Tom Guiry|Richard Jenkins|Pablo Schreiber|Zachary Knighton,2003,7.3,23
146269,The Young Unknowns,Drama,Catherine Jelski,Devon Gummersall|Arly Jover|Eion Bailey|Leslie Bibb|Dale Godboldo,2000,0.0,0
292483,Not Cool,Comedy,Shane Dawson,Shane Dawson|Cherami Leigh|Drew Monson|Michelle Veintimilla|Lisa Schwartz,2014,3.7,25
14451,Dead Snow,Horror|Comedy,Tommy Wirkola,Charlotte Frogner|Stig Frode Henriksen|Vegar Hoel|Jeppe Beck Laursen|Evy Kasseth Røsten,2009,6.1,311
10105,Saints and Soldiers,Action|Adventure|Drama|History|War,Ryan Little,Larry Bagby|Alexander Polinsky|Kirby Heyborne|Corbin Allred|Ethan Vincent,2003,6.6,98
211557,Vessel,Horror|Science Fiction,Clark Baker,Brandon Bales|Brandy Maasch|Julie Mintz|Walter Phelan|Taylor Pigeon,2012,5.9,8
838,American Graffiti,Comedy|Drama,George Lucas,Richard Dreyfuss|Ron Howard|Paul Le Mat|Charles Martin Smith|Cindy Williams,1973,6.9,324
40862,Iraq for Sale: The War Profiteers,Documentary,Robert Greenwald,Shereef Akeel,2006,8.0,6
13158,Aqua Teen Hunger Force Colon Movie Film for Theaters,Animation|Comedy,Dave Willis,Dana Snyder|Carey Means|Dave Willis|Andy Merrill|Bruce Campbell,2007,6.5,35
84332,Safety Not Guaranteed,Comedy|Romance|Science Fiction|Drama,Colin Trevorrow,Aubrey Plaza|Mark Duplass|Jake Johnson|Karan Soni|Jenica Bergere,2012,6.8,556
74510,Kevin Hart: Laugh at My Pain,Comedy|Documentary,Tim Story,Kevin Hart|Na'im Lynn,2011,7.7,43
74725,Kill List,Horror|Thriller|Crime,Ben Wheatley,Neil Maskell|MyAnna Buring|Harry Simpson|Michael Smiley|Struan Rodger,2011,6.0,210
58428,The Innkeepers,Horror|Thriller,Ti West,Sara Paxton|Pat Healy|Kelly McGillis|George Riddle|Lena Dunham,2011,5.4,219
8416,The Conformist,Drama,Bernardo Bertolucci,Jean-Louis Trintignant|Stefania Sandrelli|Gastone Moschin|Dominique Sanda|Enzo Tarascio,1970,7.6,127
36584,Interview with the Assassin,Drama|Thriller,Neil Burger,Dylan Haggerty|Renee Faia|Dennis Lau|Raymond J. Barry|Kelsey Kemper,2002,5.6,5
13429,Donkey Punch,Horror|Drama|Thriller|Crime,Olly Blackburn,Nichola Burley|Sian Breckin|Jaime Winstone|Robert Boulter|Tom Burke,2008,4.5,52
9022,All the Boys Love Mandy Lane,Horror|Mystery|Thriller,Jonathan Levine,Amber Heard|Anson Mount|Michael Welch|Whitney Able|Edwin Hodge,2008,5.7,209
22530,Bled,Horror,Christopher Hutson,Sarah Farooqui|Chris Ivan Cevic|Alex Petrovitch|Michele Morrow|Ivan L. Moody,2008,3.8,4
288,High Noon,Western,Fred Zinnemann,Gary Cooper|Grace Kelly|Thomas Mitchell|Lloyd Bridges|Katy Jurado,1952,7.6,334
14275,Hoop Dreams,Documentary,Steve James,William Gates|Arthur Agee|Steve James,1994,7.7,87
2287,Rize,Documentary,David LaChapelle,Christopher Toler|Tommy the Clown|Miss Prissy|Dragon|Ceasare Willis,2005,5.9,13
18734,L.I.E.,Drama,Michael Cuesta,Paul Dano|Bruce Altman|Brian Cox|Billy Kay|James Costa,2001,6.7,31
206197,The Sisterhood of Night,Mystery|Drama|Thriller,Caryn Waechter,Kara Hayward|Georgie Henley|Olivia DeJonge|Laura Fraser|Kal Penn,2015,6.5,31
26837,B-Girl,Crime|Drama|Music,Emily Dell,Julie 'Jules' Urich|Missy Yager|Wesley Jonathan|Drew Sidora|Aimee Garcia,2009,5.5,7
7859,Half Nelson,Drama,Ryan Fleck,Ryan Gosling|Jeff Lima|Shareeka Epps|Nathan Corbett|Tyra Kwao-Vovo,2006,6.5,240
302579,Naturally Native,Drama,Valerie Red-Horse,Valerie Red-Horse|Yvonne Russo|Irene Bedard|Kimberly Guerrero|Pato Hoffmann,1999,0.0,0
51955,Hav Plenty,Action|Comedy|Romance|Science Fiction|Thriller,Christopher Scott Cherot,Christopher Scott Cherot|Chenoa Maxwell|Tammi Katherine Jones|Robinne Lee|Reginald James,1997,0.0,0
376004,Adulterers,Thriller|Crime|Drama,H.M. Coakley,Sean Faris|Danielle Savre|Mehcad Brooks|Stephanie Charles|Steffinnie Phrommany,2016,5.2,16
158752,Escape from Tomorrow,Horror|Fantasy,Randy Moore,Roy Abramsohn|Elena Schuber|Katelynn Rodriguez|Danielle Safady|Alison Lees-Taylor,2013,4.8,87
40658,Starsuckers,Documentary|Foreign,Chris Atkins,Ellis Cashmore|Max Clifford|Richard Curtis|Josef d'Bache-Kane|Nick Davies,2009,6.2,5
118612,After,Mystery|Thriller,Ryan Smith,Steven Strait|Karolina Wydra|Sandra Ellis Lafferty|Ric Reitz|Jackson Walker,2012,5.6,63
138976,Treachery,Drama,Travis Romero,Matthew Ziff|Michael Biehn|Sarah Butler|Caitlin Keats,2013,4.8,5
323967,Walter,Drama|Comedy,Anna Mastro,Andrew J. West|Justin Kirk|Virginia Madsen|William H. Macy|Milo Ventimiglia,2015,5.3,26
3080,Top Hat,Comedy|Music|Romance,Mark Sandrich,Fred Astaire|Ginger Rogers|Edward Everett Horton|Helen Broderick|Erik Rhodes,1935,7.4,59
2667,The Blair Witch Project,Horror|Mystery,Daniel Myrick,Michael C. Williams|Heather Donahue|Joshua Leonard|Bob Griffith|Jim King,1999,6.3,1055
9459,Woodstock,History|Documentary|Music,Michael Wadleigh,Joe Cocker|Richie Havens|Joan Baez|Arlo Guthrie|Ten Years After,1970,7.1,66
11598,The Kentucky Fried Movie,Comedy,John Landis,Evan C. Kim|Bong Soo Han|Marilyn Joi|Saul Kahan|Marcy Goldman,1977,6.4,66
26916,Mercy Streets,Action|Adventure|Drama,Jon Gunn,Eric Roberts|David A.R. White|Cynthia Watros|Lawrence Taylor|Stacy Keach,2000,5.5,2
181940,Carousel of Revenge,Thriller|Mystery,Gene Teigland,Erik Allen|Randy Baranczyk|Chris Carlson|Ben Coler|Nancy Crocker,2007,0.0,0
125263,Broken Vessels,Drama,Scott Ziehl,Todd Field|Jason London|Roxana Zal|Susan Traylor|James Hong,1998,6.0,2
263503,Water & Power,Crime|Drama,Richard Montoya,Enrique Murciano|Nicholas Gonzalez|Clancy Brown|Yvette Yates|Rafael Agustin,2014,3.0,1
324322,They Will Have to Kill Us First,Music|Documentary,Johanna Schwartz,Aliou Touré|Oumar Touré|Garba Touré|Nathanael Dembélé|Khaira Arby,2015,5.0,1
375950,The Country Doctor,Drama|Comedy,Thomas Lilti,François Cluzet|Marianne Denicourt|Isabelle Sadoyan|Félix Moati|Christophe Odent,2016,6.0,63
278348,The Maid's Room,Thriller,Michael Walker,Paula Garcés|Annabella Sciorra|Bill Camp|Philip Ettinger|Julio C. Peña,2014,4.8,4
704,A Hard Day's Night,Comedy|Music,Richard Lester,John Lennon|Paul McCartney|George Harrison|Ringo Starr|Wilfrid Brambell,1964,7.3,168
75986,Love Letters,Drama|Thriller,Amy Holden Jones,Jamie Lee Curtis|Bonnie Bartlett|Matt Clark|James Keach|Amy Madigan,1983,4.6,4
385636,Juliet and Alfa Romeo,Comedy|Drama,Blaž Završnik,Dario Nožić Serini|Jan Gerl Korenc|Špela Colja|Katja Škofić|Ana Dolinar,2015,6.0,1
14438,Fireproof,Drama,Alex Kendrick,Kirk Cameron|Erin Bethea|Ken Bevel|Stephen Dervan|Eric Young,2008,7.0,100
211086,Faith Connections,Documentary|Drama,Pan Nalin,Bhole Baba|Hatha Yogi Baba|Pant Shirt Baba|Baby Bajrangi|Shriman Umeshanad Brahmachari,2013,4.2,3
23069,Benji,Adventure|Family|Romance,Joe Camp,Patsy Garrett|Allen Fiuzat|Cynthia Smith|Peter Breck|Frances Bavier,1974,6.1,35
83,Open Water,Drama|Thriller,Chris Kentis,Blanchard Ryan|Daniel Travis|Saul Stein|Michael E. Williamson|Christina Zenato,2004,5.4,315
89857,High Road,Comedy,Matt Walsh,Kathryn Burns|Lizzy Caplan|Michael Coleman|Andrew Daly|Rich Fulcher,2012,5.8,22
30315,Kingdom of the Spiders,Horror|Science Fiction,John 'Bud' Cardos,William Shatner|Tiffany Bolling|Woody Strode|Lieux Dressler|David McLean,1977,5.7,30
2056,The Station Agent,Drama|Comedy,Tom McCarthy,Peter Dinklage|Patricia Clarkson|Bobby Cannavale|Michelle Williams|Raven Goodwin,2003,7.4,210
41144,To Save A Life,Drama,Brian Baugh,Randy Wayne|Deja Kreutzberg|Joshua Weigel|Steven Crowder|Kim Hidalgo,2009,6.2,21
35199,Wordplay,Documentary,Patrick Creadon,Will Shortz|Merl Reagle|Tyler Hinman|Trip Payne|Al Sanders,2006,7.3,10
14271,Beyond the Mat,Documentary,Barry W. Blaustein,Mick Foley|Terry Funk|Vince McMahon|Dwayne Johnson|Jake Roberts,1999,7.8,17
16653,The Singles Ward,Comedy|Drama|Family|Romance,Kurt Hale,Will Swenson|Connie Young|Daryn Tufts|Michael Birkeland|Lincoln Hoppe,2002,7.5,4
14757,Osama,Drama,Siddiq Barmak,Marina Golbahari|Arif Herati|Zubaida Sahar|Mohammad Nadir Khwaja,2003,6.3,32
84401,Sholem Aleichem: Laughing In The Darkness,Documentary,Joseph Dorman,Rachel Dratch|Hillel Halkin|Jason Kravitz|Dan Miron|Peter Riegert,2012,7.0,2
23655,Groove,Drama|Music|Romance,Greg Harrison,Hamish Linklater|Denny Kirkwood|Mackenzie Firgens|Lola Glaudini|Steve Van Wormer,2000,5.6,6
36825,The R.M.,Comedy|Crime|Family,Kurt Hale,Kirby Heyborne,2003,4.8,4
33430,Twin Falls Idaho,Drama|Romance,Michael Polish,Mark Polish|Michael Polish|Michele Hicks|Jon Gries|Patrick Bauchau,1999,7.0,11
12281,Mean Creek,Crime|Drama,Jacob Aaron Estes,Rory Culkin|Scott Mechlowicz|Trevor Morgan|Josh Peck|Ryan Kelley,2004,6.9,106
125052,Hurricane Streets,Romance|Crime|Drama,Morgan J. Freeman,Brendan Sexton III|Antoine McLean|Mtume Gant|Carlo Alban|David Roland Frank,1997,4.8,4
96238,Never Again,Comedy|Romance,Eric Schaeffer,Jeffrey Tambor|Jill Clayburgh|Caroline Aaron|Bill Duke|Sandy Duncan,2002,4.0,3
30246,Civil Brand,Crime|Drama|Thriller,Neema Barnette,LisaRaye McCoy|N'Bushe Wright|Monica Calhoun|Clifton Powell|Yasiin Bey,2003,5.3,4
7301,Lonesome Jim,Comedy|Drama|Romance,Steve Buscemi,Casey Affleck|Kevin Corrigan|Liv Tyler|Mary Kay Place|Seymour Cassel,2005,6.4,26
172533,Drinking Buddies,Romance|Drama,Joe Swanberg,Olivia Wilde|Jake Johnson|Anna Kendrick|Ron Livingston|Ti West,2013,6.0,356
180383,Deceptive Practice: The Mysteries and Mentors of Ricky Jay,Documentary,Molly Bernstein,Ricky Jay|Dick Cavett|Winston Simon|David Mamet|Persi Diaconis,2012,7.1,17
346,Seven Samurai,Action|Drama,Akira Kurosawa,Toshirō Mifune|Takashi Shimura|Yoshio Inaba|Seiji Miyaguchi|Minoru Chiaki,1954,8.2,878
84318,The Other Dream Team,Documentary,Marius Markevicius,Greg Speirs|Jim Lampley|Bill Walton|Dan Majerle|Mickey Hart,2012,6.9,7
45145,Johnny Suede,Comedy|Romance,Tom DiCillo,Brad Pitt|Calvin Levels|Catherine Keener|Nick Cave|Alison Moir,1991,4.7,13
13983,Finishing The Game,Comedy,Justin Lin,Roger Fan|Sung Kang|Monique Gabriela Curnen|Meredith Scott Lynn|Sam Bottoms,2007,4.9,8
45649,Rubber,Comedy|Drama|Fantasy|Horror|Mystery,Quentin Dupieux,Thomas F. Duffy|David Bowe|Stephen Spinella|Roxane Mesquida|Jack Plotnick,2010,5.7,251
19844,Kiss the Bride,Drama|Comedy|Romance,C. Jay Cox,Tori Spelling|Les Williams,2007,4.2,11
21801,The Slaughter Rule,Drama,Alex Smith,Ryan Gosling|David Morse|Clea DuVall|Amy Adams|David Cale,2002,6.2,9
43933,Monsters,Drama|Thriller|Science Fiction,Gareth Edwards,Whitney Able|Scoot McNairy|Annalee Jefferies|Kevon Kane|Fernando Lara,2010,6.2,587
73511,The Californians,Drama|Comedy,Jonathan Parker,Noah Wyle|Illeana Douglas|Kate Mara|Cloris Leachman|Joanne Whalley,2005,4.0,1
43653,The Living Wake,Comedy,Sol Tryon,Jesse Eisenberg|Mike O'Connell|Jim Gaffigan|Ann Dowd|Colombe Jacobsen-Derstine,2007,5.0,1
139715,Detention of the Dead,Comedy|Horror,Alex Craig Mann,Jacob Zachar|Alexa Nikolas|Christa Brittany  Allen|Jayson Blair|Justin Chon,2012,4.5,34
45380,Crazy Stone,Action|Comedy,Ning Hao,Guo Tao|Liu Hua|Liu Gang|Xu Zheng|Huang Bo,2006,6.9,22
30867,Scott Walker: 30 Century Man,Documentary|Music,Stephen Kijak,Scott Walker|Damon Albarn|David Bowie|Jarvis Cocker|Marc Almond,2006,7.0,8
81220,Everything Put Together,Drama,Marc Forster,Radha Mitchell|Megan Mullally|Catherine Lloyd Burns|Jacqueline Heinze|Alan Ruck,2001,5.0,2
253626,Good Kill,Action|Drama|Thriller,Andrew Niccol,Ethan Hawke|January Jones|Zoë Kravitz|Jake Abel|Bruce Greenwood,2015,5.9,208
90369,Now Is Good,Drama|Romance,Ol Parker,Dakota Fanning|Jeremy Irvine|Kaya Scodelario|Olivia Williams|Paddy Considine,2012,7.3,371
117942,Girls Gone Dead,Horror|Comedy,Michael Hoffman Jr.,Katie Peterson|Shea Stewart|Brandy Whitford|Caley Hayes|Ryan Keely,2012,3.5,14
322194,Subconscious,Action|Thriller|Mystery,Georgia Hilton,Tim Abell|Naomi Brockwell|Aleisha Force|Tom Stedham|Cambridge Jones,2015,3.4,4
98568,Enter Nowhere,Mystery|Science Fiction|Thriller,Jack Heller,Katherine Waterston|Scott Eastwood|Sara Paxton|Shaun Sipos|Christopher Denham,2011,6.5,49
119657,El Rey de Najayo,Crime|Drama,Fernando Baez Mella,Manny Pérez|Luz Garcia|Sergio Carlo|Juan Maria Almonte|Rafael Estephan,2012,0.0,0
380733,Fight to the Finish,Romance|Action,Warren Sheppard,Jennifer Hale|Evan Hannemann|Tonya Kay|Anna Ross|Tamara Rey,2016,5.2,3
285743,Alleluia! The Devil's Carnival,Music|Horror,Darren Lynn Bousman,Terrance Zdunich|Paul Sorvino|Marc Senter|Emilie Autumn|Nivek Ogre,2016,6.0,2
362765,The Sound and the Shadow,Thriller|Comedy|Mystery,Justin Paul Miller,Joseph E. Murray|Alex Anfanger|Rhomeyn Johnson|Mary Kate Wiles,2014,0.0,0
379532,Rodeo Girl,Family,Joel Paul Reisig,Kevin Sorbo|Sophie Bolen|Derek Brandon|Carrie Bradstreet|Tiffany Burns,2016,5.5,1
253261,Born to Fly: Elizabeth Streb vs. Gravity,Documentary,Catherine Gund,Elizabeth Streb|Fabio Tavares|Sarah Callan|Jaclyn Carlson|Leonardo Giron,2014,5.0,1
15239,The Toxic Avenger,Science Fiction|Action|Comedy|Horror,Lloyd Kaufman,Mitch Cohen|Andree Maranda|Jennifer Prichard|Cindy Manion|Robert Prichard,1984,6.3,113
4107,Bloody Sunday,Action|Adventure|Drama|History,Paul Greengrass,James Nesbitt|Allan Gildea|Gerard Crossan|Mary Moulds|Carmel McCallion,2002,7.2,53
15624,Conversations with Other Women,Drama|Romance,Hans Canosa,Helena Bonham Carter|Aaron Eckhart|Yury Tsykun|Brian Geraghty|Brianna Brown,2006,6.2,38
17287,Poultrygeist: Night of the Chicken Dead,Horror|Comedy,Lloyd Kaufman,Jason Yachanin|Kate Graham|Allyson Sereboff|Robin L. Watkins|Joshua Olatunde,2006,5.9,41
3062,42nd Street,Music|Comedy|Romance,Lloyd Bacon,Warner Baxter|Bebe Daniels|George Brent|Ruby Keeler|Guy Kibbee,1933,6.1,37
15389,Metropolitan,Comedy|Drama,Whit Stillman,Edward Clements|Chris Eigeman|Taylor Nichols|Carolyn Farina|Isabel Gillies,1990,7.0,38
464,As It Is in Heaven,Romance|Drama|Comedy|Music,Kay Pollak,Michael Nyqvist|Frida Hallgren|Helen Sjöholm|Lennart Jähkel|Ingela Olsson,2004,6.9,42
308467,Roadside,Horror|Drama,Eric England,Ace Marrero|Katie Stegeman,2013,4.2,5
8193,Napoleon Dynamite,Comedy,Jared Hess,Jon Heder|Aaron Ruell|Jon Gries|Efren Ramirez|Shondrella Avery,2004,6.7,554
188166,Blue Ruin,Crime|Thriller,Jeremy Saulnier,Macon Blair|Devin Ratray|Amy Hargreaves|Kevin Kolack|Eve Plumb,2014,6.9,462
23827,Paranormal Activity,Horror|Mystery,Oren Peli,Katie Featherston|Micah Sloat|Mark Fredrichs|Amber Armstrong|Ashley Palmer,2007,5.9,1316
1282,Dogtown and Z-Boys,Documentary,Stacy Peralta,Sean Penn|Jay Adams|Henry Rollins|Steve Caballero|Tony Hawk,2001,7.2,52
762,Monty Python and the Holy Grail,Adventure|Comedy|Fantasy,Terry Gilliam,Graham Chapman|John Cleese|Terry Gilliam|Eric Idle|Terry Jones,1975,7.8,1708
64499,Quinceañera,Drama,Richard Glatzer,Emily Rios|Jesse Garcia|Chalo González|David W. Ross|Ramiro Iniguez,2006,7.0,7
1435,Tarnation,Documentary|Drama,Jonathan Caouette,Renee Leblanc|Adolph Davis|Jonathan Caouette|Rosemary Davis|David Sanin Paz,2003,7.5,22
189711,Love in the Time of Monsters,Horror|Comedy,Matt Jackson,Kane Hodder|Doug Jones|Gena Shaw|Marissa Skell|Michael McShane,2014,5.0,2
19204,The Beyond,Horror,Lucio Fulci,Catriona MacColl|David Warbeck|Cinzia Monreale|Antoine Saint-John|Veronica Lazar,1981,6.6,117
9029,What Happens in Vegas,Comedy|Romance,Tom Vaughan,Ashton Kutcher|Cameron Diaz|Lake Bell|Queen Latifah|Treat Williams,2008,5.8,923
18045,The Dark Hours,Horror|Science Fiction|Thriller,Paul Fox,Kate Greenhouse|Aidan Devine|Gordon Currie|Iris Graham|Dov Tiefenbach,2005,5.5,22
11240,My Beautiful Laundrette,Romance|Drama|Comedy,Stephen Frears,Gordon Warnecke|Daniel Day-Lewis|Roshan Seth|Saeed Jaffrey|Derrick Branche,1985,6.6,51
157909,Show Me,Drama|Thriller,Cassandra Nicolaou,Michelle Nolden|Katharine Isabelle|Kett Turton|Gabriel Hogan|Allegra Fulton,2004,5.6,4
10238,Cries and Whispers,Drama,Ingmar Bergman,Harriet Andersson|Ingrid Thulin|Kari Sylwan|Liv Ullmann|Erland Josephson,1972,7.8,115
3059,Intolerance,Drama,D.W. Griffith,Lillian Gish|Mae Marsh|Robert Harron|F.A. Turner|Sam De Grasse,1916,7.4,60
15800,Trekkies,Documentary,Roger Nygard,Denise Crosby|Barbara Adams|Majel Barrett|James Doohan|DeForest Kelley,1997,6.3,22
65203,The Broadway Melody,Drama|Music|Romance,Harry Beaumont,Charles King|Anita Page|Bessie Love|Nacio Herb Brown|Mary Doran,1929,5.0,19
764,The Evil Dead,Horror,Sam Raimi,Bruce Campbell|Ellen Sandweiss|Richard DeManincor|Betsy Baker|Theresa Tilly,1981,7.3,894
103620,Maniac,Horror,Franck Khalfoun,Elijah Wood|America Olivo|Nora Arnezeder|Zoe Aggeliki|Jan Broberg,2012,6.0,316
319069,Censored Voices,History|Documentary,Mor Loushy,Amos Oz,2015,5.1,8
14278,Murderball,Documentary,Henry Alex Rubin,Joe Bishop|Keith Cavill|Andy Cohn|Scott Hogsett|Christopher Igoe,2005,6.9,23
25678,American Ninja 2: The Confrontation,Action|Adventure|Drama,Sam Firstenberg,Michael Dudikoff|Steve James|Larry Poindexter|Gary Conway|Jeff Celentano,1987,4.9,49
79161,51 Birch Street,Documentary,Doug Block,Carol Block|Doug Block|Ellen Block,2006,6.8,6
371690,Rotor DR1,Science Fiction|Family,Chad Kapper,Christian Kapper|Natalie Welch|Tom E. Nicholson|Steve Moses|Patrick Casteel,2015,4.7,3
389,12 Angry Men,Drama,Sidney Lumet,Henry Fonda|Martin Balsam|John Fiedler|Lee J. Cobb|E.G. Marshall,1957,8.2,2078
52032,My Dog Tulip,Animation|Comedy|Drama,Paul Fierlinger,Christopher Plummer|Lynn Redgrave|Isabella Rossellini|Peter Gerety|Brian Murray,2009,7.6,9
3078,It Happened One Night,Comedy|Romance,Frank Capra,Clark Gable|Claudette Colbert|Walter Connolly|Roscoe Karns|Jameson Thomas,1934,7.7,275
38810,Dogtooth,Drama,Yorgos Lanthimos,Hristos Passalis|Angeliki Papoulia|Mary Tsoni|Christos Stergioglou|Michele Valley,2009,6.9,332
21525,Tupac: Resurrection,Music|Documentary,Lauren Lazin,Tupac Amaru Shakur,2003,8.0,26
55123,Tumbleweeds,Comedy|Drama,Gavin O'Connor,Janet McTeer|Kimberly J. Brown|Jennifer Paige,1999,6.2,11
11980,The Prophecy,Fantasy|Horror|Thriller,Gregory Widen,Christopher Walken|Elias Koteas|Virginia Madsen|Eric Stoltz|Adam Goldberg,1995,6.4,138
11956,When the Cat's Away,Comedy,Cédric Klapisch,Garance Clavel|Zinedine Soualem|Renée Le Calm|Olivier Py|Simon Abkarian,1996,6.1,16
1550,Pieces of April,Comedy|Drama,Peter Hedges,Katie Holmes|Derek Luke|Patricia Clarkson|Oliver Platt|Alison Pill,2003,6.4,64
26518,Old Joy,Drama,Kelly Reichardt,Daniel London|Will Oldham|Tanya Smith|Robin Rosenberg|Keri Moran,2006,6.3,36
8942,Wendy and Lucy,Drama,Kelly Reichardt,Michelle Williams|Will Patton|Will Oldham|John Robinson,2008,6.4,64
68412,3 Backyards,Drama,Eric Mendelsohn,Edie Falco|Embeth Davidtz|Elias Koteas|Rachel Resheff|Kathryn Erbe,2010,4.8,4
2786,Pierrot le Fou,Drama|Thriller,Jean-Luc Godard,Jean-Paul Belmondo|Anna Karina|Graziella Galvani|Dirk Sanders|Jimmy Karoubi,1965,7.6,127
91721,Nothing But a Man,Drama,Michael Roemer,Ivan Dixon|Abbey Lincoln|Julius Harris|Gloria Foster|Martin Priest,1964,7.0,2
118452,"First Love, Last Rites",Drama,Jesse Peretz,Giovanni Ribisi|Natasha Gregson Wagner|Donal Logue|Robert John Burke|Jeannetta Arnette,1998,3.0,1
47534,Fighting Tommy Riley,Action|Adventure|Drama,Eddie O'Flaherty,J.P. Davis|Eddie Jones|Christina Chambers|Diane Tayler,2005,5.3,4
40914,Royal Kill,Action|Thriller,Babar Ahmed,Pat Morita|Eric Roberts|Gail Kim|Lalaine|Alexander Wraith,2009,2.8,6
13282,Death Race 2000,Action|Comedy|Science Fiction,Paul Bartel,David Carradine|Simone Griffeth|Sylvester Stallone|Mary Woronov|Roberta Collins,1975,5.9,124
250184,Locker 13,Horror|Drama|Thriller,Jason Marsden,Ricky Schroder|Jon Gries|Tatyana Ali|Jason Marsden|Rick Hoffman,2014,6.8,3
426067,Midnight Cabaret,Horror,Pece Dingo,Lisa Hart Carroll|Michael Des Barres|Paul Drake|Laura Harrington|Thom Mathews,1990,0.0,0
324352,Anderson's Cross,Romance|Comedy|Drama,Jerome Elston Scott,Joanna Cassidy|Joyce Guy|Bill Moseley|Jerome Elston Scott|Alan Blumenfeld,2010,0.0,0
318040,Bizarre,Drama|Romance,Étienne Faure,Pierre Prieur|Adrian James|Raquel Nave|Rebekah Underhill|Charlie Himmelstein,2015,6.2,11
27420,Graduation Day,Horror,Herb Freed,Christopher George|Billy Hufsey|Patch Mackenzie|E. Danny Murphy|E. J. Peaker,1981,5.0,22
80468,Some Guy Who Kills People,Comedy|Horror|Thriller,Jack Perez,Kevin Corrigan|Barry Bostwick|Karen Black|Leo Fitzpatrick|Ariel Gade,2011,5.7,45
84188,Compliance,Drama|Thriller|Crime,Craig Zobel,Ann Dowd|Dreama Walker|Pat Healy|Philip Ettinger|James McCaffrey,2012,6.3,221
2255,Chasing Amy,Comedy|Drama|Romance,Kevin Smith,Ben Affleck|Joey Lauren Adams|Jason Lee|Dwight Ewell|Jason Mewes,1997,6.7,433
50035,Lovely & Amazing,Comedy|Drama|Romance,Nicole Holofcener,Catherine Keener|Brenda Blethyn|Emily Mortimer|Jake Gyllenhaal|James Le Gros,2001,6.3,23
14290,Better Luck Tomorrow,Crime|Drama,Justin Lin,Parry Shen|Jason Tobin|Sung Kang|Karin Anna Cheung|Roger Fan,2002,6.5,27
29371,The Incredibly True Adventure of Two Girls In Love,Comedy|Drama|Romance,Maria Maggenti,Laurel Holloman|Maggie Moore|Kate Stafford|Nicole Ari Parker|Toby Poser,1995,5.7,13
44490,Chuck & Buck,Comedy|Drama,Miguel Arteta,Mike White|Chris Weitz|Lupe Ontiveros|Maya Rudolph|Paul Weitz,2000,5.7,16
32222,American Desi,Drama|Comedy|Romance,Piyush Dinker Pandya,Kal Penn|Purva Bedi|Deep Katdare|Ronobir Lahiri|Rizwan Manji,2001,5.0,4
431,Cube,Thriller|Science Fiction|Mystery,Vincenzo Natali,Nicole de Boer|Nicky Guadagni|David Hewlett|Andrew Miller|Julian Richings,1997,6.9,1069
76996,Love and Other Catastrophes,Comedy|Romance,Emma-Kate Croghan,Matt Day|Matthew Dyktynski|Alice Garner|Frances O'Connor|Radha Mitchell,1996,5.8,9
51942,I Married a Strange Person!,Drama|Comedy|Animation,Bill Plympton,Charis Michelsen|Tom Larson|Richard Spore,1998,7.5,12
1424,November,Drama|Mystery|Thriller,Greg Harrison,Courteney Cox|James Le Gros|Michael Ealy|Nora Dunn|Nick Offerman,2004,4.9,11
60420,Like Crazy,Drama|Romance,Drake Doremus,Anton Yelchin|Felicity Jones|Jennifer Lawrence|Charlie Bewley|Alex Kingston,2011,6.4,381
325123,Teeth and Blood,Horror,Unknown Director,Glenn Plummer|Michelle Van Der Water|Danielle Vega|Greg Eagles,2015,3.0,1
142132,Sugar Town,Comedy,Allison Anders,John Taylor|Michael Des Barres|Martin Kemp|Jade Gordon|Larry Klein,1999,5.5,2
20520,The Motel,Drama|Comedy,Michael Kang,Jeffrey Chyau|Sung Kang|Jade Wu|Samantha Futerman|Alexis Chang,2005,7.0,3
109729,The Canyons,Thriller|Drama,Paul Schrader,Lindsay Lohan|James Deen|Gus Van Sant|Nolan Gerard Funk|Amanda Brooks,2013,4.1,75
78307,On the Outs,Drama,Lori Silverbush,Judy Marte|Paola Mendoza|Flaco Navaja|Dominic Colón|Edward O'Blenis,2004,5.9,6
12247,Shotgun Stories,Drama|Thriller,Jeff Nichols,Michael Shannon|Glenda Pannell|Lynnsee Provence|Douglas Ligon|Barlow Jacobs,2007,6.9,57
29917,Exam,Thriller|Mystery,Stuart Hazeldine,Luke Mably|Adar Beck|Chris Carey|Gemma Chan|Nathalie Cox,2009,6.6,523
70687,The Sticky Fingers of Time,Science Fiction|Drama,Hilary Brougher,Terumi Matthews|Nicole Zaray|Belinda Becker|James Urbaniak|Thomas Pasley,1997,4.8,3
60463,Sunday School Musical,Music,Rachel Goldenberg,Chris Chatman|Candise Lakota|Krystle Connor|Robert Acinapura|Amy Ganser,2008,5.5,4
46252,Rust,Drama,Corbin Bernsen,Corbin Bernsen|Frank Gallacher|Lloyd Warner|Audrey Lynn Tennent,2010,0.0,0
24869,Ink,Action|Fantasy,Jamin Winans,Chris Kelly|Jessica Duffy|Quinn Hunchar|Jeremy Make|Jennifer Batter,2009,6.4,101
77934,The Christmas Bunny,Drama|Family,Tom Seidman ,Sophie Bolen|Madeline Vail |Colby French|Florence Henderson|Charles Beale ,2010,5.7,7
34697,Butterfly,Crime|Drama,Matt Cimber,Stacy Keach|Pia Zadora|Orson Welles|Ed McMahon|June Lockhart,1982,5.0,12
150211,The Frozen,Horror|Thriller,Andrew Hyatt,Brit Morgan|Noah Segan,2012,4.2,14
306667,Horse Camp,Family|Drama,Joel Paul Reisig,Jordan Trovillion|Dean Cain|Sherryl Despres|Dana Blackstone|Annelyse Ahmad,2015,5.5,2
274758,Give Me Shelter,Documentary,Kristin Rizzo,Katie Cleary|Robert Davi|Carole Davis|Alison Eastwood|Tippi Hedren,2014,0.0,0
3060,The Big Parade,Drama|Romance|War,King Vidor,John Gilbert|Renée Adorée|Hobart Bosworth|Claire McDowell|Claire Adams,1925,7.0,21
40963,Little Big Top,Comedy,Unknown Director,Sid Haig|Richard Riehle|Mel England|Jacob Zachar|Travis Betz,2006,10.0,1
173224,Along the Roadside,Romance|Comedy|Music,Zoran Lisinac,Michael Madsen|Iman Crosson|Lazar Ristovski,2013,7.7,3
18533,Bronson,Drama|Action|Crime,Nicolas Winding Refn,Tom Hardy|Matt King|James Lance|Kelly Adams|Katy Barker,2008,6.9,733
376010,Western Religion,Western,James O'Brien,Peter Shinkoda|Merik Tadros|Peter Sherayko|Miles Szanto|Jonathan Erickson Eisley,2015,0.0,0
139948,Burn,Foreign|Documentary,Tom Putnam,"Donald Austin|Brendan ""Doogie"" Milewski|Dave Parnell",2012,6.9,6
77332,Urbania,Romance|Drama,Jon Matthews,Dan Futterman|Matt Keeslar|Samuel Ball|Lothaire Bluteau|Alan Cumming,2000,5.2,10
70478,The Stewardesses,Comedy,Al Silliman Jr.,Christina Hart|Ronald South|William Condos|Anita de Moulin|Paula Erikson,1969,4.3,5
35073,"The Beast from 20,000 Fathoms",Adventure|Horror|Science Fiction,Eugène Lourié,Paul Hubschmid|Paula Raymond|Cecil Kellaway|Kenneth Tobey|Donald Woods,1953,6.7,41
9659,Mad Max,Adventure|Action|Thriller|Science Fiction,George Miller,Mel Gibson|Joanne Samuel|Hugh Keays-Byrne|Steve Bisley|Tim Burns,1979,6.6,1213
10218,Swingers,Comedy|Romance,Doug Liman,Jon Favreau|Vince Vaughn|Ron Livingston|Patrick Van Horn|Alex Désert,1996,6.8,253
391,A Fistful of Dollars,Western,Sergio Leone,Clint Eastwood|Marianne Koch|Gian Maria Volonté|Wolfgang Lukschy|José Calvo,1964,7.6,883
43595,She Done Him Wrong,Comedy,Lowell Sherman,Mae West|Cary Grant|Owen Moore|Gilbert Roland|Noah Beery,1933,5.1,27
54897,The Grace Card,Drama,David Evans ,"Michael Joiner|Michael Higgenbottom|Louis Gossett, Jr.|Cindy Hodge",2011,6.5,10
83588,Middle of Nowhere,Drama,Ava DuVernay,David Oyelowo|Maya Gilbert|Sharon Lawrence|Emayatzy Corinealdi|Dondre Whitfield,2012,6.6,7
53256,Three,Romance|Drama|Comedy,Tom Tykwer,Sophie Rois|Sebastian Schipper|Devid Striesow|Annedore Kleist|Alexander Hörbe,2010,6.3,31
40920,The Business of Fancydancing,Music|Drama,Sherman Alexie,Evan Adams|Michelle St. John|Gene Tagaban|Swil Kanim|Rebecca Carroll,2002,8.0,2
54702,Malevolence,Crime|Horror|Thriller,Stevan Mena,Samantha Dark|Heather Magee|Richard Glover|R. Brandon Johnson,2004,4.9,14
69270,Super Hybrid,Horror,Eric Valette,Shannon Beckner|Oded Fehr|Ryan Kennedy|Adrien Dorval|Duncan Fisher,2010,4.6,24
5759,Baghead,Drama|Comedy|Horror,Jay Duplass,Ross Partridge|Steve Zissis|Greta Gerwig|Elise Muller|Jett Garner,2008,5.8,23
402515,American Beast,Horror,Livingston Oden,Armin Habibovich|Victoria Lachelle|Livingston Oden|Taylor Scott Olson,2014,0.0,0
48035,Ordet,Drama,Carl Theodor Dreyer,Birgitte Federspiel|Preben Lerdorff Rye|Henrik Malberg|Emil Hass Christensen|Ejner Federspiel,1955,7.8,65
14758,Good Dick,Comedy|Drama|Romance,Marianna Palka,Marianna Palka|Jason Ritter|Eric Edelstein|Martin Starr|Mark Webber,2008,6.1,34
13363,The Man from Earth,Science Fiction|Drama,Richard Schenkman,David Lee Smith|Tony Todd|John Billingsley|Ellen Crawford|Annika Peterson,2007,7.7,687
25786,Samantha: An American Girl Holiday,Drama|Family,Nadia Tass,Mia Farrow|AnnaSophia Robb|Olivia Ballantyne|Kelsey Lewis|Jordan Bridges,2004,4.6,9
36549,Yesterday Was a Lie,Drama|Mystery|Science Fiction|Thriller,James Kerwin,Chase Masterson|John Newton|Kipleigh Brown|Mik Scriba|Nathan Mobley,2008,6.0,4
361398,Theresa Is a Mother,Music|Comedy|Drama,Darren Press,Edie McClurg|C. Fraser Press|Richard Poe|Robert Turano|Matthew Gumley,2015,0.0,0
289180,H.,Thriller|Drama|Science Fiction,Rania Attieh,Robin Bartlett|Rebecca Dayan|Will Janowitz|Julian Gamble,2014,6.5,4
288927,Archaeology of a Woman,Drama,Sharon Greytak,Sally Kirkland|Victoria Clark|James Murtaugh|Karl Geary|Mary Testa,2014,0.0,0
21334,Children of Heaven,Drama|Comedy|Family,Majid Majidi,Mohammad Amir Naji|Amir Farrokh Hashemian|Bahare Seddiqi,1997,7.8,112
79120,Weekend,Drama|Romance,Andrew Haigh,Tom Cullen|Chris New|Jonathan Race|Laura Freeman|Loreto Murray,2011,7.4,163
27995,She's Gotta Have It,Comedy|Romance,Spike Lee,Tracy Camilla Johns|Tommy Redmond Hicks|John Canada Terrell|Spike Lee|Raye Dowell,1986,6.1,25
344466,The World Is Mine,Drama,Nicolae Constantin Tanase,Ana Maria Guran|Iulia Ciochina|Oana Rusu|Ana Vatamanu|Florin Hritcu,2015,0.0,0
55420,Another Earth,Drama|Science Fiction,Mike Cahill,William Mapother|Brit Marling|Matthew-Lee Erlbach|DJ Flava|Meggan Lennon,2011,6.8,527
5822,Sweet Sweetback's Baadasssss Song,Action|Drama|Romance,Melvin Van Peebles,Simon Chuckster|Melvin Van Peebles|Hubert Scales|Mario Van Peebles|John Dullaghan,1971,4.6,18
408429,Perfect Cowboy,Drama,Ken Roht,Ken Roht|Jeffrey Watkins|William Nicol|Sharon Bollum|Paul Sutherland,2014,5.0,1
39141,Tadpole,Comedy|Drama|Romance,Gary Winick,Aaron Stanford|Kate Mara|Bebe Neuwirth|John Ritter|Sigourney Weaver,2002,5.5,19
5723,Once,Drama|Music|Romance,John Carney,Glen Hansard|Markéta Irglová|Hugh Walsh|Gerard Hendrick|Alaistair Foley,2007,7.3,453
28666,The Woman Chaser,Drama,Robinson Devor,Patrick Warburton|Eugene Roche|Ron Morgan|Emily Newman|Paul Malevich,1999,4.9,4
30979,The Horse Boy,Documentary,Michel O. Scott,Simon Baron-Cohen|Temple Grandin|Roy Richard Grinker|Rowan Isaacson|Rupert Isaacson,2009,5.5,2
50497,When the Lights Went Out,Thriller|Drama|Horror,Pat Holden,Kate Ashfield|Jo Hartley|Martin Compston|Steven Waddington|Craig Parkinson,2012,5.8,49
354624,Heroes of Dirt,Action|Drama,Eric Bugbee,Joel Moody|William Martinez|Vivienne VanHorn,2015,0.0,0
13187,A Charlie Brown Christmas,Animation|Family|Comedy|TV Movie,Bill Melendez,Ann Altieri|Chris Doran|Sally Dryer|Bill Melendez|Karen Mendelson,1965,7.5,153
178862,Aroused,Documentary,Deborah Anderson,Lisa Ann|Kayden Kross|Belladonna|Katsuni|Teagan Presley,2013,7.2,11
1779,Roger & Me,Documentary|History,Michael Moore,Michael Moore|Roger B. Smith|Rhonda Britton|Fred Ross,1989,7.4,90
86812,Sound of My Voice,Science Fiction|Drama|Mystery,Zal Batmanglij,Brit Marling|Christopher Denham|Nicole Vicius|Davenia McFadden|Kandice Stroh,2011,6.3,108
84355,Your Sister's Sister,Drama|Comedy,Lynn Shelton,Mark Duplass|Emily Blunt|Rosemarie DeWitt|Mike Birbiglia|Kate Bayley,2011,6.5,137
18632,A Dog's Breakfast,Comedy,David Hewlett,David Hewlett|Kate Hewlett|Paul McGillion|Christopher Judge|Rachel Luttrell,2007,5.9,24
40652,The Married Woman,Drama|Romance,Jean-Luc Godard,Macha Méril|Bernard Noël|Philippe Leroy|Christophe Bourseiller|Roger Leenhardt,1964,7.1,20
339408,The Birth of a Nation,Drama,Nate Parker,Nate Parker|Armie Hammer|Aja Naomi King|Jackie Earle Haley|Penelope Ann Miller,2016,6.5,178
266857,The Work and The Story,Comedy,Nathan Smith Jones,Kirby Heyborne|Christopher Robin Miller|Eric Artell,2003,0.0,0
18925,Facing the Giants,Drama,Alex Kendrick,James Blackwell|Alex Kendrick|Shannen Fields|Chris WIllis|Tracy Goode,2006,6.6,64
299245,The Gallows,Horror|Thriller,Travis Cluff,Cassidy Gifford|Ryan Shoos|Pfeifer Brown|Reese Mishler|Price T. Morgan,2015,4.9,361
985,Eraserhead,Drama|Fantasy|Horror|Science Fiction,David Lynch,Jack Nance|Charlotte Stewart|Allen Joseph|Jeanne Bates|Judith Roberts,1977,7.5,485
34101,Hollywood Shuffle,Comedy,Robert Townsend,Robert Townsend|Craigus R. Johnson|Helen Martin|Starletta DuPois|Keenen Ivory Wayans,1987,5.7,19
9821,The Mighty,Comedy|Drama,Peter Chelsom,Sharon Stone|Elden Henson|Kieran Culkin|Gena Rowlands|Harry Dean Stanton,1998,7.1,51
65448,Penitentiary,Action|Drama,Jamaa Fanaka,Wilbur 'Hi-Fi' White|Leon Isaac Kennedy|Thommy Pollard |Hazel Spears |Donovan Womack ,1979,4.9,8
18841,The Lost Skeleton of Cadavra,Comedy|Horror|Science Fiction,Larry Blamire,Fay Masterson|Andrew Parks|Susan McConnell|Brian Howe|Jennifer Blaire,2001,6.5,30
272726,Dude Where's My Dog?,Family,Stephen Langford,Gabriela Castillo|Trish Cook|Alexander G. Eckert|Kevin Farley|Dan Glenn,2014,0.0,0
175291,Cheap Thrills,Drama|Comedy|Crime,E.L. Katz,Pat Healy|Ethan Embry|Sara Paxton|David Koechner|Amanda Fuller,2013,6.3,155
80215,Indie Game: The Movie,Documentary,Lisanne Pajot,Jonathan Blow|Phil Fish|Edmund McMillen|Tommy Refenes,2012,7.4,203
13538,Straightheads,Thriller,Dan Reed,Gillian Anderson|Danny Dyer|Adam Rayner|Antony Byrne|Anthony Calf,2007,5.2,40
51130,Open Secret,Crime|Mystery|Thriller,John Reinhardt,John Ireland|Jane Randolph|Sheldon Leonard|Roman Bohnen|George Tyne,1948,7.0,2
270554,Echo Dr.,Thriller|Action|Drama|Science Fiction,Patrick Ryan Sims,Johnathan Hurley|Jordan Savage|Dane Bowman|Claire Gordon-Harper,2013,5.0,1
72086,The Night Visitor,Crime|Horror,László Benedek,Max von Sydow|Trevor Howard|Liv Ullmann|Per Oscarsson|Rupert Davies,1971,7.3,6
268917,The Past Is a Grotesque Animal,Documentary|Music,Jason Miller,Dottie Alexander|Derek Almstead|David Barnes|Kevin Barnes|Nina Barnes,2014,5.5,2
473,Pi,Mystery|Drama|Thriller,Darren Aronofsky,Sean Gullette|Mark Margolis|Ben Shenkman|Samia Shoaib|Pamela Hart,1998,7.1,586
90414,"I Love You, Don't Touch Me!",Comedy|Romance,Julie Davis,Marla Schaffel|Mitchell Whitfield|Michael Harris|Meredith Scott Lynn|Jack McGee,1997,6.0,1
111794,20 Dates,Romance|Comedy,Myles Berkowitz,Myles Berkowitz|Tia Carrere|Elisabeth Wagner|Richard Arlook|Robert McKee,1998,3.7,3
360188,Queen Crab,Science Fiction,Brett Piper,Michelle Simone Miller|Kathryn Metz|A.J. DeLucia|Steve Diasparra|Danielle Donahue,2015,3.3,3
9372,Super Size Me,Documentary|Comedy|Drama,Morgan Spurlock,Morgan Spurlock|Daryl Isaacs|Lisa Ganjhu|Stephen Siegel|Bridget Bennett,2004,6.6,506
85860,The FP,Comedy,Brandon Trost,Jason Trost|Lee Valmassy|Art Hsu|Caitlyn Folley|Brandon Barrera,2011,4.5,11
244534,Happy Christmas,Comedy|Drama,Joe Swanberg,Anna Kendrick|Melanie Lynskey|Mark Webber|Lena Dunham|Joe Swanberg,2014,5.2,58
33468,The Brain That Wouldn't Die,Horror|Science Fiction,Joseph Green,Jason Evers|Virginia Leith|Doris Brent|Audrey Devereal|Eddie Carmel,1962,4.4,32
294086,Tiger Orange,Drama,Wade Gasque,Mark Strano|Frankie Valenti|Johnny Hazzard|Darryl Stephens|Gregory Marcel,2014,6.4,4
139998,Supporting Characters,Drama|Comedy,Daniel Schechter,Alex Karpovsky|Tarik Lowe|Arielle Kebbel|Melonie Diaz|Kevin Corrigan,2012,6.7,10
74777,Absentia,Mystery|Horror|Thriller,Mike Flanagan,Katie Parker|Courtney Bell|Morgan Peter Brown|Dave Levine|Justin Gordon,2011,5.8,121
16388,The Brothers McMullen,Comedy|Drama|Romance,Edward Burns,Shari Albert|Maxine Bahns|Catharine Bolz|Connie Britton|Edward Burns,1995,6.3,23
159770,The Dirties,Drama,Matt Johnson,Matt Johnson|Owen Williams|Krista Madison|Brandon Wickens|Jay McCarroll,2013,6.0,42
42109,Gabriela,Drama|Romance,Bruno Barreto,Sônia Braga|Marcello Mastroianni|Antonio Cantafora|Paulo Goulart|Tania Boscoli,1983,6.0,2
47607,Tiny Furniture,Romance|Comedy|Drama,Lena Dunham,Lena Dunham|Laurie Simmons|Grace Dunham|Rachel Howe|Merritt Wever,2010,5.6,59
193603,Hayride,Thriller|Horror,Terron R. Parsons,Richard Tyson|Sherri Eakin|Jeremy Ivy|Jeremy Sande|Corlandos Scott ,2012,5.1,6
84659,The Naked Ape,Drama|Comedy|Family,Daniel Mellitz,Josh Wise|Chelse Swain|Sean Shanks|Amanda MacDonald|Corbin Bernsen,2006,5.0,1
20981,The Call of Cthulhu,Horror|Thriller|Fantasy,Andrew Leman,Matt Foyer|John Bolen|Ralph Lucas|Chad Fifer|Susan Zucker,2005,6.9,41
242095,The Signal,Thriller|Science Fiction,William Eubank,Brenton Thwaites|Olivia Cooke|Beau Knapp|Laurence Fishburne|Robert Longstreet,2014,5.8,631
250902,The Image Revolution,Documentary,Patrick Meaney,Todd McFarlane|Rob Liefeld|Jim Lee|Marc Silvestri|Erik Larsen,2013,5.7,3
158895,This Is Martin Bonner,Drama,Chad Hartigan,Paul Eenhoorn|Richmond Arquette|Sam Buchanan|Robert Longstreet|Kristin Slaysman,2013,6.6,4
222250,A True Story,Comedy,Malcolm Goodwin,Katrina Bowden|Jon Gries|Malcolm Goodwin|Cameron Fife|Tyler McGee,2013,6.8,2
18292,George Washington,Drama,David Gordon Green,Candace Evanofski|Donald Holden|Damian Jewan Lee|Curtis Cotton III|Rachael Handy,2000,6.4,36
125537,Smiling Fish & Goat On Fire,Comedy|Romance,Kevin Jordan,Derick Martini|Amy Hathaway|Steven Martini,1999,7.0,1
326576,Dawn of the Crescent Moon,Thriller|Drama|Science Fiction,Kirk Loudon,Barry Corbin|Brooke Coleman|Kurt Cole|Brandon Smith|Alan Pietruszewski,2014,2.0,1
228550,Raymond Did It,Horror,Travis Legge,Kyle Hoskins|Elissa Dowling|Linda Cieslik|Steven Lee Edwards|Valerie Meachum,2011,3.2,8
13963,The Last Waltz,Documentary|Music,Martin Scorsese,Robbie Robertson|Rick Danko|Levon Helm|Richard Manuel|Garth Hudson,1978,7.9,64
290391,"Run, Hide, Die",Thriller|Horror,Collin Joseph Neal,Alison Monda|Alicia Mendez|Ivey Bronwen|Tabitha Bastien|Keiko Green,2015,3.5,2
44770,The Exploding Girl,Drama|Romance,Bradley Rust Gray,Zoe Kazan|Mark Rendall|Maryann Urbano|Hunter Canning|Franklin Pipp,2009,6.4,15
69382,The Legend of God's Gun,Action|Western,Mike Bruce,Robert Bones|Kirpatrick Thomas|Dave Koenig|Julie Patterson,2007,0.0,0
40769,Mutual Appreciation,Drama|Comedy,Andrew Bujalski,Justin Rice|Rachel Clift|Andrew Bujalski,2005,6.1,8
220490,Her Cry: La Llorona Investigation,Horror,Damir Catic,Nichole Ceballos|James Ezrin|Everardo Guzman|Parker Riggs|Gabrielle Santamauro,2013,0.0,0
42151,Down Terrace,Drama|Action|Comedy,Ben Wheatley,Robert Hill|Robin Hill|Julia Deakin|David Schaal|Tony Way,2009,6.3,26
2292,Clerks,Comedy,Kevin Smith,Brian O'Halloran|Jeff Anderson|Jason Mewes|Kevin Smith|Lisa Spoonhauer,1994,7.4,755
42497,Pink Narcissus,Drama|Romance,James Bidgood,Bobby Kendall|Donald L. Brooks|Charles Ludlam,1971,6.0,9
33693,Funny Ha Ha,Drama|Comedy,Andrew Bujalski,Kate Dollenmayer|Mark Herlehy|Christian Rudder|Jennifer L. Schaper|Myles Paige,2002,6.3,8
14585,In the Company of Men,Comedy|Drama,Neil LaBute,Aaron Eckhart|Stacy Edwards|Matt Malloy|Michael Martin|Mark Rector,1997,6.8,44
185465,Manito,Drama,Eric Eason,Franky G|Leo Minaya|Manuel Cabral|Jessica Morales|Julissa Lopez,2002,5.5,2
38780,Rampage,Action|Drama|Crime|Thriller,Uwe Boll,Brendan Fletcher|Shaun Sipos|Michael Paré|Lynda Boyd|Matt Frewer,2009,6.0,131
14022,Slacker,Comedy,Richard Linklater,Richard Linklater|Mark James,1990,6.4,77
366967,Dutch Kills,Thriller|Crime|Drama,Joseph Mazzella,R.L. Mann|Tama Filianga|Mikaal Bates|Celestine Rae|Lodric D. Collins,2015,0.0,0
255266,Dry Spell,Comedy|Romance,Travis Legge,Suzi Lorraine|Jared Degado|Heather Dorff|Rachael Robbins|Kris Eivers,2013,6.0,1
17345,Flywheel,Drama|Family,Alex Kendrick,Alex Kendrick,2003,6.8,19
226458,Backmask,Thriller|Horror,Marcus Nispel,Stephen Lang|Kelly Blatz|Brittany Curran|Gage Golightly|Nick Nicotera,2015,4.7,79
24055,The Puffy Chair,Drama|Comedy|Romance,Jay Duplass,Mark Duplass|Katie Aselton|Rhett Wilkins,2005,6.2,15
287625,Stories of Our Lives,Drama,Jim Chuchu,Louis Brooke|Allan Bryan Weku|Judy Gichohi|Kelly Gichohi|Olwenya Maina,2014,0.0,0
44990,Breaking Upwards,Comedy|Romance,Daryl Wein,Zoe Lister-Jones|Daryl Wein|Julie White|Andrea Martin|Peter Friedman,2009,5.6,12
86304,All Superheroes Must Die,Science Fiction|Thriller,Jason Trost,Jason Trost|Lucas Till|James Remar|Sophie Merkley|Nick Principe,2011,4.2,13
692,Pink Flamingos,Horror|Comedy|Crime,John Waters,Divine|David Lochary|Mary Vivian Pearce|Mink Stole|Danny Mills,1972,6.2,110
39851,Clean,Drama,Olivier Assayas,Maggie Cheung|Nick Nolte|Béatrice Dalle|Jeanne Balibar|Don McKellar,2004,6.7,17
13898,The Circle,Drama|Foreign,Jafar Panahi,Nargess Mamizadeh|Maryiam Palvin Almani|Mojgan Faramarzi|Elham Saboktakin|Monir Arab,2000,6.6,17
157185,Tin Can Man,Horror,Ivan Kavanagh,Michael Parle|Emma Eliza Regan|Patrick O'Donnell|Kreeta Taponen,2007,2.0,1
36095,Cure,Crime|Horror|Mystery|Thriller,Kiyoshi Kurosawa,Koji Yakusho|Masato Hagiwara|Tsuyoshi Ujiki|Anna Nakagawa|Yukijiro Hotaru,1997,7.4,63
182291,On The Downlow,Drama,Tadeo Garcia,Tony Sancho|Michael Cortez|Donato Cruz|Felipe Camacho|Carmen Cenko,2004,6.0,2
286939,Sanctuary: Quite a Conundrum,Thriller|Horror|Comedy,Thomas L. Phillips,Sasha Ramos|Erin Cline|Emily Rogers|Anthony Rutowicz|Joe Coffey,2012,0.0,0
124606,Bang,Drama,Ash Baron-Cohen,Darling Narita|Peter Greene|Michael Newland|Erik Schrody|Michael Artura,1995,6.0,1
14337,Primer,Science Fiction|Drama|Thriller,Shane Carruth,Shane Carruth|David Sullivan|Casey Gooden|Anand Upadhyaya|Carrie Crawford,2004,6.9,658
9367,El Mariachi,Action|Crime|Thriller,Robert Rodriguez,Carlos Gallardo|Jaime de Hoyos|Peter Marquardt|Reinol Martinez|Ramiro Gomez,1992,6.6,238
72766,Newlyweds,Comedy|Romance,Edward Burns,Edward Burns|Kerry Bishé|Marsha Dietlein|Caitlin Fitzgerald|Daniella Pineda,2011,5.9,5
231617,"Signed, Sealed, Delivered",Comedy|Drama|Romance|TV Movie,Scott Smith,Eric Mabius|Kristin Booth|Crystal Lowe|Geoff Gustafson|Benjamin Hollingsworth,2013,7.0,6
25975,My Date with Drew,Documentary,Brian Herzlinger,Drew Barrymore|Brian Herzlinger|Corey Feldman|Eric Roberts|Griffin Dunne,2005,6.3,16
